Job ID,Title,Company,Location,Posted Date,Date Posted ISO,Job URL,Description,Seniority Level,Employment Type,Job Function,Industries
4446671473,Creeler,Shaw Industries,"Sanquhar, Scotland, United Kingdom",4 days ago,2026-08-04,https://uk.linkedin.com/jobs/view/creeler-at-shaw-industries-4446671473,"Job Title
Creeler
Position Overview
Work Shift
8 hour day/night/back shift (nights being 4x10 hours Mon-Thur)
Shaw Industries is an equal opportunity employer as to all protected groups, including protected veterans and individuals with disabilities.
Show more
Show less",Not Applicable,Full-time,Other,Textile Manufacturing
4159606945,Spontaneous Application,Nadara,Greater Edinburgh Area,1 year ago,2025-02-21,https://uk.linkedin.com/jobs/view/spontaneous-application-at-nadara-4159606945,"R0000129 Spontaneous Application (Evergreen) (Open)
We’re Nadara. We work harmoniously with the power of nature and the communities around us to power lifetimes to come. We call our approach ‘living energy’.
We don’t just produce renewable energy, we live it – recognising our relationship with the people touched by our business and supporting social, educational, cultural, and environmental initiatives that contribute to the development of the communities we work alongside.
Discover more about our business here: https://nadara.com/about/
Nadara is an innovative place to work. We work in a stimulating and challenging environment, where every day we explore the unknown with curiosity, make decisions with quality and take action and deliver with courage. For us diversity is a real value, and we encourage in connecting different perspectives with respect.
Discover more about our culture and approach here: https://nadara.com/living-the-company/
Job Description Summary
No matter the Job description, no matter the skills, as a dynamic upbeat company we are always on the hunt for smart, highly motivated superstars who share our values, our mission and our vision.
Job Description
We are always on the lookout for
Enablers
of change.
We look for people willing to join a mission and not just a place of work.
We create opportunities to grow, we nurture and we celebrate the diversity of our employees.
Are you our next
enabler of change
?
If so, we want to hear from you. Don’t worry if we don’t have an exact position for you right now, we can create opportunities - all you need to do is send us your CV and we will do the rest.
This is your moment to become an Enabler!
If you’re thinking “I’m not sure how, but I wanna work here!” then click “Apply” and tell us the most important thing: who you are!
Recruiting Team
Location:
Milano - Martesana
Time Type
Worker Subtype:
Regular
Show more
Show less",Not Applicable,Full-time,Information Technology,Renewable Energy Power Generation
4421831175,🚀 Don't see your perfect role? Join our Talent Pool!,Wordsmith AI,"Edinburgh, Scotland, United Kingdom",2 months ago,2026-06-01,https://uk.linkedin.com/jobs/view/%F0%9F%9A%80-don-t-see-your-perfect-role%3F-join-our-talent-pool%21-at-wordsmith-ai-4421831175,"At Wordsmith AI, we are constantly pushing the boundaries of technology and innovation. Just because we don't have an open position that fits your exact toolkit today, doesn't mean we won't need your superpowers tomorrow.
If you are passionate about AI, love solving complex problems, and want to help shape the future Legal, we want to hear from you.
We review our speculative applications regularly. If a potential match pops up, our talent acquisition team will be in touch!
Show more
Show less",Not Applicable,Full-time,Human Resources,Legal Services
4418871854,Mobile Branch Colleague,Timpson Group,"Falkirk, Scotland, United Kingdom",2 months ago,2026-05-28,https://uk.linkedin.com/jobs/view/mobile-branch-colleague-at-timpson-group-4418871854,"mobile collegaue for Timpson Ltd, a Service Based Retail Company
Location: Covering the central belt of scotland
Job Type: Permanent Full time
Pay between: £29'640 OTE (+ uncapped Bonus )
Job description- Have you been looking for a new career after working in retail or hospitality? If so, an exciting opportunity has arisen to join Timpson, a successful high street service retailer. We are looking for people with great personalities who are experienced previous customer focused roles that are interested in trying something different, exciting and new.
We offer full training and support for all the services we provide so no experience is needed. Aspects of the role include key cutting, watch and mobile phone repairs, engraving, shoe repairs, photo processing, dry cleaning, and more. You will be running branches in multiple locations across the central belt including falkirk, stirling cumbernauld, bathgate and many more so driving and having a car is a must have.
Timpson offer excellent benefits including;
Free holiday homes
Achievable uncapped bonus
The day off for your birthday in addition to your holidays
Paid day off for a child's first day at school
Annual salary reviews
Regular social events
Excellent promotion prospects (we promote from within, so you can go as far as you wish. All of our most successful colleagues started the same way that you are!)
Our services are as diverse and interesting as our amazing colleagues, we recruit from all walks of life, all genders and ages, and offer the support needed to carry you through a successful and rewarding career. You generate the ""buzz"" of a busy, vibrant retail business and we show you how to excel!
Some of the things you need to start your new career are the drive to succeed, look smart and have a great personality with good communication skills. On joining, you will receive training in all our services plus management and customer service training.
40 hours over 5 days including weekends with some overtime available when trained.
We look forward to meeting you.
Show more
Show less",Not Applicable,Full-time,Other,Retail
4419442287,Talent Pool,MacTaggart Scott,"Loanhead, Scotland, United Kingdom",2 months ago,2026-05-26,https://uk.linkedin.com/jobs/view/talent-pool-at-mactaggart-scott-4419442287,"About Us
MacTaggart Scott primarily supports the Naval Defence industry, providing complete solutions to customer needs from analysis of initial customer requirements, to design and manufacture, and right through to commissioning and through life support. Established in 1898, we are proud of our history and tradition, but believe that sustainable competitive advantage can only be achieved through continuous improvement, investment, and a commitment to business excellence at every level within the company.
Thank you for visiting our careers site!
This is an open forum for you to send us your CV.
We have new roles coming up almost every week if you don't see the one that's right for you at the moment send us your CV and let us know what sort of role you would like!
Requirements
N/A
Benefits
Free onsite parking
Company pension
Cycle to work scheme
Employee discount
Free flu jabs
Health & wellbeing programme
Life insurance
Sick pay
Show more
Show less",Not Applicable,Full-time,Other,IT Services and IT Consulting
4449109491,Valeter,Arnold Clark,"Kilmarnock, Scotland, United Kingdom",4 days ago,2026-08-05,https://uk.linkedin.com/jobs/view/valeter-at-arnold-clark-4449109491,"We are looking for an enthusiastic and motivated Valeter to join our Citroen branch in Kilmarnock.
We Offer
Up to £33,500 on target earnings
33 days’ holiday allowance with room to grow
Generous retail discounts
Private healthcare
Simplyhealth – all employees have access to a GP 24/7 and can claim money back on medical and dental treatments
Pension scheme
Maternity and paternity packages
Opportunities for training and progression
And much more…
Hours
Full time: Monday - Thursday 8am - 5.30pm, Friday 8am - 4.30pm and alternate Saturdays 8am - 12pm
About The Role
As an Arnold Clark Valeter, you’ll be responsible for ensuring all our vehicles are presented in sparkling condition.
This position will be a perfect fit for someone who enjoys working in an active, physical role, has meticulous attention to detail and is a fantastic team player.
Day-to-day duties
Cleaning sold and stock vehicles to a high standard
Cleaning vehicles externally with a high-powered pressure washer
Using a high-powered vacuum to clean and shampoo vehicle interiors
Working with a polishing/buffing machine to enhance bodywork
Complying with health and safety procedures while working with chemicals
Making sure that all equipment and machinery is properly maintained and secure at all times, reporting any defects and complying with manufacturers’ instructions and PPE recommendations
Working to set timeframes and targets
Using an online diary system to manage vehicle schedule
Completing a daily record of work completed
Other duties to support the branch as required
Essential Skills
Full UK driving licence.
Basic computer skills.
High level of attention to detail.
Self-motivation with the ability to work as part of a team.
The ability to multi-task.
Willingness to participate in training programmes.
Valet experience is preferred but not essential, training can be provided for a candidate who demonstrates a high level of enthusiasm and the other required criteria. Arnold Clark also operates a Valet Academy which all new valet staff will attend.
Our Culture
Arnold Clark is committed to creating a diverse and inclusive workplace. We strive to create an environment where collaboration, unique perspectives and multiple approaches are celebrated. We care about our employees and our communities, we nurture talent and encourage ambition, and we are passionate about people who take pride in their work. Our employees are at the heart of everything we do – diverse in our make-up, united in our goals.
To find out more about Life at Arnold Clark , visit our website.
Employment within the Arnold Clark Group is offered subject to satisfactory reference and disclosure check.
Show more
Show less",Not Applicable,Full-time,Other,"Motor Vehicle Manufacturing, Hospitality, and Retail"
4445255616,Valeter,Park's Motor Group,"Stirling, Scotland, United Kingdom",2 weeks ago,2026-07-24,https://uk.linkedin.com/jobs/view/valeter-at-park-s-motor-group-4445255616,"Location:
Stirling
Franchise:
BMW
Due to business growth Douglas Park BMW is seeking to appoint an enthusiastic and experienced valeter to join their highly successful BMW Stirling franchise.
If you are self-motivated and can offer excellent customer service, then we can offer you an opportunity to join our team.
To be successful you will...
✔ Have a full clean driving licence (preferable).
✔ Have the ability to meet tight deadlines.
✔ Be able to work consistently with high standards.
✔ Be able to deal with customer queries in a courteous and helpful manner.
✔ Be reliable and have a pleasant manner.
✔ Be familiar with modern cleaning techniques.
For You
As a Park's Motor Group employee you will receive:
✔ Access to the Company Pension Scheme
✔ Colleague Introductory Scheme
✔ Industry leading discounts on purchases on new and used cars
✔ Death in service benefit
For You And Your Family
✔ Discounted Servicing
✔ Subsidised car purchase scheme
✔ Employee Assistance Programme
✔ 24/7 remote GP
✔ Medical second opinions
✔ Unlimited mental health support
✔ Physiotherapy help and advice
✔ Savings and discounts on shopping
✔ Financial and legal support
✔ Wellbeing assistance
We are looking for an individual with the right attitude, good communication skills and the drive to succeed in this highly competitive market.
If you feel you meet our criteria, then we want to hear from you!
Show more
Show less",Not Applicable,Full-time,Other,Automotive
4267603564,Speculative Application Barony,EGGER Group,"Auchinleck, Scotland, United Kingdom",5 days ago,2026-08-04,https://uk.linkedin.com/jobs/view/speculative-application-barony-at-egger-group-4267603564,"City:
Auchinleck (UK)
Contract Type:
Full-time
Job-Code:
5539
Department:
Based in East Ayrshire our Barony plant forms part of a global family owned business. We manufacture wood based panels and sell into various markets...kitchens, bedrooms and bathrooms being our most successful.
Why EGGER?
We offer stability, progression, innovation, and inclusion. We focus on the environment, ensuring the sustainability of our raw materials, practising a 'closed-loop' recycling model.
What’s behind a product like your kitchen counter tops? The answer lies in over 60 years of innovation and expericence at EGGER. This is how we provide wood products for furniture and interior design, construction and also laminate flooring.
More than 11,000 employees in 21 plants work with passion, upholding our family values and innovative spirit. This is how we create products for furniture, interior design, construction as well as laminate flooring. We keep moving and are always developing – manufacturing new products, tapping into emerging markets and generating exciting prospects for everyone that works with us.
We place great importance on the development of our employees and support them with numerous programs as part of our EGGER Campus. These programs equip our employees to work towards our common goal: To make more from wood.
Please make your speculative application here for roles at our Barony plant, Auchinleck, East Ayrshire. (upload a Cover letter as well and tell us the type of work you want to do!).
Your Chances And Benefits
Learning and Development
Health and Wellbeing Management
Company Pension Scheme
Christmas Gift and Bonus
Environmental and Sustainable
Global Business
Your Contact
Samuel Christer, HR, T 01290 427 406
About EGGER
We create more from wood. With approximately 12.000 employees worldwide who work with passion, upholding our family values and innovative spirit. This is how we create products for furniture, interior design, construction as well as laminate flooring. We keep moving and are always developing – manufacturing new products, tapping into emerging markets and generating exciting prospects for everyone that works with us.
Show more
Show less",Not Applicable,Full-time,Information Technology,Wood Product Manufacturing
4446898911,Traffic Management Operative,Sunbelt Rentals UK & Ireland,"Kilmarnock, Scotland, United Kingdom",1 week ago,2026-07-30,https://uk.linkedin.com/jobs/view/traffic-management-operative-at-sunbelt-rentals-uk-ireland-4446898911,"About The Role
Traffic Operative –Kilmarnock
Do you enjoy working outdoors in a hands-on job as part of a team and take pride in delivering a great service?
As a Traffic Operative it will be your job to visit sites and help set up traffic management schemes and deal with ongoing traffic issues.
What You’ll Receive
Basic Pay rate from £31,473
Weekend and bank holiday rates
Overtime paid up to 1.5
45 hours per week + OT available
Permanent role guaranteed
Full training & PPE provided
Career Progression System
Excellent Pension Scheme
Generous holiday allowance and the chance to buy or sell 5 days
Responsibilities
Delivery and installation of traffic management equipment to customer sites, in line with Sunbelt Rentals standards and legal guidelines
Ensuring customers are coached on the correct use of equipment and can operate safely
Checking all returned traffic management equipment and completing relevant supporting documentation
Maintaining traffic equipment and carrying out repairs
Working outdoors in all weather conditions
Able to follow instructions and procedures and complete documentation accurately, predominantly using an electronic device
With a positive, friendly approach, you’ll be able to communicate effectively with customers and the public.
Location: Kilmarnock- You can live anywhere across the region – our depots cover large areas. Compliance with working time directive and domestic driving hours
About You
We welcome all applications to discover the best potential for our roles, prior experience in Traffic Management isn’t essential, full training will be provided.
What We Are Looking For
Full UK manual driving licence
Reliable and self-motivated with commitment to Health and Safety
A flexible approach to working hours
Driven to learn and develop your skills and knowledge
Benefits
At Sunbelt Rentals we’re proud to offer our colleagues an excellent benefits package, as a Traffic Management Operative you’ll be able to enjoy all of the benefits above as well as:
Employee discounts
Employee Assistance Programme
Health Care Cash Plan
Volunteering Days: Paid days off available each year to support a charity of your choice
Discounted Gym Membership
Monthly Recognition Awards
Cycle to Work Scheme
About Us
Why Sunbelt?
Whether it's construction sites, energy projects, government initiatives, or unforgettable events, Sunbelt Rentals deliver the equipment and expertise to move every industry forward. With our ambition to an employer of choice this makes Sunbelt Rentals an ideal destination for your next career move.
We are committed to the fair treatment of our staff, potential staff, and users of our services, regardless of race, gender, religion, sexual orientation, responsibilities for dependants, age, physical/mental disability, or offending background.
Having a criminal record will not automatically bar an individual from working with us. We judge each case on its own merits, taking into account the relevance of the conviction to the role, the circumstances, and the time passed since the offence.
#TMO2024
Show more
Show less",Not Applicable,Full-time,"Project Management, Other, and Engineering",Construction
4449079946,Valeter,Park's Motor Group,"North Ayrshire, Scotland, United Kingdom",4 weeks ago,2026-07-10,https://uk.linkedin.com/jobs/view/valeter-at-park-s-motor-group-4449079946,"Valeters Wanted
Location:
Ayr
Franchise:
Ford
We are seeking enthusiastic and experienced
Valeters
to join our brand Ford retail facility in Ayr.
If you are self-motivated and can offer excellent customer service, then we can offer you an opportunity to join our team.
To be successful you will...
✔ Have a full clean driving licence (preferable).
✔ Have the ability to meet tight deadlines.Be able to work consistently with high standards.
✔ Be reliable and have a pleasant manner.
✔ Be familiar with modern cleaning techniques.
For You
As a Park's Motor Group employee you will receive:
✔ Access to the Company Pension Scheme
✔ Colleague Introductory Scheme
✔ Industry leading discounts on purchases on new and used cars
✔ Death in service benefit
For You And Your Family
✔ Discounted Servicing
✔ Subsidised car purchase scheme
✔ Employee Assistance Programme
✔ 24/7 remote GP
✔ Medical second opinions
✔ Unlimited mental health support
✔ Physiotherapy help and advice
✔ Savings and discounts on shopping
✔ Financial and legal support
✔ Wellbeing assistance
We are looking for an individual with the right attitude, good communication skills and the drive to succeed in this highly competitive market.
If you feel you meet our criteria, then we want to hear from you!
Show more
Show less",Not Applicable,Full-time,Other,Automotive
4428114585,Dispensing Optician,Boots UK,"Stirling, Scotland, United Kingdom",1 month ago,2026-06-12,https://uk.linkedin.com/jobs/view/dispensing-optician-at-boots-uk-4428114585,"What You’ll Be Doing
As a qualified Dispensing Optician, you will be providing a high level of customer care and expert advice to make a real difference to our customers and keep them coming back. You will work in one of our stores, reporting to the Store Manager.
Key Responsibilities
Providing clinical support in store for regulated dispensing
Inspiring your Optical team by sharing your knowledge to offer the very best service.
Listening to the needs of customers and offer expertise and advice.
Helping our customers to choose the correct eyewear and offer guidance to ensure our customers receive the best product suited to their needs.
Supporting the team to deliver an efficient model day and operational processes to ensure that the business trades legally.
Providing expert knowledge for patients with more specialist requirements.
What You’ll Need To Have (our Must-haves)
Registered with the General Optical Council (GOC)
Passion for your own learning and development, completing all CPD training as part of the GOC requirement.
It would be great if you also have
Ability to embrace new technologies
Where your brilliance can take you
At Boots Opticians, your clinical career can go in many directions – from clinician and non-clinical leadership roles to even owning your own Boots Opticians store through our Franchise Academy. Whatever path you choose, we’ll help you get there.
Rewards designed for you
Boots Retirement Savings Plan
Discretionary annual bonus
Generous employee discounts
Enhanced maternity/paternity/adoption leave pay and gift card for anyone expecting or adopting a child
Flexible benefits scheme including option to buy additional holiday, discounted gym membership, life assurance, activity passes and much more.
Access to free, 24/7 counselling and support through TELUS Health, our Employee Assistance Programme.
There’s lots more in our benefits and discounts, MyBoosts – there to give you that little lift in your everyday. Find out more at http://boots.jobs/rewards. Exclusions may apply; eligible roles only. Please note that any salary estimates provided on third-party sites are not endorsed by Boots Opticians and may not be accurate.
A Bit About Us
At Boots Opticians, we help everyone see what’s possible, from our customers to our colleagues. We’re a proud equal opportunity employer, and the diversity of our colleagues is so important to us, as we create a positive and inclusive workplace for everyone who steps through the door. With a supportive team and trusted brand behind you, join us, and be brilliant with Boots.
What’s next?
If you apply, our team will be in touch to let you know the outcome of your application or to arrange next steps. Where a role is advertised as full-time, we are open to discussing part-time and job share options. If you require additional support as part of the application and interview process, we are happy to provide reasonable adjustments to help you be at your best.
This role requires the successful candidate to complete a pre-employment check after receiving an offer. Depending on your location, you will be asked to submit either a DBS (Disclosure & Barring Service), PVG (Protection of Vulnerable Groups) or an Access NI Check.
Boots is a Ban the Box employer and will consider the suitability of applicants with criminal convictions on a case-by-case basis.
We hope to hear from you soon.
Be brilliant with Boots.
Show more
Show less",Not Applicable,Full-time,Health Care Provider,Retail
4446662224,Yard Operative - Full Time,Farmfoods,"Cumbernauld, Scotland, United Kingdom",5 days ago,2026-08-04,https://uk.linkedin.com/jobs/view/yard-operative-full-time-at-farmfoods-4446662224,"We are offering a permanent full time Yard Operative position at our distribution centre in Cumbernauld, North Lanarkshire.
Hours: 37.5 hours across 5 days per week.
Pay: £13.69 - £14.85 per hour.
Benefits: 6 weeks holiday, 15% staff discount, staff benefits package, and more!
We offer a permanent full time position and have a variety of shift patterns available working 5 days from 7 each week, including at least one weekend day.
Shift pattern available:
Late shift: From 14:00 to 22:00
Pay, working hours & benefits:
We offer an hourly pay rate of £13.69 per hour for day shifts (£10.90 if you are under 21) and £14.85 per hour for afternoon, late and night shifts (£12.35 if you are under 21).
In addition to your pay you will also benefit from:
6 weeks annual leave (pro rata).
Full training provided.
Free canteen facilities.
15% staff discount to use in any of our 300+ shops on a great range of food and household essentials.
A smart uniform and all PPE provided at no cost to you.
Free life assurance.
Workplace pension.
As one of our Yard Operatives you will:
Washing of the trailers and cleaning the HGV's.
Sweep and clean yard to ensure it is free from litter, debris and standing water.
Gritting the yard during the winter months.
Complete any other cleaning within the yard / warehouse as requested.
Conduct general yard maintenance.
Use a counterbalance to move and stack empty pallets.
Work within the health and safety requirements of the site.
You will need:
To be physically fit as this is a demanding role.
A friendly, positive, hard working approach to work.
We welcome applications from Army, Navy and Royal Air Force service leavers and veterans into our distribution operations.
A bit about us:
Farmfoods are a family business with ambition. We pride ourselves on offering our customers great value, quality products from clean and tidy shops with the friendliest team in retail.
We aim to offer sensational value to customers on a great range of everyday family oriented goods. We back up our sensational value with a focus on delivering an ‘old fashioned’, genuine and friendly customer experience.
Show more
Show less",Not Applicable,Full-time,Other,Retail
4389490900,Trolley Collector,ABM UK,"Edinburgh, Scotland, United Kingdom",4 months ago,2026-03-24,https://uk.linkedin.com/jobs/view/trolley-collector-at-abm-uk-4389490900,"LOCATION: Gyle Shopping Centre
SHIFT PATTERN: 5 days over 7, 40 hours per week
PAY RATE: £12.71 per hour
If you require any additional support or adjustments during the recruitment process, please don't hesitate to contact our Recruitment Department at recruitment@abm.com. We're here to help!
Gyle shopping centre is one of Edinburgh's prestige a retail outlet which benefits from easy commuting. From Edinburgh city centre and surrounding area, it offers free parking. And discounted benefits from certain retailers. As part of ABM Cleaning Team, you will also benefit from uniform with an annual refresh access to Lifeworks employee benefits scheme. Its also offers Employee Assistance programme which boosts 24/7 365 independent support for all colleagues.
Maintain the high standards at Gyle shopping Centre and be proactive and deal with issues as you see or are made aware of them, this includes the car park, service areas and walkways.
Assist customers & Retailers when required
Assist in an emergency situations
To retrieve trolleys from the car park and transfer to trolleys bays
Ensure that the Trolley Bays are kept clean and free from rubbish
Attend to any external duties and other reasonable associated tasks within the carpark area and any other areas as directed by the ABM nominated supervisors and managers
To be flexible and responsive to changing daily priorities fulfilling requirements
To be knowledgeable of all Trolleys, collection related tasks, so that at the commencement of the shift current scheduled activity is supported, without the need for specific direction
Required Skills And Experience
Sound communications skills
Clean Driving License - non essential
Demonstrate initiative in the absence of supervision, accepting responsibility
Knowledge of safety regulations, buildings codes and other compliance policies
Executing duties in a manner which minimises the incidents and accidents within your department
The staff member must be available throughout the duration of the designated shift
Qualifications
Training will provided
Tool box talks
Benefits
We're proud to offer a great range of benefits including:
24/7 GP: Both you and your immediate family can speak to a UK-based GP from the comfort of your own home
Mental Health support and Life Event Counseling
Get Fit Programme
Financial and legal support
Cycle to work scheme
Access Perks at Work, our innovative employee app where you can find:
Perks: discounts, gift cards, cashback, and exclusive offers
Life: Search for resources and tools on topics ranging from family and life to health, money and work
Support: Online chat or telephone service for urgent support in a crisis
For More Information About ABM's Benefits, Visit Our
About ABM:
ABM (NYSE: ABM) is one of the world's largest providers of integrated facility, engineering, and infrastructure solutions. Every day, over 100,000 team members deliver essential services that make spaces cleaner, safer, and efficient, enhancing the overall occupant experience.
ABM serves a wide range of market sectors including commercial real estate, aviation, mission critical, and manufacturing and distribution. With over $8 billion in annual revenue and a blue-chip client base, ABM delivers innovative technologies and sustainable solutions that enhance facilities and empower clients to achieve their goals. Committed to creating smarter, more connected spaces, ABM is investing in the future to meet evolving challenges and build a healthier, thriving world. ABM: Driving possibility, together.
For more information, visit .
ABM are committed to employment practices that promote diversity and inclusion in employment regardless of age, disability, gender reassignment, sex, marriage and civil partnership status, pregnancy and maternity status, race, religion or belief. We are proud members of the Armed Forces Covenant Employer Recognition Scheme.
Show more
Show less",Not Applicable,Full-time,Other,IT Services and IT Consulting
4450386130,Traffic Management Operative,UDP,"Bonnybridge, Scotland, United Kingdom",1 day ago,2026-08-07,https://uk.linkedin.com/jobs/view/traffic-management-operative-at-udp-4450386130,"Join our team as a Traffic Management Operative!
Location:
Bonnybridge FK4 2AQ
Must hold a full driving licence (no more than 6 points) to be eligible for this role
""We welcome applications from women, veterans and individuals with disabilities. In alignment with our commitment to inclusive recruitment practices, we guarantee an interview to all applicants who meet the core criteria for the role.""
Ready to join Scotland's leading provider of traffic management services? Are you ready to be part of a dynamic team where your skills and dedication will be valued and rewarded?
We offer three flexible shift patterns designed to support a healthy balance between your work commitments and personal life. These can be a combination of days and nights.
12 days on 2 days off (work 12 days, weekend off and continue)
6 days on 1 day off
Part-time over 4 days, shift patterns of Sat-Tue or Thurs-Sun
We also have vacancies for high-speed operatives, which involve night shifts. These roles require a 12AB Lantra qualification.
Benefits
There has never been a better time to join than now! As part of being a Class One Traffic Management Operative, you will be entitled to:
Job Security: Scotland's leading TM company providing job security with guaranteed hours and overtime opportunities
Night Owls Rejoice: Nights paid at 1 and 1/4, Saturday & Sundays paid at 1 and 1/2
Drive in Style: Company Van once T1/T2 qualified
Relax and Recharge: 22 days holiday plus 6 Bank Holidays
Health and Wellbeing: Life Assurance with 24/7 GP appointments, free physio and counselling for you and your family
Bonus Perks: Earn a little extra with a Loyalty Bonus and Refer a Friend Bonus (T&Cs apply)
Complimentary Training: We offer free training with an agreement that allows us to recover training costs if an employee leaves within 24 months
About Us
Class One Traffic Management has been keeping Scotland's road workers and road users safe for over 30 years. We provide professional traffic management services across various sectors, including Highways, Local Authorities, Utilities, Rail, and Events. Our commitment to safety, efficiency, and customer service sets us apart as the leading provider in Scotland.
Role Overview
Responsibilities
As a Traffic Management Operative, you'll play a crucial role in ensuring safe and efficient traffic flow on highways and construction sites. Your responsibilities will include:
Setting up and maintaining traffic management systems
Safely directing traffic during roadworks, events, and emergencies
Collaborating with colleagues and clients to ensure smooth operations
Upholding our people-first culture and contributing to our fresh cultural change programme
Requirements for Traffic Management Operative
Eligibility to work in the UK
Flexibility to work shift patterns as stated above
Full UK Driving Licence with no more than 6 points and held for more than 10 months
Within 40 minutes driving distance from depot
Valid traffic management qualifications (e.g. Lantra 12AB, 12D M1/M2, or Unit 2) desirable but not essential
Ready to make a difference?
Join us at Class One Traffic Management as a
Traffic Management Operative
and be part of a team that values your contributions and supports your growth. Apply today and embark on an exciting career journey with us. We can't wait to welcome you aboard!
All offers of employment are contingent upon the successful completion of drug and alcohol screening, as well as any required medical assessments. We appreciate your understanding as these steps help ensure a safe and healthy workplace for everyone.
Class One TM recognises that a diverse workforce, encompassing a broad spectrum of people, skills, and cultural backgrounds, enhances the quality and breadth of perspectives, insights, and experiences within the organisation. In line with this belief, we are firmly committed to being an equal opportunity employer, upholding the principles of diversity and inclusion, and opposing all forms of unlawful and unfair discrimination. Should you require any reasonable adjustments to support you during the recruitment process, we encourage you to inform us so that appropriate arrangements can be made.
INDTMO
Show more
Show less",Not Applicable,Part-time,Other,Civil Engineering
4439869512,Valeter - Livingston,Assured Group,"Livingston, Scotland, United Kingdom",3 weeks ago,2026-07-14,https://uk.linkedin.com/jobs/view/valeter-livingston-at-assured-group-4439869512,"We are pleased to confirm that we have an opening available to become part of the client. The Assured Group are proud to continue their working relationship as preferred outsource Vehicle Cleaner / Driver supplier for our client. We are currently recruiting for multiple Vehicle Valeter’s  on behalf of The Assured Group.
In this role, you will be primarily based as an on-site Valeter, with some driving responsibilities. You will be responsible for carrying out the tasks as listed below, whilst ensuring you provide an exceptionally high level of customer service – as Driver / Valeters are often the initial and final point of contact for customers.
Main Duties and Responsibilities of the
Vehicle Valeter:
Valet, clean and detail the interior and exterior of vehicles to a high standard
Deliver and collect a variety of vehicles in accordance with the category of your license entitlement
Ensuring the necessary handover paperwork is completed thoroughly and accurately
Conduct a thorough inspection of vehicles upon delivery and collection, note all relevant findings with regards to damage, defects and faults of said vehicle – and ensure these findings are agreed and signed off by the customer
Adhere to; and promote health and safety protocols and policies to ensure your safety, and the safety of those around you
Qualification and Experience of Vehicle Valeter:
Full UK Driving License that you have held for longer than 1 year – with no more than 6 points
Experience is preferred, however full training will be provided
Skills Requirements of the
Vehicle Valeter:
Customer service skills
Organisational skills
Punctual and reliable demeanour
Positive attitude with an excellent work ethic
Ability to work flexible hours, including Saturdays if requested
Shift / Hours: Will be discussed at Interview Stage
Type:
Will be discussed at Interview Stage
Pay Rate: Will be discussed at Interview Stage
If you are interested in finding out more about what opportunities we can offer you, please reach out to us today and join the team.
For more information, please call us on +44 1926 834 637.
We look forward to hearing from you
Show more
Show less",Not Applicable,Full-time,Other,"Transportation, Logistics, Supply Chain and Storage"
4444172591,Floor & Bar Team Member,Buzzworks Holdings,"Kilmarnock, Scotland, United Kingdom",1 week ago,2026-07-29,https://uk.linkedin.com/jobs/view/floor-bar-team-member-at-buzzworks-holdings-4444172591,"At Buzzworks, we’re more than just a hospitality group; we’re a community. With 22 venues (and counting), we’re a people-focused business that brings positive energy and exceptional experiences to every town, city, and suburb we serve. If you're passionate about great food, great people, and creating memorable moments, you’ll feel right at home with us.
The Buzz:
Flexible working - shifts that work around your life
Training & Development, we support your journey.
Stream App - access to pay. retail discounts and great savings
Top 100 Best Companies to work for
40% staff discount across all Buzzworks venues
Internal progression opportunities, we promote from within
Extra holidays after 1, 3, and 5 years' service
Wellbeing support - Employee Assistance, wellness hub, discounted gym.
The Works:
As a Floor & Bar Team Member, you will love to meet new people and work as part of a team within a fast-paced environment. You will learn skills that will set you up for your future success, whether you continue your hospitality journey or go on to your dream job. Life experiences are what we do best. Communication, teamwork, organisational, and problem-solving skills are all part of the training, so apply now to start the journey!
Buzzworks is an equal opportunity employer. We believe in an equitable and inclusive work environment and a diverse, empowered team are key to achieving our aim to make people feel great through hospitality.
Show more
Show less",Not Applicable,Full-time,Management and Manufacturing,Restaurants
4450372736,kitchen porter,wagamama,"Livingston, Scotland, United Kingdom",1 day ago,2026-08-07,https://uk.linkedin.com/jobs/view/kitchen-porter-at-wagamama-4450372736,"kitchen porter |
full time
at wagamama, food is life. our kitchens are all about fresh food, prioritising good ingredients and serving dishes that are made to order every time. as a kitchen porter, you’re the backbone of the kitchen - keeping everything clean, organised, and running smoothly so the team can focus on cooking up bold flavours
what you’ll be doing
keeping the kitchen sparkling clean and ready for action
washing pots, pans and equipment so chefs can keep cooking
restocking cleaning supplies and flagging when we’re running low
jumping in to help with basic prep when needed
following health and safety standards to keep yourself and the team safe
you’ll love this role if you...
have a genuine passion for fresh food
love the idea of growing into a kitchen team member
like buzzing environments, keeping organised and have excellent attention to detail
foster a positive, inclusive work environment and empower others to thrive through training and personal growth opportunities
what you’ll get
a culture that backs your growth, wellbeing and individuality
biweekly pay and a share of tips
50% off for friends and family
free meals on shift
early access to earned pay with wagestream
26 weeks full pay and 13 weeks half pay for new parents
30% off at other TRG brands (brunning & price pubs, barburrito and more)
fresh clean uniform provided by us for each shift
in addition to this, we offer the usual benefits such as pension scheme, holiday, training, cycle to work scheme, retail and leisure discounts, discounted gym memberships and long service awards
apply today
and take a seat at the bench
we’re proud to be a disability confident employer. no matter where you’re from or who you are, you’ve got a seat at our bench
Show more
Show less",Mid-Senior level,Full-time,Management and Manufacturing,Restaurants
4438765317,Porsche Valeter,Sytner Group,"Edinburgh, Scotland, United Kingdom",1 month ago,2026-06-25,https://uk.linkedin.com/jobs/view/porsche-valeter-at-sytner-group-4438765317,"About The Role
Porsche Centre Edinburgh currently has a great opportunity available for a Valeter to join our talented team.
As a Sytner Valeter, you will be responsible for all aspects of vehicle valeting, including prepping and cleaning customer's vehicles to a high standard. You will also ensure that all vehicles are presented in pristine condition and that faults are picked up on prior to the vehicle being handed over to the customer.
You will also maintain high standards of housekeeping within your working area.
Sytner Valeters work a variety of flexible patterns which can typically include weekends to ensure we provide our customers with the highest possible levels of service.
About You
Don't worry if you do not have previous experience, as full training will be given to the right candidate. We are looking for someone who has a fantastic attitude and behaviour, and who is passionate about delivering excellent customer service.
Ideally, you will have fantastic attention to detail and be committed to delivering the very best quality and standards for our customers. We are looking for a hardworking individual, who is a reliable team player with a flexible approach that is needed to work well within a busy environment.
When applying for this role please consider that we require candidates to have previous experience in a Valeting position as a minimum requirement for this role
Why Sytner?
Sytner Group are delighted to provide an industry-leading benefits package.
We are passionate about continuous improvement and building an environment where everyone feels valued, appreciated and able to reach their full potential.
Enhanced Holiday Entitlement – 33 days inc. bank holidays
Industry-leading Maternity, Paternity and Adoption Pay
Career Development
Recognition of Long Service every 5 years
Discounted Car Schemes
High Street Discounts
Discounted Gym memberships
Cycle to work scheme
One day a year paid voluntary / community work
At Sytner, our values and the way we behave are important to us. We are committed to creating an equitable working environment where we value and respect every individual's unique contribution, supporting our colleagues to thrive and achieve their full potential.
As part of our commitment to Diversity and Inclusion, you have the right to ask for changes / adjustments to job interviews and the recruitment process. For more information around reasonable adjustments and the recruitment process please click here.
Unsure? Read on…
We represent over 23 of the world's most prestige vehicle brands, across our 140 UK dealerships.
We pride ourselves on ‘Developing Talent and ‘Building Careers’ and our colleagues recently scored Sytner Group an outstanding 89% on our colleague engagement survey.
Apply Now
Close map
Location
Porsche Centre Edinburgh
Fort Kinnaird, Edinburgh, United Kingdom, EH15 3HR
Loading...
Open In Google Maps
Show more
Show less",Not Applicable,Full-time,Other,Retail Motor Vehicles
4400780659,Roadside Rescue Patrol - Edinburgh,The AA,"North Ayrshire, Scotland, United Kingdom",1 week ago,2026-07-30,https://uk.linkedin.com/jobs/view/roadside-rescue-patrol-edinburgh-at-the-aa-4400780659,"This is the job
Feel like your current job’s going nowhere fast? Shift gears with The AA.
Our commitment to you
Guaranteed year 1 earnings of
£40,387
inclusive of location allowance with OTE up to
£60,000
based on top performers
Shifts:
As a patrol you will work on average 40 hour week with a variety of shift pattern options available, you have the flexibility to choose a schedule that best suits your personal and professional needs. The number of rest days you enjoy each year, as well as the length of your shift will vary based on the shift pattern you select.
As our Roadside Rescue Mechanic, you’ll go the extra mile for our members. Anything can happen whilst driving, but we are the AA and we get everyone back on the road safely so the show can go on. More importantly you’ll be the friendly face of the UK’s largest motoring organisation. To our members, you’re the superhero. Ready for anything, you’ll be there for them, anytime, anywhere and in any weather. You’ll get their day moving again, forging confidence for drivers now and for the future.
What will I be doing?
Starting and finishing on your driveway paid from the moment you get in your van to the moment you get home.
Working independently across varied locations and conditions, while remaining a valued part of a supportive team.
Using your technical knowledge and clear communication to help ensure a positive customer experience.
Solving problems on the spot, using your technical skills and calm approach to handle a wide range of roadside situations.
Wh
at do I need?
NVQ3 in Vehicle Maintenance and Repair, or equivalent qualifications with appropriate experience
It’s essential that you have a full category B driving licence, with 6 points or less
Confidence using and adapting to new technology we’ll provide the tools, you bring the curiosity.
Flexibility to work shift patterns, including evenings, weekends, and Bank Holidays because breakdowns don’t stick to a schedule.
Additional information
Benefits
We’re always looking to recognise and reward our employees for the work they do. As a valued member of The AA team, you’ll have access to a range of benefits including:
Each year, choose your standby hours preferences to suit your lifestyle and work life balance
23 days annual leave (increases with service) + holiday buying scheme
Worksave pension scheme with up to 7% employer contribution
Free AA breakdown membership from Day 1 plus 50% discount for family and friends
Discounts on AA products including car and home insurance
Employee discount scheme that gives you access to a car salary sacrifice scheme plus great discounts on healthcare, shopping, holidays and more
Company funded life assurance
Diverse learning and development opportunities to support you to progress in your career
Dedicated Employee Assistance Programme and a 24/7 remote GP service for you and your family
Plus, so much more!
We’re proud to be an inclusive employer and welcome people from all backgrounds. At The AA, you’re encouraged to be yourself, thrive in your role and feel like you truly belong.
To apply, simply complete our short online application. If successful, we’ll invite you to an online interview and carry out standard pre-employment checks, including references, credit and criminal record screening.
Ready for anything? Apply Today
Show more
Show less",Not Applicable,Internship,Other,"Motor Vehicle Manufacturing, Financial Services, and Insurance"
4447292539,Estimator,RFM,"Stirling, Scotland, United Kingdom",1 week ago,2026-07-31,https://uk.linkedin.com/jobs/view/estimator-at-rfm-4447292539,"Some see what’s behind them. We see what’s beyond.
Job Role:
Estimator
Location
: Robertson House, Stirling
Contract:
Full time, Permanent
Relocation Package available for the right candidate
Relationships. Results. Success. At Robertson Facilities Management, we see them our way. We’re professional enough to make every collaboration count. Driven enough to deliver the very best service to everyone we work with. Friendly enough to make sure any environment we manage is as enjoyable as it is safe. Join us and you’ll join the UK’s largest family-owned construction, infrastructure and support services businesses. And as a Estimator, you’ll be part of a team that’s doing incredible things – for ourselves, for the partners we work with, and for a truly sustainable future.
What you’ll do:
Review invitation to tender (ITT) documents and specifications to understand client requirements.
Assess the scope for hard services (e.g. M&E, fabric maintenance), soft services (e.g. cleaning, security, catering), or total FM (integrated).
Collaborate with bid teams and senior management to develop a winning strategy and approach.
Prepare accurate cost estimates, based on subcontractor quotes, and self-delivery rates
Factor in lifecycle costing, possible year-on-year savings, staffing models, and risk contingencies.
Obtain and analyse subcontractor and supplier quotes for specialist services.
Ensure quotes are aligned with the tender requirements and value for money.
Define and cost labour requirements, shift patterns, and productivity rates for service delivery.
Work with operational teams to validate assumptions and delivery models.
Ensure tenders comply with legal, health and safety, and environmental regulations.
Identify and quantify risks (e.g., inflation, TUPE, paymech)
Work closely with bid managers, business development, and technical experts to align pricing with the written submission.
Participate in bid reviews, pricing validations, and governance processes.
Use data and insights from previous bids, industry benchmarks, and FM market trends to inform pricing strategy
Support bid presentations, attend client meetings, and respond to clarification questions post-submission
What you’ll need:
Degree level in relevant Facilities Management related discipline preferred or 2 years’ experience in a similar role.
Experienced in the Facilities Management Sector
Highly customer-focused focused both internal and external
Excellent communication skills with the skill and ability to present to the board of directors
Must have an exceptional understanding of SFG20
Who we’re looking for:
The role of an estimator is critical in preparing competitive, accurate and compliant bids for all FM tenders. The main responsibilities require a blend of technical, commercial and project management skills as well as a clear understanding of pricing to industry standards.
Working the Robertson Way
Joining us isn’t just about seeing things our way. It’s also about working the Robertson Way too, by bringing our 5 guiding principles to life. Here’s what that means…
We listen
Listening enables us to work positively and collaboratively, and gives customers, partners and colleagues the assurance that their voices are always heard.
We are professional
Our mix of prudence and diligence, care and attention to detail means that our customers have certainty and assurance in everything we do and trust us to deliver.
We take responsibility
Each of us is accountable for what we do. From the smallest detail to team safety and caring for our communities and the environment, we know that everything matters.
We are determined to succeed
Every challenge is an opportunity. We work collaboratively and focus on safety, productivity and quality to find solutions we can be proud of and that provide a positive, lasting benefit.
We are one team
We work as one - in our teams and partnerships, and with our customers. We respect each contribution, and everyone stands up to be counted. We are Team Robertson.
What’s in it for you?
In addition to the hourly rate, we offer a wide range of rewards and benefits:
33 days annual leave (pro rata for part time positions)
Private pension
Life assurance
Cycle to Work scheme
Rewards platform for discounts with retailers, supermarkets, restaurants and more
Annual flu vaccine
Free Health & Wellbeing advice
Private Healthcare
Company Car or Car allowance
When it comes to diversity and inclusion, we see things differently at Robertson. We’re a company with strong family values and are committed to building a workforce which reflects the diversity of the customers and communities we serve. That’s why we’re working to create a truly inclusive workplace where everyone can feel welcome, included, and where we can all be our authentic selves.
Apply now
If you’ve got what it takes to look at things differently, to find new perspectives, and to discover the extraordinary within the ordinary, we’d love to meet you
Show more
Show less",Associate,Full-time,Business Development,Facilities Services
4447153462,FCO,SGN,"Dunoon, Scotland, United Kingdom",1 week ago,2026-07-31,https://uk.linkedin.com/jobs/view/fco-at-sgn-4447153462,"Emergency Gas Responder
Dunoon
Base salary: £36.3k per annum (increase to £40.4k upon successful completion of probationary period)
Once qualified your earning potential increases with additionally paid standby & overtime
Joint-contribution pension from 6% (12% total) – Enhanced maternity & family leave – Life assurance – HolidayPlus – Virtual GP & Employee Assistance Programme plus retail and leisure discounts & many more.
REQ5834
Do you want to be a part of an innovative and supportive team, where there are great opportunities for career progression and development?
SGN has an outstanding reputation for providing excellent service to our customers through delivering their gas safely, reliably, and efficiently. This role is about exactly that - keeping our customers
safe and warm
. As we move closer to exciting net-zero energy system in the U.K, SGN are ahead of the curve in energy transformation and you will be on the front line of cutting-edge improvements to our sector.
How you’ll support us on our mission to keep people safe and warm…
Working independently in homes, businesses and outside to identify gas leaks and keep people safe
Engaging with customers across our network, speaking to them with confidence and knowledge, active listening and understanding their service issues
Resolving customer situations for a 10/10 customer service experience every time
Using your ever-growing knowledge of gas services to problem solve complex situations and make situations safe for people, property and the environment
Attending assigned gas escapes within a regulated deadline to ensure our service is robust, effective and customer-focused
Ensuring your van is well-maintained and equipped, carrying the equipment, tools and PPE required to achieve results and keep yourself safe
Being part of essential works to keep gas supply running to millions of people all year around and at any time day or night - standby and overtime opportunities apply for irregular hours
You will need…
A friendly and approachable attitude with excellent customer service skills, as you will be dealing with members of the public
A current ACS qualification, CCN1 or CESPI, and ideally MET1 to 4 (although this is not essential to apply for the role)
You thrive in an environment involving public interaction, adapting to situations and remaining calm during situations
You are curious, always wanting to learn and develop your skills. You seek knowledge from others and like to push and challenge yourself.
You are flexible with working as part of a team rota that covers 24 hours a day, 365 days a year. This means out of hours and weekend working is standard. This is managed through a transparent rota and additional compensation is paid
A full and valid UK manual driving licence is essential
If you don’t have all the qualifications, we would still love to hear from you…
we provide our own specialised learning and development programs, providing access to learning tools to help you acquire the skills needed to excel in our environment.
Why SGN?
SGN leads pioneering research and development for a net-zero energy system. Our innovative technologies are transforming the gas industry while keeping people safe and warm. We are an award-winning employer, including CCA Gold Awards for
Great Places to Work
and
Inclusivity and Accessibility
, and a proud Gold member of the Armed Forces Covenant.
About us | Benefits | Diversity and inclusion
If you require any accommodations or support during the application process, reach out to us. We're here to help ensure an inclusive and accessible experience for everyone.
Show more
Show less",Mid-Senior level,Internship,Other,Utilities
4199317332,Car Valeter – Ayr,Direct Valeting Ltd,"Ayr, Scotland, United Kingdom",1 year ago,2025-04-04,https://uk.linkedin.com/jobs/view/car-valeter-%E2%80%93-ayr-at-direct-valeting-ltd-4199317332,"Posted on:
16 July 2026
Share Post
Location: Ayr
Direct Valeting are offering exciting opportunities to join our award winning team!
We are looking for Car Valeters for our prestige business in the motor industry.
Benefits
Opportunities in the future to progress in the business
Uniform Provided
Competitive rates
Requirements
We are looking for applicants who can demonstrate drive, commitment and enthusiasm along with willingness to contribute to a winning team. We welcome applicants of all ages.
Your Main Responsibilities Will Be
To ensure all cars are valeted to the highest standard
To pay attention to detail
Applicants must have a full valid UK Driving Licence
Experience desired but not essential as training will be given
Willingness to learn and teach methods of valeting
You must have eligibility to work in the UK.
Description
For over two decades Direct Valeting have been one of the leading providers of outsourced vehicle preparation services to the UK retail motor. We continue to grow, working harder and more efficiently to offer our customers an outstanding and incomparable service.
Please apply to jobs@directvaleting.co.uk
We look forward to hearing from you!
Back to Vacancies
Show more
Show less",Not Applicable,Full-time,Sales and Business Development,Motor Vehicle Manufacturing
4448954037,Labourer,Bellway Homes,"Livingston, Scotland, United Kingdom",4 days ago,2026-08-05,https://uk.linkedin.com/jobs/view/labourer-at-bellway-homes-4448954037,"Bellway is a FTSE 250 house builder, headquartered in Newcastle upon Tyne, which operates 22 trading divisions across England, Scotland and Wales. The company has grown from a family firm, established more than 70 years ago, into a respected national brand, selling over ten thousand homes a year.
At Bellway we recognise that people are the key to our success and our goal is to provide a rewarding and fulfilling career in line with our values of quality, service and trust. In addition to this we are committed to being a more inclusive employer and invite applications from a variety of backgrounds.
Role
The role of Site Labourer, reports to the Site Manager / Construction Manager and is responsible for carrying out general labouring duties in order to assist site staff and the various trades on site, as required.
Principal Accountabilities
Ensuring work areas are well kept and safe.
Adapting to a variety of tasks
Manual handling of heavy and/or awkward objects.
Opening up plots in the mornings and ensuring they are locked and secured before leaving site
Comply with Site Health and Safety rules/procedures.
At all times comply with company policies, procedures and instructions.
The above list of accountabilities are not exclusive or exhaustive. The post holder will be required to undertake any such duties as may be reasonably expected.
Show more
Show less",Not Applicable,Full-time,Other,Construction
4412094561,Handyman,Ace Handyman Services Capital District Saratoga Region,"Midlothian, Scotland, United Kingdom",2 months ago,2026-05-16,https://uk.linkedin.com/jobs/view/handyman-at-ace-handyman-services-capital-district-saratoga-region-4412094561,"Benefits
Competitive salary
Flexible schedule
Handyman Benefits
Monday through Friday work week (8am to 5pm) - No weekend work.
Positive work environment.
Advancement into a well-paying lifelong career.
Locally owned company with the backing of a national brand, Ace Hardware.
Very competitive pay, performance bonuses, and vacation pay
W-2 status with the flexibility of an independent job
Vehicle and tool allowances
Fun, collaborative environment
We are one of Burleson top-rated handyman, repair, and remodeling companies and have provided homes and businesses throughout Burleson with quality craftsmanship for all of their handyman needs. We are currently seeking highly motivated professional Handyman with skills in multiple trades.
We are looking for a talented, multi-skilled
Handyman,
committed to quality work and customer service—someone who possesses a strong will to complete all tasks assigned in a timely, professional manner. Ace Handyman Services values independent thinkers with strong problem-solving skills, excellent communication skills, and a desire to enjoy the variety we offer.
If this describes you, success can be yours with our company!
A successful Handyman candidate will have good overall knowledge of all trades:
Plumbing
Carpentry
Tile
Electrical
Proper Equipment
Not necessarily having every tool, but knowing what tools are needed for certain tasks.
Trouble Shooting Skills
Must be a quick thinker and have the ability to be able to examine a problem situation and come up with a resolution in a prompt and professional manner.
Excellent Communication Skills
Must be able to communicate with Management, Office Personnel, Fellow Employees, Homeowners, Suppliers, Property Managers and Commercial Customers.
Presentable
Clean-Cut appearance
Decent looking vehicle
Organized tools
Other
Looks around the property and communicates to the customer, things you could repair or things that our company can handle.
Takes time to earn the customer’s confidence and then inquires about additional work that could be performed.
Sometimes taking the time to fix something small, then points out to the customer to help them understand that we are capable of doing more.
Someone who is punctual, efficient and maintains the highest integrity and strives for top customer satisfaction.
Enjoys being an Integral part of a winning team.
Demonstrates ability and willingness to EXCEED Customers' expectations.
Handyman Responsibilities
Perform all types of quality handyman repairs
Carpentry
Drywall repair
Painting
Tile work
Basic plumbing and electrical
Handyman Qualifications
3+ years of handyman experience
Own truck or van and tools
Strong work ethic and professional demeanor
Excellent customer service skills
Collaborative, optimistic, reliable
Knowledgeable in multiple trades
We pay our Handyman competitive wages, offer incentives, and the ability to grow with the company.
If this sounds like the kind of position you’ve been looking for, we want to hear from you.
Apply today!
Compensation: $30.00 per hour
The 800+ Craftsmen who represent our
Brand
are the heart and soul of our turn-key, white-glove home repair, maintenance, and improvement service. They are skilled and experienced in many trades, but their professionalism and attention to detail is what sets them apart from others who work in the industry.
Most of the projects completed are for Repeat and Referral Customers—folks truly appreciate our high level of service, and they often request additional work by asking for particular Craftsmen by name. If you take great pride in your skills and abilities and wish to join a proven, winning TEAM, please apply to the position(s) available by selecting ""
Show Me All Jobs
"" above.
Ace Handyman Services is a franchise network of Independently Owned and Operated Franchises. Your application will go directly to the franchise owner, and all hiring decisions will be made by the management of that franchise. All inquiries about employment at this franchise should be made directly to the franchise owner, and not to Ace Handyman Services Corporate.
Ace Handyman Services
Craftsmen are empowered and given much more flexibility than others in our industry. For example, they are in charge of their own job sites, and given the freedom to interact directly with Homeowners and Property Managers to suggest work that will improve safety, preserve their largest investment, and truly help them to love their homes and commercial buildings.
Ace Handyman Services’
work itself is often indoors in temperature-controlled environments, and is primarily of lighter-duty than new construction projects. There are Franchise Owners and Office Managers to assist with the day-to-day operations and administrative side of the business allowing our Craftsmen to focus on the tasks at-hand and provide our customers with professional services that delight our customers. Our Franchise Owners are successful, business-savvy individuals, who are ethical and treat their Staff like Family. The safety and well-being of TEAM members is a top priority. Many of our Craftsmen are former business owners themselves and after working for an
Ace Handyman Services
local office, even for a short time, they have no desire to be out on their own or operating their small businesses any longer.
Show more
Show less",Not Applicable,Full-time,Engineering and Information Technology,Construction
4440064517,Maintenance - Team Member,Whitbread,"Edinburgh, Scotland, United Kingdom",5 days ago,2026-08-04,https://uk.linkedin.com/jobs/view/maintenance-team-member-at-whitbread-4440064517,"We're currently recruiting in our Edinburgh City Centre (Princes Street) Premier Inn. Working 40 hours per week, paying up to £13,56 per hour.
Maintenance Team Member – Edinburgh City Centre (Princes Street) Premier Inn
Come and be a Maintenance Team Member at Edinburgh City Centre (Princes Street) Premier Inn. Taking care of the maintenance of our hotels and making sure that everything just works is critical to the success of Premier Inn. Immediate start, no experience needed.
Pay Rate
Up to £13.56 per hour day shift
Contract Type
Fixed Term ( Until oct 2026 ) – we don’t do zero hours contracts!
Hours
40 a week – guaranteed hours to plan your week around
LOCATION:
121, 123 Princes St., Edinburgh EH2 4AD
Why You’ll Love It Here
Training and support: We’ve got a warm welcome and all the tools you’ll need to make your job easier from the start PLUS the opportunities to give you a clear career path within our business.
Whitbread Benefits card: Enjoy up to 60% off Premier Inn rooms and 25% off meals in all Whitbread Restaurants
Pension and saving schemes: Company pension and save as you earn scheme
Discounts: Get money off shops, your utility bills, travel, cinema trips, supermarkets and more
Have breakfast on us: Enjoy a complimentary Premier Inn breakfast for 2 when you join us
What You’ll Do
Join us at Edinburgh City Centre (Princes Street) Premier Inn as a Maintenance Team Member. Keep the paintwork fresh as new, replace lightbulbs and fuses. Repair damaged furniture. Join our all round ‘handy people’ and be part of the UK’s leading hospitality business, Whitbread.
We believe that everyone is unique and there should be no barriers to entry and no limits to ambition. We are committed to being an inclusive organisation that values diversity and welcomes your application whatever your background or situation.
Under-represented groups such as women, ethnic minorities, people with disabilities & members of the LGBTQIA+ community (those who identify as lesbian, gay, bi, trans and non-binary or those who use a different LGBTQIA+ term), are strongly encouraged to build a career with us. Speak to us about workplace adjustments, part-time and flexible working. Where possible we will support this.
Job ref:
190774-4492
Advertised:
13 Jul 2026
Show more
Show less",Not Applicable,Full-time,Management and Manufacturing,Hospitality
4449697603,HV Jointer,Astute People,"Glasgow, Scotland, United Kingdom",3 days ago,2026-08-05,https://uk.linkedin.com/jobs/view/hv-jointer-at-astute-people-4449697603,"Astute’s Power Team is partnering with a leading high voltage specialist with a commitment to professional development and sustainability, to recruit a HV jointer in Scotland, around the Glasgow area.
The HV jointer role comes with a salary of up to £43,700 basic doe, plus up a 20% performance bonus, a yearly profit share (~£8,000), guaranteed overtime and much more.
If you’re a HV jointer and are looking to work for an organisation that plays a leading role in delivering high voltage works across the UK then submit your CV to apply today.
Responsibilities and duties of the HV jointer role
Reporting To The Engineering Manager You Will
Carry out terminations and jointing at 33kV
Test and fault find where necessary
Excavate, shore, and prepare joint bays
Adhere to strict health and safety site regulations
Be prepared to stay away most weeks Monday-Friday
Professional Qualifications
No formal qualifications required but we are looking for someone with the following experience:
3+ years experience jointing at 33kV or above
Strong experience carrying out terminations and jointing
Experience with underground/substation jointing is ideal
Experience working in new-build substation environments is ideal
Personal skills
The HV Jointer Role Would Suit Someone Who Has
Excellent problem-solving skills with the ability to thrive in complex, fast-changing environments
No issue working in windy/rainy conditions when the time comes
Collaborative, hands-on approach with a willingness to get stuck in
Adaptable and able to work effectively in ambiguous and evolving environments
Salary and benefits of the HV jointer role
£42,000 – £43,700 basic DOE (75-85k OTE)
Up to 20% performance bonus (~£8,000)
Yearly profit share (~£8,000)
Door to door travel paid
Guaranteed overtime if desired
Company vehicle & fuel card provided
Accommodation and meal allowance paid for stayaways
Enhanced pension
Continuing Learning and Development Opportunities
Astute People are acting as an employment agency in relation to this vacancy. We do not discriminate on the grounds of age, race, gender, disability, creed or sexual orientation and comply with all relevant UK legislation. We encourage applications from individuals from all backgrounds but candidates must be able to demonstrate their ability to work in the UK. Astute is also committed to the government’s Disability Confident Employer initiative. We endeavour to get back to everyone, however, if you have not heard anything after 7 days, please consider your application unsuccessful.
Show more
Show less",Not Applicable,Full-time,Other,Staffing and Recruiting
4431513334,Installer,Hillarys,"Kilmarnock, Scotland, United Kingdom",1 month ago,2026-06-29,https://uk.linkedin.com/jobs/view/installer-at-hillarys-4431513334,"A flexible opportunity that works around you whether you’re looking for Full or Part-Time.
Imagine working for yourself, close to home, at your pace, around your lifestyle and commitments. Our network of over 1200 local Advisors enjoy these benefits, alongside great earnings.
Hillarys, established over 50 years ago, remains the UK’s leading provider of window furnishings solutions with an annual turnover of £250m. We’re still enjoying strong growth and looking for more Advisors to join our team.
As an Installer you will visit customers in their homes to measure and install a fantastic range of products, including shutters. Our team of Design Consultants will process the order and take payment so you can focus on offering great customer service.
If this is unlike anything you’ve done before that’s ok - most of our self-employed Advisors started from the same position and have gone on to run successful Hillarys businesses for many years with our support. Some of our installers have experience in construction or trades such as joiners, carpenters, and window or kitchen fitters. Your strong desire to learn and our award winning training will help you succeed.
We make it easy to find out more so why not join us on a virtual
Discovery Session
and learn everything you need to know about being a Hillarys Advisor. You can ask a current Advisor and one of our Area Managers any relevant questions - all from the comfort of your armchair with zero commitment!
Work for yourself, not by yourself
: the benefits of your own local business, within a model that removes the worries:
We’re experts in advertising so you won’t worry about finding customers
Have the confidence that over 70% of customers go on to purchase from their Hillarys Advisor
You can focus on outstanding Service, ensuring your customers buy, and come back time and again
Flexible hours to suit your lifestyle: manage your own diary and the time you want to commit
There’s a reason that so many Hillarys Advisors are successful. We’re just as committed as you to the partnership - that starts with a comprehensive package: Training-for-life, local business support, a plan that’s built around you, and all the things you’ll need to ensure a professional approach and finish from day one:
All the professional and practical Training you’ll ever need as you start and develop your business.
Comprehensive Sales Toolkit including complete Product samples, Tablet and software
Full Installation Toolkit, including all measuring equipment, and tools (including power tools)
A professional image - Hillarys branded clothing, and personalised business cards & leaflets
This is wrapped into a one-off with investment packages available from £1995 and we’ve even got flexible ways to pay to help spread the investment. This is unquestionably the most simple and effective way to access the UK’s best opportunity. On top of the points above, you’ll need to hold a valid UK driving licence to get to customers locally.
To find out more complete the application form online, join one of our 45-minute Discovery sessions and learn about how good a fit Hillarys could be for you?
Show more
Show less",Not Applicable,Full-time,Information Technology,Construction
4436203905,Cabin Crew Edinburgh,Ryanair - Europe's Favourite Airline,"Edinburgh, Scotland, United Kingdom",1 month ago,2026-07-06,https://uk.linkedin.com/jobs/view/cabin-crew-edinburgh-at-ryanair-europe-s-favourite-airline-4436203905,"Description
Want to become Cabin Crew for Europe’s Largest Airline Group?
Cabin Crew International, recruitment partner of Ryanair Group are currently recruiting for Cabin Crew in Edinburgh.
This is your opportunity to join the 16K+ Cabin Crew members across Ryanair’s growing network of 90+ operational bases who deliver best-in-class customer service to over 600K guests on over 3,600 flights EVERY SINGLE DAY!!!
Flying for Ryanair means you not only get some amazing perks such as unlimited discount travel across Ryanair’s 250+ destinations, an industry-leading fixed roster, and highly competitive salary packages but you also get world-leading training, completely free!
NO PRIOR EXPERIENCE is necessary as our training courses are designed to provide you with all the fundamental skills our crew use every day, which will allow you to deliver a safe and top-class inflight experience to our guests. Once complete, you will be issued with your ‘Cabin Crew Wings’ and ready to take to the Skies!!!
As a member of the Ryanair Group Cabin Crew family, you will be immersed in our culture from day one, the career opportunities are endless including becoming a Cabin Supervisor, Base Supervisor, Regional Manager or why not aspire to become our next Director of Inflight?
Life as Cabin Crew is fun & rewarding, it is however a demanding position where safety is our number 1 priority. You will be required to operate both early & late shifts & report for duty as early as 5 am in the morning on the early roster & not return home until midnight on the afternoon roster. If you are not a morning person, then think twice before applying. However, if you are customer-orientated, and like to work in a fast-paced environment with loads of enthusiasm, this could be the career for you!!!!
Requirements
Lots of enthusiasm
Enjoy dealing with the public and have the ability to provide excellent customer service with a ‘can do’ attitude
It helps if you are hardworking, flexible and have an outgoing and friendly personality
Flexible and adaptable to work a shift roster- not afraid of early starts and late nights
The unrestricted right to live and work in the UK
You must be between 5”2(157 cm) and 6”2 (188 cm) in height
The ability to swim 25 meters unaided
Comfortable speaking and writing in English with ease
Benefits
Free Internationally recognised Cabin Crew Training Course
Daily per Diem whilst training £28 per day
Uncapped Sales bonus
Unlimited highly discounted Staff Travel
Fixed roster pattern
The adventure and experience of a lifetime within our Cabin Crew network
Explore new cultures and cities with colleagues on your days off
Free Uniform in Year 1 and annual allowance afterwards
Security of working for a financially stable Airline
Direct or agency contract, depending on base.
Competencies
Customer Service
Interpersonal Skills
Sales Skills
Teamwork
Show more
Show less",Not Applicable,Contract,Management and Manufacturing,Airlines and Aviation
4450277738,Processing Operative,Bakkafrost Scotland,"Cairndow, Scotland, United Kingdom",3 days ago,2026-08-06,https://uk.linkedin.com/jobs/view/processing-operative-at-bakkafrost-scotland-4450277738,"Role
At Bakkafrost Scotland we breed, rear and process superior salmon in the pristine waters of the West Highlands and Islands. As a Processing Operative you will be key to us achieving our ambition to be recognised as Scotland's leading fresh food business. In this role you will learn how to complete various tasks relating to preparing Scotland's finest salmon before it is shipped to our customers across the globe. You will be trained to safely use knives and our innovative machinery to produce our high-quality product - click on the job specification link for full details of the role. In addition to a competitive salary, including a recent increase to help support our employees through the cost of living crisis, we offer the following:
Share bonus program
Market-leading pension
Non-contributory life insurance and individual critical illness cover
Generous Occupational Sick Pay
31 days’ holiday per year (inclusive of public holidays) and the option to buy or sell up to 3 days’ entitlement
Enhanced relocation support
Overtime paid daily
Long service award - £500 after 5 years' service, £2,000 after 10 years' service
Employee recognition scheme
Professional development support and employee assistance program
A commitment to health & safety and an excellent occupational health service
Continuing investment in our business, our people and our technology
Wider Wallet Scheme giving access to discounts from over 14,500 retailers in the UK
Cycle to Work Scheme - saving between 25-39% on the cost of a new bike
Show more
Show less",Not Applicable,Full-time,Other,Food and Beverage Manufacturing
4437934830,Mobile Branch Colleauge,Timpson Group,"Perth, Scotland, United Kingdom",1 month ago,2026-07-10,https://uk.linkedin.com/jobs/view/mobile-branch-colleauge-at-timpson-group-4437934830,"Timpson
‘One of the best places to work in the UK’ The Sunday Times
(Part of Timpson Group Limited)
Are you ready to embark on a rewarding new career? If you’ve spent time in retail or hospitality and are eager for a fresh challenge, look no further! Timpson, recognized by The Sunday Times as 'One of the Best Places to Work in the UK,' is calling for dynamic individuals to join our successful high street service team.
Position:
Branch Manager/ Branch Colleague/ Mobile
*delete as appropriate*
for Timpson, a Service-Based Retail Company
Location:
Perth (and surrounding area)
Job Type
: Permanent / Full Time
Pay
: Starting at £26436.80 following a successful trial potential uncapped weekly bonus
Hours
: 40 hours over 5 days, including weekends, with overtime opportunities available post-training.
Job Description
Your day-to-day responsibilities will include serving customers with key cutting, watch and mobile phone repairs, engravings, shoe repairs, photo processing, dry cleaning and many other services.
Lack of experience is not an issue for us, as every single colleague is given in-depth training from their very first day. You’ll be walked through exactly how things are done, as we offer a fun, valuable learning experience that quickly teaches you the new skills you’ll need to succeed. We’ll set you on the path for a successful and rewarding career, and then show you how to excel at Timpson!
As part of your job role, you will be expected to Complete an act of kindness for customers or colleagues every day
What We Offer:
Taking care of our colleagues is our top priority. Every year, we measure our “happiness index” to understand how our team feels and how we can improve.
In addition to a basic wage, all our colleagues can earn weekly performance bonuses. Benefits include:
Free holiday homes
Achievable uncapped bonuses
Discount card (up to 90% off for colleagues, up to 25% off for friends and family)
An extra day off for your birthday
Paid day off for a child’s first day at school
Annual salary reviews
Regular social events
£1000 weekly lottery draws
Excellent promotion prospects
Ongoing skills training
£100 bonus when you get married
Mental health support, including free flu jabs and a 24-hour helpline
… and more!
Who We’re Looking For:
We value personality over qualifications. Ideal candidates are positive, friendly, confident, and great communicators. We welcome applicants from all backgrounds, including ex-offenders.
Who We Are:
As a family-run business since 1865, Timpson is proud to be the largest service retailer in the UK with over 1,300 stores nationwide. We pride ourselves on our culture of trust, giving colleagues the freedom to excel in their roles. If you're interested in varied work and career progression, this could be the right role for you!
Next Steps:
To apply, click the button below and fill out the application form. We look forward to meeting you!
Show more
Show less",Not Applicable,Full-time,Other,Retail
4431910659,Mash Mixer,ALBERT BARTLETT,"Airdrie, Scotland, United Kingdom",2 months ago,2026-06-05,https://uk.linkedin.com/jobs/view/mash-mixer-at-albert-bartlett-4431910659,"Are you passionate about food production and looking to make a tangible impact in a dynamic workplace? Albert Bartlett, a cornerstone of the UK potato industry, is excited to welcome you as a Mash Mixer! Join our talented team and help us create mouthwatering chilled and frozen potato products that our customers love.
As a Mash Mixer, you'll bring your enthusiasm and skills to the forefront of our mixing operations. You'll be responsible for preparing and mixing delicious mash according to our special recipes, ensuring each batch meets our high standards of quality. Your creativity and attention to detail are key in helping us deliver top-notch products every day.
Your Role Includes:
Setting up and operating mixing machinery to bring our potato mash to life
Following precise recipes and mixing schedules to produce consistent, high-quality products
Monitoring the mixing process, adjusting as needed to achieve the perfect texture and flavor
Performing quality checks regularly to guarantee compliance with our stringent standards
Keeping your workspace and equipment clean and safe, adhering to health and safety regulations
Working closely with fellow team members to synchronize production efforts and keep everything running smoothly
Documenting production details and quality control measures diligently
Join us in crafting products that not only delight our customers but also uphold the proud legacy of Albert Bartlett!
Hourly rate of £12.79 p/h
Requirements
Experience in a food production environment is an asset, particularly in a mixing or preparing role
Understanding of food safety and hygiene principles is essential
Strong ability to follow recipes with precision and attention to detail
A passion for quality and consistency in every batch you produce
Basic mechanical skills for routine equipment maintenance
Collaborative spirit with the ability to work independently and as part of our enthusiastic team
Willingness to work flexible hours to help us meet production goals
Benefits
Long Service Awards
Employee of the Month & On the Spot Awards
Discounted Staff Sales
Life Assurance
Access to Free Wellbeing Services (inc. counselling and financial advice)
Retailer Discount Scheme
Cycle to Work Scheme
Wellbeing & Engagement Events throughout the year
Free Parking
Show more
Show less",Not Applicable,Full-time,Manufacturing,IT Services and IT Consulting
4447136403,Furniture Technician,Castelan Group,"Falkirk, Scotland, United Kingdom",1 week ago,2026-07-31,https://uk.linkedin.com/jobs/view/furniture-technician-at-castelan-group-4447136403,"Take Pride in Your Craft. Make a Difference Every Day.
Are you someone who enjoys working with your hands, solving problems, and restoring things to their very best? If you take genuine pride in delivering quality workmanship and exceptional customer service, we'd love to hear from you.
At Castelan, we're one of the UK's leading furniture repair and care specialists. Our reputation has been built on the skill, dedication and professionalism of our technicians, who help customers extend the life of their furniture while delivering an excellent experience every step of the way.
We're currently looking for a Furniture Technician to join our field-based team, covering the Falkirk and Perthshire. Every day will bring new challenges, different locations and the satisfaction of seeing the results of your craftsmanship first-hand.
The Role
As a Furniture Technician, you'll visit customers in their homes and workplaces, assessing damage, diagnosing faults, and carrying out high-quality repairs to a wide range of furniture. You'll work independently, managing your own workload while being supported by a team that values your expertise, ideas and commitment to excellence.
This role is ideal for someone who enjoys practical work, takes ownership of their results and gains satisfaction from restoring items that customers value.
What You'll Be Doing
Visiting customers to assess and repair upholstery, leather, wooden furniture and related items
Diagnosing faults and carrying out professional repairs to a consistently high standard
Completing accurate reports and submitting information promptly
Working towards first-visit resolution and quality targets
Promoting furniture care products where appropriate
Maintaining company tools, equipment and vehicle to a professional standard
Sharing feedback and suggestions that help drive continuous improvement
Essential
What We're Looking For
Aged 18 or over
Full UK driving licence (up to 6 penalty points accepted)
Proven hands-on repair experience, ideally involving furniture, wood, leather or similar craftsmanship skills
Confidence working independently in customers' homes
A professional, customer-focused approach with excellent interpersonal skills
Desirable
Strong attention to detail and commitment to quality workmanship
Effective communication and time-management skills
A proactive, solution-focused mindset
The ability to follow established processes while adapting to individual customer needs
Why Join Castelan?
We believe skilled craftsmanship deserves recognition and support. Alongside a competitive salary and pension scheme, you'll benefit from:
24/7 GP access for you and your household
Discounts on cinema tickets, leading retailers and national brands
Ongoing training and career development opportunities
Employee of the Month awards and company celebrations
Mental Health First Aid support
Employee Assistance Programme offering counselling, financial and legal guidance
Wellbeing initiatives, staff social events and charity fundraising activities
Free on-site parking (where available) and convenient transport links
Salary
£30,832.77 - £32,659.76
per annum d
ependent on experience
Want to Know More?
Further information about the role can be found at:
https://jobdescriptions.castelangroup.com
How To Apply
If you're looking for a role where your craftsmanship is valued, your expertise is respected, and your work makes a genuine difference to customers every day, we'd be delighted to hear from you.
Please submit your CV and covering letter by
Friday 21st August 2026
Applications may close earlier than the advertised date if a high volume of suitable applications is received.
Please note:
We are unable to offer visa sponsorship for this position.
Agency enquiries:
We work with a selected PSL only. Agencies should contact
recruitment@castelangroup.com
.
Show more
Show less",Not Applicable,Full-time,Other,Consumer Services
4450280742,Marine Operative,Bakkafrost Scotland,"Ardrishaig, Scotland, United Kingdom",3 days ago,2026-08-06,https://uk.linkedin.com/jobs/view/marine-operative-at-bakkafrost-scotland-4450280742,"Role
At Bakkafrost Scotland we breed, rear and process superior salmon in the pristine waters of the West Highlands and Islands. If you are an ambitious and motivated person looking for your next challenge in an exciting workplace now is the perfect time to take your next step with Bakkafrost Scotland. As a Marine Operative you will work as directed by the Senior Marine Operative and Marine Site Manager in the day-to-day operation of the marine sites, ensuring compliance with the highest standards of husbandry, fish health and welfare, quality standards and health and safety - click on the job specification link for full details of the role. In addition to a competitive salary, we offer the following:
Share bonus program
Market-leading pension
Non-contributory life insurance and individual critical illness cover
Generous Occupational Sick Pay
31 days’ holiday per year (inclusive of public holidays) and the option to buy or sell up to 3 days’ entitlement
Enhanced relocation support
Discretionary Area Allowance of £2,000
Overtime paid daily (paid at x1.5 Monday to Saturday and x2 Sunday)
Working Away from Home Allowance
Long service award - £500 after 5 years' service, £2,000 after 10 years' service
Employee recognition scheme
Professional development support and employee assistance program
A commitment to health & safety and an excellent occupational health service
Continuing investment in our business, our people and our technology
Wider Wallet Scheme giving access to discounts from over 14,500 retailers in the UK
Cycle to Work Scheme - saving between 25-39% on the cost of a new bike
Show more
Show less",Not Applicable,Full-time,"Other, Information Technology, and Management",Food and Beverage Manufacturing
4427994979,Field Data Collection Specialist\Surveyor,TSMG Holding,"Glasgow, Scotland, United Kingdom",1 month ago,2026-06-12,https://uk.linkedin.com/jobs/view/field-data-collection-specialist-surveyor-at-tsmg-holding-4427994979,"Company Description
Terry Soot Management Group (TSMG) is a field data collection company founded in 2017 in Europe.
We collect data where automation is not possible. We count features, take pictures, make videos, record speech, and scan areas for every detail you need to make more informed decisions. Our field data collection teams are spread across Europe and North America, ready to accept new challenges.
Project Objective
The goal of the project is to verify the geolocation of businesses.
The Task
The data collectors will be given specific addresses on each day that they will need to attend. Surveyor will be operating a working device with a targeted application installed. Therefore we are looking for someone who is active and loves travelling.
Duration
The project is ongoing and we are looking for a new person to join our team. The project is rapidly growing, so there is no end date as of now.
Schedule
The schedule is Monday-Friday, 8 hours/day 40 hours per week.
Requirements:
Good physical shape (:4 hours of walking every day)
Excellent communication skills
Attention to details.
Fluent English (at least B1+)
Experience in the data collection field is a big advantage but not required
What we provide:
We provide a full training before the project starts (the training is paid)
All expenses related to travel, data plan, SIM card purchase are covered.
All necessary equipment (smartphone) is also provided by the company
A letter of recommendation mentioning your experience in the data collection field
Full management support and opportunity to grow
We may use artificial intelligence (AI) tools to support parts of the hiring process, such as reviewing applications, analyzing resumes, or assessing responses and identifying potential inconsistencies or verification signals in application materials based on available information. These tools assist our recruitment team but do not replace human judgment. Final hiring decisions are ultimately made by humans. If you would like more information about how your data is processed, please contact us.
Show more
Show less",Not Applicable,Internship,Information Technology,IT Services and IT Consulting
4444028247,Site Labourer,Igne,"Hamilton, Scotland, United Kingdom",2 weeks ago,2026-07-23,https://uk.linkedin.com/jobs/view/site-labourer-at-igne-4444028247,"Igne are seeking to appoint Site Labourers to become part of our drilling team. This is an exciting opportunity to join a growing and progressive geotechnical contractor based out of one of our Scottish operations: Hamilton, Glasgow or Aberdeen. We offer above industry pay, which includes lots of opportunities for overtime and regular bonuses, along with generous subsistence and inconvenience payments when working away from home. Working with a Lead Driller you would provide support with the safe set up and operation of a variety of drilling rigs for site investigation boreholes. This is a role where full training will be provided so we are really looking for someone that has a full UK driving licence with the right attitude, comfortable working outdoors in all weathers and willing to be away from home. We will invest all the time and energy needed to provide you with the skills you need and a career path for the future. Useful to have:Basic understanding of site investigation and its purposeRelevant CSCS card Please be aware that due to the nature of the role, you will be subject to a drug test on day one of employment and on an ad hoc basis thereafter. In return we offer a very generous basic pay, inconvenience allowance if you do have to work away from home and lots of opportunities for overtime, plus: 33 days holiday inclusive of bank holidaysContinuous training and developmentDeath in service schemeHealth Cash Plan, which includes access to on-line GP’s and financial assistant towards medical appointments. In return, we can offer you an exciting career in a rapidly growing entrepreneurial company.
We are Igne Group Limited, a synergetic amalgamation of six companies, renowned within our respective fields, with over 350 years of combined experience. A one-stop-shop for pre- and post-construction services. Igne’s six service categories are: ground investigation, testing, unexploded ordnance, drilling specialists, geothermal, and geo-environmental. We are a Disability Confident Employer and signatories of the Armed Forces Covenant; we recruit talented individuals who care about making a positive difference. We want colleagues to bring their whole selves to work and to be able to be themselves, so equality, diversity and inclusion (EDI) are core to our company culture and integral to the success of our business. We also want all colleagues to thrive, which is why we have trained and dedicated mental health first aiders across the organisation who are available for all employees to speak to for any support they need. We believe in the development of our talent, which is why at Igne, you will have many opportunities for training and development within your role. Igne is not able to offer visa sponsorship for this position. All applicants must have the right to work in the UK at the time of application.
Show more
Show less",Not Applicable,Full-time,Other,Construction
4442120248,Lairage Operative,Dunbia Group,"Saltcoats, Scotland, United Kingdom",3 weeks ago,2026-07-17,https://uk.linkedin.com/jobs/view/lairage-operative-at-dunbia-group-4442120248,"We are currently seeking a Lairage Operative to safeguard the livestock. The person will be part of the Lairage team reporting to the Abattoir Manager.
Responsibilities
Safeguard the wellbeing of livestock
Move livestock to secure holding pens causing minimal stress
Keep the abattoir serviced with livestock
Keep the lairage facilities clean and tidy
Adhere to Company hygiene practices & animal welfare procedures
Comply with health & safety rules, to prevent / minimise the risk of accidents
Participate in training, in accordance with your personal training plan
Carry out any additional duties that may be reasonably requested by the manager
Qualifications
Previous experience in a similar role is beneficial but full training will be given for inexperienced people keen to learn the trade:
Good attention to detail
Able to use own initiative
Good communication skills
Self-motivated
Able to work as part of a team
Basic literacy and numeracy skills
Experience with livestock, desirable but not a requirement.
Pay
£12.71 p/h
Shift
Monday – Friday
6:30am - 3:10pm
No company sponsorship is available to overseas applicants for this position.
Show more
Show less",Not Applicable,Full-time,Other,Food and Beverage Manufacturing
4446751147,Home Delivery Driver,Iceland Foods,"Kilmarnock, Scotland, United Kingdom",1 week ago,2026-07-30,https://uk.linkedin.com/jobs/view/home-delivery-driver-at-iceland-foods-4446751147,"Job title: Home Delivery Driver
Hourly rate: £13.71
Key Benefits: 15% discount, optional health care plan, Grocery Aid, Christmas vouchers, min 28 days holiday
Are you looking for a role that keeps you active, independent & engaged with people?
As one of the Best Big Companies to Work For, we have a rich history of loving our customers and looking after our teams.
We understand that success is achieved through our people, and we are searching for a
Home Delivery Driver
to join our team.
Purpose
We’re hiring Home Delivery Drivers who take pride in providing excellent service & enjoy being out on the road. In this role you’ll be delivering shopping & connecting directly with customers as the face of Iceland.
In This Role You Can Expect To
Ensure safe van loading procedures are followed (i.e heavy lifting & manual handling)
Always adhere to safe driving practises
Complete van checks
Ensure food arrives to the customer in the best condition
Provide excellent customer service
Lend a hand in store when required
Be able to work independently & manage your time efficiently
Flexibility to work shifts, the patterns can vary between 6am & 11pm
Apply If You
Have a full driving license (held for at least 3 years and have no more than 6 points)
Are positive, friendly & passionate about providing a good customer experience
Are punctual & can work well to deadlines
Can demonstrate a strong awareness of road safety
What To Expect From Us
A 15% discount card
Minimum 28 days holiday (including Bank Holidays), increasing with service
Christmas vouchers
Refer a friend scheme
Long service awards
Christmas savings scheme
Recognition and rewards for exceptional customer service
Option to join a health care plan
Grocery Aid for free and confidential, financial, emotional and practical support
Show more
Show less",Not Applicable,Full-time,Management and Manufacturing,Retail
4376559963,Courier - 7.5T multi-drop,FedEx,"Bellshill, Scotland, United Kingdom",2 weeks ago,2026-07-25,https://uk.linkedin.com/jobs/view/courier-7-5t-multi-drop-at-fedex-4376559963,"We are looking for Courier (C1) to join our team at Bellshill. Whether you are fresh from the test centre or have experience, we want to speak to you!
Your role
We believe that our strengths come from our differences, and we actively invest in recruiting and retaining a diverse and inclusive workforce that reflects the communities we serve.
As a FedEx courier you are the face of the business, delivering parcels on time to our customers.
Working hours:
45 per week
Shift pattern:
07:00 - 17:00
Salary:
£15.01 per hour. Premia paid for hours worked between 7pm - 10pm, and 10pm - 6am.
What will you going to be doing?
Collection and delivery of parcels and freight to our customers
Security of the vehicle and freight while in your vehicle
Multi drop deliveries
Complete procedural checks on your vehicle
Comply with Health and Safety regulations
What are we looking for?
A full valid class 2 licence along with Driver CPC and Tacho Driver Card
Someone with great customer service skills
Great attitude with the ability to work independently and flexibly
Good understanding of driving rules and regulations
What you’ll get!
22 days holiday a year (+1 day for every full year worked between Jan-Dec, up to 27 days)
FedEx Retirement Plan
Free Uniform and PPE
Fully funded DCPC renewal
Free parking
Life assurance policy which pays out 4 x salary
Employee Assistance Programme Provides you with confidential support, information and advice to help you with your wellbeing
Hospital cash plan scheme
Tuition assistance for external training
Reduced rate shipping for international packages
Group scheme savings on many items
Great career opportunities
Diversity & Inclusion is more than the workplace. It’s the cultures we celebrate, the dreams we inspire, and creating a global community where everyone is accepted. At FedEx, diversity and inclusion happens because we do it together.
FedEx in the UK is Disability Confident ‘Committed’.
FedEx was built on a philosophy that puts people first, one we take seriously. We are an equal opportunity employer and we are committed to a diverse and inclusive workforce in which we provide growth opportunities for all
Our Company
FedEx is one of the world's largest express transportation companies and has consistently been selected as one of the top 10 World’s Most Admired Companies by ""Fortune"" magazine. Every day FedEx delivers for its customers with transportation and business solutions, serving more than 220 countries and territories around the globe. We can serve this global network due to our outstanding team of FedEx team members, who are tasked with making every FedEx experience outstanding.
Our Philosophy
The People-Service-Profit philosophy (P-S-P) describes the principles that govern every FedEx decision, policy or activity. FedEx takes care of our people; they, in turn, deliver the impeccable service demanded by our customers, who reward us with the profitability necessary to secure our future. The essential element in making the People-Service-Profit philosophy such a positive force for the company is where we close the circle, and return these profits back into the business, and invest back in our people. Our success in the industry is attributed to our people. Through our P-S-P philosophy, we have a work environment that encourages team members to be innovative in delivering the highest possible quality of service to our customers. We care for their well-being, and value their contributions to the company.
Our Culture
Our culture is important for many reasons, and we intentionally bring it to life through our behaviors, actions and activities in every part of the world. The FedEx culture and values have been a cornerstone of our success and growth since we began in the early 1970’s. While other companies can copy our systems, infrastructure and processes, our culture makes us unique and is often a differentiating factor as we compete and grow in today’s global marketplace.
Equity, Opportunity & Diversity (EO&D)
Our greatest asset at FedEx is our people. We are committed to building a diverse, equitable and inclusive workforce, and offer equal opportunities, fairness, and respect to all regardless of who you are. We encourage you to apply even if you feel your experience does not align with all aspects in the job description as you could be exactly who we need for this or another opportunity.
We do not tolerate discrimination or harassment based on race, color, ethnicity, national origin, religion, sex, age, genetic information, citizenship, disability, marital status, pregnancy, sexual orientation, gender identity, gender expression, or any other characteristic protected under international and national laws and regulations. We reasonably accommodate team members and third parties to ensure equal access, inclusion, and fairness across all protected characteristics.
Show more
Show less",Not Applicable,Full-time,Management and Manufacturing,Freight and Package Transportation
4416323254,Labourer,Sureserve,"North Ayrshire, Scotland, United Kingdom",2 months ago,2026-05-20,https://uk.linkedin.com/jobs/view/labourer-at-sureserve-4416323254,"Excellence is not just an expectation, it's our standard. With a driven team of nearly 600 professionals, we are at the forefront of providing stellar asset and energy services across the UK. Our mission is simple yet powerful: to elevate the quality of life in the communities we serve by innovating and improving the spaces where people reside, work, and gather.
We are looking to add to our Labour team in Ayrshire to assist in general onsite duties and the transportation and distribution of materials around site locations.
General Duties:
Assistant tradesmen to carry out works and repairs in void properties.
Transport materials across various sites.
Receiving, unloading and storing materials to site.
Maintaining work area during and after job.
Using power tools and access equipment.
Carry out relevant Adhoc requests as per business needs.
Comply with all manual handling and health and safety regulations.
Skills And Abilities
Experience in a similar labouring role
Full UK Driving Licence
Ability to work independently and as part of a team.
Compliance with relevant health and safety legislation.
Be willing to undertake further training to develop skills.
What we offer...
£27,400
Career stability within a growing organisation.
Access to company van with fuel card.
Pension scheme, Life assurance & access to flexible benefits scheme.
29 days annual leave (Inc. statutory bank holidays, Christmas/New Year Closure)
Employee Assistance Programme with 24 hours telephone and online access
Access to Flexible Benefits Scheme (including discount to retailers, bike to work scheme and many more).
Working with an Equal Opportunity Employer
Sureserve is committed to creating a diverse and inclusive workplace. We celebrate individual differences and believe that they contribute to our collective success. All qualified applicants will receive consideration for employment without regard to race, colour, religion, gender, gender identity or expression, sexual orientation, national origin, genetics, disability, age, or veteran status.
If you have the skills and experience we're looking for, and you are looking for a new and exciting career with an employer of choice, then we would love to hear from you!
Please note, Eligibility to work in the UK is required, and candidates will undergo employment screening prior to starting employment.
Show more
Show less",Not Applicable,Internship,Other,Utilities
4450228519,Inspection Finisher,Macfarlane Labels Ltd,"Kilmarnock, Scotland, United Kingdom",3 days ago,2026-08-06,https://uk.linkedin.com/jobs/view/inspection-finisher-at-macfarlane-labels-ltd-4450228519,"Inspection Finisher/ Rewind Operator
Location:
Kilmarnock, UK
Position Type:
Full-Time, Permanent
Working Hours:
To be agreed
Established in 2002, the Reflex Group is now the largest privately owned print and packaging company in the UK having grown to over 900 employees operating globally. The company prides itself on quality, efficiency, ethics and low environmental impact whilst being innovative and dynamic. The company has opportunities for an Inspection Finisher working in our in Kilmarnock site, Scotland.
Roles and Responsibilities
As an Inspection Finishing Operator, your duties include ensuring that the rolls of paper are wound to specified lengths on the required core. Paper from the master roll, will be fed into a rewind machine that will measure off the lengths required for the finished roll. The finished reels will then be removed from the rewin machine and labelled with the relevant core and reel end information. Your job also includes maintenance and calibration of your equipment.
Roles and Responsibilities
Loading of specified master reels according to job bag and reel identification labels
Printing of inner and outer core and any other customer required traceability label requirements
Selection and fixing of correct mandrel according to customer specification
Sourcing of correct core size according to customer specification
Setting of blades to slit reels to the relevant width, ensuring health and safety procedures are followed
Use of AVT inspection to ensure removal of any substandard quality print within the master reels
Maintaining the quality of the slitting of the finished reels throughout the run
Ensuring all reels are fully labelled according to both Company and customer requirements
Ensuring the line clearance procedure is thoroughly followed after each job and line clearance join retained each time
Required Skills & Experience:
Excellent verbal communication, interpersonal, and customer service skills
Ability to operate or to quickly learn to operate various printing machines and related software
Ability to follow instructions
Excellent organisational skills and attention to detail
Experience working within a team with a good standard of communication
Experienced Inspection Finisher
Show more
Show less",Not Applicable,Full-time,Quality Assurance,Printing Services
4443392999,Activity Instructor,Crieff Hydro Hotel and Resort,"Crieff, Scotland, United Kingdom",2 weeks ago,2026-07-21,https://uk.linkedin.com/jobs/view/activity-instructor-at-crieff-hydro-hotel-and-resort-4443392999,"Be part of the Family
We’re a family business through and through – family owned since 1868, family run and with a warm family welcome for guests and team alike. Our seven hotels are unique and set in three stunning Scottish locations. Some are big, some are small, but all offer fantastic food and drink, cozy beds and a wealth of things to do.
We offer an expansive range of benefits to help you make the most of life outside of work, and we’re committed to creating an inclusive culture where everyone feels heard and valued.
We treat our guests like family, and we support our people the same way. If you’re someone who lives our values of
Be Creative, Be Curious, Be Thoughtful, Be Positive and Be You
, you’ll fit right in.
Crieff Hydro Hotel
Pretty much in the centre of Scotland, we’re set in a 900acre estate in stunning Perthshire. Home from home, we’ve been welcoming generations of families for 150 years. We have 215 hotel bedrooms, 55 self-catering lodges, six restaurants and over 60 onsite activities– there really is something for everyone!
About The Role
You’ll join a team of diverse instructors to promote the thrill and challenge of the widest range of land-based activities in Scotland - rain, hail or shine. You’ll also lead groups in activities, corporate and leisure and assist with team training and quality assurance.
You’ll be a self- starter, able to think on your feet and remain calm under pressure. As a strong communicator, you’ll quickly build positive working relationships with the team and customers. You’ll show leadership skills, and have an ambition to develop a career in the outdoor activity field. Experience in a minimum of two of the following is essential - water sports, high/low ropes, quad biking, off-road driving, Segway’s, air rifle shooting and event management.
What We Need From You
Passion – for helping guests to have fun and make memories.
Willingness – a desire to learn and work in hospitality
Team focus – there are no egos here, just hard-working people who love creating memorable experiences for every guest
Ideas and openness – we’re up for doing things differently and will try (almost) everything once
Fun and easy to talk to – we’re looking for personality, not a corporate clone
Flexibility – supporting your team to deliver great a great experience.
Experience in air rifles, archery and, or, high ropes is essential
What You’ll Get From Us
Live-in Accommodation – Affordable housing with bills included may be available. Availability and rates (set by HMRC) can be discussed at interview.
Exclusive Discounts – Enjoy 30% off food, drinks and retail, discounted leisure membership and reduced rates on hotel activities.
Team Rate Hotel Stays – Take time to recharge with discounted stays at all of our hotels from just £30 per night - where will you explore next?
Refer a Friend Bonus – Earn up to £250-£500 for each successful team member or manager which you recommend to us.
Guest Mention Rewards – Earn £5 every time a guest gives you a positive shoutout in a review.
A Friendly & Supportive Team – Work in a fun, welcoming environment where team spirit and well-being are a priority.
Career Progression – With seven hotels, multiple departments, and a wide range of roles, you’ll have plenty of opportunities to grow and explore new career paths.
Wellbeing Support – Get 24/7 confidential support via the Health Assured Employee Assistance Programme, covering mental health, finances, and more.
Team Events & Annual Staff Party – We love to celebrate our people! Enjoy team events throughout the year and a legendary annual staff party.
Careers at the Crieff Hydro Family of Hotels
We have dedicated social media pages for our Careers within the Crieff Hydro Family of Hotels. Give us a follow to keep up to date with the latest careers news and insights.
Facebook: Crieff Hydro Family Careers | Crieff
Instagram: instagram.com
Please note:
This opportunity
does not qualify for sponsorship
. To be considered for this role, you must have the
right to work in the UK
.
Show more
Show less",Not Applicable,Full-time,Education and Training,Hospitality
4419679360,Estimator,Harmony Fire,"Edinburgh, Scotland, United Kingdom",2 months ago,2026-06-03,https://uk.linkedin.com/jobs/view/estimator-at-harmony-fire-4419679360,"Department:
Building Fabric - Pre-construction
Employment Type:
Full Time
Location:
Edinburgh
Description
Harmony is on a mission to be the best life safety partner to work with and for. Rated an ‘Outstanding Employer’ by Best Companies in 2025, we are only getting bigger and stronger — and we’re looking for A-players to help us get there.
We are passionate about making a difference and obsessed with quality. Our goal is to build a world where every resident can sleep safely at night, knowing their home is 100% safe.
We have an opportunity for an Estimator to join our Pre-Construction team supporting our growing Scottish pipeline. This is a role for someone who is commercially sharp, detail-focused, and ready to take ownership of estimating across a wide range of fire protection systems.
This is more than just a pricing role. It is about bringing the right energy, accountability and resilience to our mission of saving lives through fire and height safety.
Key Responsibilities
Estimate different fire protection systems from supplied CAD drawings, specifications or equivalent documentation.
Assist in compiling tender submissions to a high standard and on time.
Negotiate with suppliers and subcontractors to gain competitive pricing.
Coordinate workload and manage individual deadlines, holding colleagues accountable to agreed work programmes.
Support the sales team to maximise sales efficiency and success.
Travel to site to carry out surveys as required.
Develop processes and procedures to improve customer experience and department efficiency.
Communicate with staff, customers and the public via email and telephone.
Skills, Knowledge And Expertise
An A-player mindset — high standards, extreme ownership and the drive to do things properly, the first time.
Good working knowledge of Microsoft Office including Word, Excel and Outlook.
Strong communication, calculation and literacy skills.
Good time management and the ability to manage your own workload and meet deadlines under pressure.
Willingness to learn, act with integrity and work as a team player.
Confidence making outgoing calls to suppliers and clients.
Based within commutable distance of Scotland, with the willingness to travel as required.
Full UK driving licence.
Benefits
This is a chance to learn the commercial side of one of the UK’s fastest-growing fire safety specialists — working directly with senior pre-construction leaders and seeing your numbers turn into real projects that make residents safer. At Harmony, we ask a lot — and we give a lot back. The hours are real, the standards are high and the work is demanding, but for those who show up, deliver and go the extra mile, the rewards follow. A-players here enjoy a competitive salary, a Personal Development Plan with ongoing training and mentoring, unlimited holiday, a bonus scheme paying up to 50% of annual salary, enhanced maternity and paternity, lunch, snacks and refreshments on us every day (fresh fruit and Takeaway Friday included), a team social budget, cycle to work, an auto-enrolment pension, two company events a year and our Reward and Recognition scheme — including European mini-breaks for those who go above and beyond. It is a collaborative, high-energy environment focused on doing things the right way — technically, commercially and practically — and none of it is a perk for showing up; it’s what we share with the people pulling the business forward.
Harmony is an equal opportunity employer. We consider all applicants for employment regardless of age, disability, sexual orientation, gender identity, family or parental status, race, colour, nationality, ethnic or national origin, religion or belief. We want everyone who works with us to feel valued and to make a difference.
Show more
Show less",Not Applicable,Full-time,Management and Manufacturing,Public Safety
4419161428,Window Cleaning Technician,Shine of Tysons,"Midlothian, Scotland, United Kingdom",2 months ago,2026-05-26,https://uk.linkedin.com/jobs/view/window-cleaning-technician-at-shine-of-tysons-4419161428,"Benefits
Competitive salary
Free uniforms
Opportunity for advancement
Training & development
This is an entry-level position! No experience is necessary!
Window Cleaning Technician Benefits And Perks
Money -- and opportunity to make more. Starting between $15-20 per hour with potential for commissions and bonuses. You decide how much you can make!
Paid vacation days and paid holidays.
Work comfortably and casually. Shine t-shirts, sweatshirts and polo shirts are all provided to you for free. And we provide all the equipment you’ll need too!
Paid training – learn a valuable trade, advancing your skills, and get paid while doing so. Even if you don’t have experience, it doesn’t matter – we’ll train you!
Vehicles are provided for you, so no using your own gas.
An incredible, team-focused Shine culture that models the five core values we hold true.
Shine uses the latest technology and equipment to ensure you’re well equipped on the job.
Window Cleaning Technician Job Summary
Each day, you’ll meet with the rest of the team to understand the day’s game plan.
You’ll drive in our Shine vehicle to customers’ homes or businesses (typically with another team member) throughout the day and perform our services specific to that customer’s needs.
You may meet customers to ensure we’re meeting their expectations on the job that day.
You’ll end your day back at the Shine office to recap the day.
Window Cleaning Technician Qualifications
Must like to work with people
Must have reliable transportation
Must be able to lift and carry a ladder – up to 30 pounds.
Must not be afraid of heights
Must be able to work outside
The Shine Story
What started as one guy with a desire to create opportunities for others is now a nationwide family of businesses - working to spread light, caring, excellence, and team success. In 1998, Chris Fisher graduated college and set out on a journey to build a company. From one guy with a squeegee, Shine is now a growing national franchise company employing great people who make exceptional teams. With more than 45 locations across 15 states, Shine has grown into one of the leading home services businesses in the country.
We Need People Like YOU!
Whether you have no experience at all or are already a window cleaning expert, we are looking for those who display strong character, work ethic, and are driven to be the best! Shine provides all the training, technology, support, and know-how to help you get it done. You bring a smile and a heart for learning and the Shine business will work very well for you. Our hope and intention is that our communities will see something different in us - something inspiring - something attracting. Let your light shine!
Apply today!
Do you like people? Do people like you? Then...
It’s a great time to shine!
This is your opportunity to forgo a suit, grab a Shine t-shirt, and start helping people while making a living.
Let your light shine!
You can be a light for people - helping them stay safe while enjoying and maintaining the largest financial investment of their lives - their homes. You can be a light to your own team of like-minded people. You can be a light in your community and provide the type of services that everyone loves and needs, but don't have the time and expertise to get it done safely and correctly. Choosing to lead by serving is our passion.
Shine Window Care Specializes In The Following Services
Window Cleaning
Pressure Washing
Gutter Cleaning
Holiday Lighting
THE SHINE STORY:
What started as one guy with a desire to create opportunities for others is now a nationwide family of businesses - working to spread light, caring excellence, and team success. In 1998, Chris Fisher graduated college and set out on a journey to build a company. From one guy with a squeegee, Shine is now a growing national franchise employing great people who make exceptional teams.
Our Franchises Need People Like YOU!
Whether you are already a window cleaning expert or have no experience at all, we are looking for those who display strong character, work ethic, and are driven to be the best! Shine provides all the training, technology, support, and know-how to help you get it done. You bring a smile and a heart for learning and the Shine business will work very well for you. Shine is the name we chose to describe the work we do, the people that do it, and the God we serve.
Our hope and intention is that our communities will see something different in us - something inspiring - something attracting.
Let your light shine!
Show more
Show less",Not Applicable,Full-time,Engineering and Information Technology,Facilities Services
4428499801,Cabin Crew – Glasgow Prestwick,Ryanair - Europe's Favourite Airline,"Prestwick, Scotland, United Kingdom",1 month ago,2026-06-17,https://uk.linkedin.com/jobs/view/cabin-crew-%E2%80%93-glasgow-prestwick-at-ryanair-europe-s-favourite-airline-4428499801,"Description
Want to become Cabin Crew for Europe’s Largest Airline Group?
Cabin Crew International, recruitment partner of Ryanair Group are currently recruiting for Cabin Crew in Glasgow Prestwick.
This is your opportunity to join the 16K+ Cabin Crew members across Ryanair’s growing network of 90+ operational bases who deliver best-in-class customer service to over 600K guests on over 3,600 flights EVERY SINGLE DAY!!!
Flying for Ryanair means you not only get some amazing perks such as unlimited discount travel across Ryanair’s 250+ destinations, an industry-leading roster and highly competitive salary packages but you also get world-leading training, completely free!
NO PRIOR EXPERIENCE is necessary as our training courses are designed to provide you with all the fundamental skills our crew use every day, which will allow you to deliver a safe and top-class inflight experience to our guests. Once complete, you will be issued with your ‘Cabin Crew Wings’ and ready to take to the Skies!!!
As a member of the Ryanair Group Cabin Crew family, you will be immersed in our culture from day one, the career opportunities are endless including becoming a Cabin Supervisor, Base Supervisor, Regional Manager or why not aspire to become our next Director of Inflight?
Life as Cabin Crew is fun & rewarding, it is however a demanding position where safety is our number 1 priority. You will be required to operate both early & late shifts & report for duty as early as 5 am in the morning on the early roster & not return home until midnight on the afternoon roster. If you are not a morning person, then think twice before applying. However, if you are customer-orientated, and like to work in a fast-paced environment with loads of enthusiasm, this could be the career for you!!!!
Please note: As part of the application process, candidates are required to complete a mandatory English proficiency test and a situational judgment test. Failure to complete these assessments will result in disqualification from progressing to the interview stage.
Requirements
Applicants must hold the unrestricted right to live and work in the UK and / or travel freely throughout the Ryanair Network
You must approximately be between 5 “2 (157 cm) and 6” 2 (188 cm) in height.
You must be able to swim 25 meters unaided, and supporting someone else
It helps if you are hardworking, flexible and have an outgoing and friendly personality.
Adaptable and happy to work a shift roster.
Enjoy dealing with the public and have the ability to provide excellent customer service with a ‘can do’ attitude.
Comfortable speaking and writing in English with the ability to successfully pass an English Language Assessment
A passion for travelling and meeting new people.
Benefits
Free Internationally recognised Cabin Crew Training Course
Paid training allowance
Uncapped Sales bonus
Unlimited highly discounted Staff Travel
Fixed roster pattern
The adventure and experience of a lifetime within our Cabin Crew network
Explore new cultures and cities with colleagues on your days off
Free Uniform in Year 1 and annual allowance afterwards
Security of working for a financially stable Airline
Competencies
Customer Service
Interpersonal Skills
Sales Skills
Teamwork
Show more
Show less",Not Applicable,Full-time,Management and Manufacturing,Airlines and Aviation
4446990520,Luss Estates – 2nd Stalker Vacancy,SCOTTISH GAMEKEEPERS ASSOCIATION,"Luss, Scotland, United Kingdom",1 week ago,2026-07-31,https://uk.linkedin.com/jobs/view/luss-estates-%E2%80%93-2nd-stalker-vacancy-at-scottish-gamekeepers-association-4446990520,"Luss Estates is a diverse multi-enterprise rural business that extends over 45,000 acres west of Loch Lomond - an iconic landscape popular with visitors from around the world.
We are seeking an experienced 2nd Stalker to assist our Head stalker in the delivery of our deer management plan across farmland, woodland, forestry, and hill. Our stalkers prioritise the delivery of an ambitions annual cull, and therefore seldom take guests. The ideal candidate will have previous experience in a similar role, and similar terrain. Stalking experience is an obvious must, but proficiency in the use of tracked sit-in and sit-astride ATV’s is almost equally important.
The successful candidate will be self-motivated and work with flexibility and dedication. They will be solutions focused and enjoy working in challenging conditions. They will be comfortable working alone, in a team, and in a public facing environment - acting as an ambassador for the estate.
Key Responsibilities
Working alongside the Head Stalker to achieve annual Deer cull targets.
Vermin control.
Working alongside the wider estate team carrying out maintenance tasks including but not limited to Fencing, Bridges, Track Repairs and Chainsaw work.
Participating in environmental work such as habitat monitoring and habitat enhancement.
Ensure a safe working environment and standards are maintained.
Demonstrate a level of flexibility to perform other tasks associated with the safe and efficient operation of the estate.
Requirements
Previous experience of red deer management across woodland forestry and hill, ideally in an area with significant public access.
A good level of fitness and aptitude for working in challenging terrain.
At least 2 years’ experience in the use of tracked sit-in and/or sit-astride ATV’s.
Valid UK Driving Licence.
Qualifications
Essential
Shotgun and Firearms certification
ATV sit-in and/or sit/astride certification
DMQ level 1&2
Clean valid UK driving licence
Desirable
Habitat monitoring experience
Current off road driving qualification
Chainsaw maintenance and cross cutting
Other plant training
Package
Salary commensurate with experience
Accommodation
Other staff benefits
To enquire or apply, please contact estateoffice@lussestates.co.uk
Applications with a CV and Covering letter.
Show more
Show less",Not Applicable,Full-time,Other,Public Relations and Communications Services
4447822394,Joiner,Turnaround Joiners Ltd,"Cumbernauld, Scotland, United Kingdom",1 week ago,2026-08-01,https://uk.linkedin.com/jobs/view/joiner-4447822394,"Company Description
Turnaround Joiners Ltd is a specialist joinery company based in Cumbernauld, providing high-quality woodworking and carpentry services to residential and commercial clients. The company focuses on delivering reliable craftsmanship, timely project completion, and professional customer service. Team members work on a range of projects, from small repairs to larger installations and refurbishments. Turnaround Joiners Ltd values safety, attention to detail, and pride in workmanship, offering opportunities to develop skills and progress within the trade.
Role Description
This is a full-time Joiner role based working both  insite and in workshop based in Cumbernauld. The Joiner will be responsible for producing Daily joinery tasks may include reading and interpreting technical drawings, selecting appropriate materials, using hand and power tools safely, and ensuring all work meets quality and safety standards. The role involves working both independently and as part of a team, communicating with supervisors and colleagues to plan and complete jobs efficiently. The Joiner may also carry out repair work, site preparation, and clean-up, while maintaining a tidy and organized workspace.
Qualifications
Relevant joinery or carpentry qualification (e.g., apprenticeship, NVQ/SVQ, or equivalent) and experience in site-based or workshop-based joinery.
Strong practical skills with hand tools and power tools, and ability to accurately measure, cut, and assemble timber components.
Ability to read and understand technical drawings, plans, and specifications, and follow instructions to meet project requirements.
Knowledge of health and safety practices, including safe tool use, manual handling, and adherence to site rules and regulations.
Good problem-solving skills, attention to detail, and commitment to delivering high-quality workmanship on every project.
Effective communication skills and ability to work collaboratively with colleagues, contractors, and clients.
Reliable, punctual, and organized, with the ability to manage workload and meet deadlines.
Full driving license and access to transport is an advantage; experience in residential or commercial construction is beneficial. A complant van will be provided for during working hours.
Show more
Show less",Entry level,Full-time,,
4448060684,Barista,SSP UK & Ireland,"Larbert, Scotland, United Kingdom",3 days ago,2026-08-05,https://uk.linkedin.com/jobs/view/barista-at-ssp-uk-ireland-4448060684,"BARISTA – STARBUCKS, FORTH VALLEY HOSPITAL
Pay Rate: £12.85 per hour up to *£14.05
per hour
*you earn an
extra £1.20 per hour
for hours worked between
midnight and 6 AM
.
Part-Time Opportunities.
Working flexibly across weekdays, weekends, bank and public holidays.
Step into the buzz of hospitality! SSP works with brilliant brands like M&S, Starbucks, Burger King and BrewDog to serve thousands of happy customers in airports, train stations and motorway services across the UK & Ireland. Join our team and be part of the energy every day!
Love the sound of coffee brewing, orders flying, and happy customers? Welcome to SSP Starbucks! Join our fun, fast-paced team and enjoy the good vibes every shift.
ABOUT YOU:
You buzz off working with people, staying active and having a laugh along the way.
You’re positive, kind, and bring good energy to every shift.
Must be available to work from 5am
Due to some responsibilities within the Barista role, applicants will need to be 18 years of age or over to perform certain tasks or work on certain shifts and be able to sell and handle alcohol.
ABOUT THE BARISTA ROLE:
Passionate about learning new skills and beverages.
Happy to share product knowledge with customers and bespoke beverages to customer requests.
Deliver excellent customer service with a smile.
Maintain a clean and welcoming unit at all times.
As a Barista We Will Offer You
Discounted Meal while on shifts.
Free Parking
Employee Discounts.
Friends and Family Discount App.
Award-winning training, apprenticeships and development programs.
Health & Wellbeing Support.
Ready to be part of the buzz? Apply now and join SSP as a Barista!
At SSP, we value diversity and are committed to building a team that reflects a variety of skills, talents, and backgrounds.
Show more
Show less",Not Applicable,Full-time,Management and Manufacturing,Hospitality
4447905348,Bar & Floor Crew,BrewDog,"Edinburgh, Scotland, United Kingdom",2 weeks ago,2026-07-25,https://uk.linkedin.com/jobs/view/bar-floor-crew-at-brewdog-4447905348,"About Us
OUR MISSION IS TO MAKE OTHERS AS PASSIONATE ABOUT GREAT BEER AS WE ARE
TAXI HOME CONTRIBUTION | STAFF DISCOUNT | CUSTOMER SERVICE INCENTIVE SCHEME | 4-WEEK SABBATICAL EVERY 5 YEARS | CONTRACTED HOURS
We love great craft beer. We want everyone to be as passionate about it as we are - and our bars are at the heart of that mission. You’ll help us deliver an amazing beer and customer experience every shift so, because we expect great things from you, we give great things back.
SAFE RIDE HOME
| We want to make sure you get home safe after a hard shift. That’s why we contribute £5 to your pay-check to help you get home safely after midnight. This is open to all our bar crew.
STAFF DISCOUNT
| 50% off BrewDog Beers/Ciders, Wonderland Cocktails, BrewDog Merchandise, and Soft Drinks, plus 25% off all other menu items. Crew also get discount on takeaway beer - perfect for taking the bar home.
CREW FOOD
| Enjoy a full menu for just £4.50 when you're on shift - proper fuel for a proper shift.
4-WEEK SABBATICAL
| After every 5 years here you will receive an additional 4 weeks off to spend it doing whatever you want.
AND A LOT MORE
| Okay, deep breath… enhanced sick pay, life assurance, high street retail discounts, employee assistance programmes, enhanced family friendly policies around maternity and paternity leave, additional holiday days per year, pawternity leave, DE+I and crew forum groups and beer samples on some shifts.
We’re focused on making sure that we, and future generations, have a planet to brew great beer on. Our industry leading techniques help us create and deliver unique beer whilst doing our bit (and others’) for the environment
About The Role
BREWDOG ARE ON THE HUNT FOR BAR & FLOOR CREW!
Full time and part time positions available.
We at BrewDog have one mission. We want to make other people as passionate about great craft beer as we are. Our bars are at the forefront of that mission, delivering amazing beer & customer service at all times.
In this role you’ll be right at the forefront, delivering amazing craft beer to the people. You’ll be working closely with your crew mates to deliver the best service possible on the bar and floor.
You’ll be led by an experienced management team alongside a crew of passionate & confident individuals, made up of team on the floor & behind the bar.
About You
THE BREWDOG CHARTER
IT'S ALL ABOUT BEER. NO COMPROMISE
We make every BrewDog experience the best it can be.
CREATIVITY IS OUR UNFAIR ADVANTAGE
New beers. New ideas. New standards.
WE DO MORE IN A DAY THAN OTHERS DO IN A WEEK
You get more done when you do it together.
WE LISTEN. WE LEARN
No egos, just honesty and transparency.
WITHOUT US WE ARE NOTHING
We play to win, and we have fun while we're doing it.
Show more
Show less",Not Applicable,Full-time,"Design, Art/Creative, and Information Technology",Food and Beverage Services
4450664096,Home Delivery Driver,Iceland Foods,"Kirkcaldy, Scotland, United Kingdom",2 days ago,2026-08-06,https://uk.linkedin.com/jobs/view/home-delivery-driver-at-iceland-foods-4450664096,"Job title: Home Delivery Driver
Hourly rate: £13.71
Key Benefits: 15% discount, optional health care plan, Grocery Aid, Christmas vouchers, min 28 days holiday
Are you looking for a role that keeps you active, independent & engaged with people?
As one of the Best Big Companies to Work For, we have a rich history of loving our customers and looking after our teams.
We understand that success is achieved through our people, and we are searching for a
Home Delivery Driver
to join our team.
Purpose
We’re hiring Home Delivery Drivers who take pride in providing excellent service & enjoy being out on the road. In this role you’ll be delivering shopping & connecting directly with customers as the face of Iceland.
In This Role You Can Expect To
Ensure safe van loading procedures are followed (i.e heavy lifting & manual handling)
Always adhere to safe driving practises
Complete van checks
Ensure food arrives to the customer in the best condition
Provide excellent customer service
Lend a hand in store when required
Be able to work independently & manage your time efficiently
Flexibility to work shifts, the patterns can vary between 6am & 11pm
Apply If You
Have a full driving license (held for at least 3 years and have no more than 6 points)
Are positive, friendly & passionate about providing a good customer experience
Are punctual & can work well to deadlines
Can demonstrate a strong awareness of road safety
What To Expect From Us
A 15% discount card
Minimum 28 days holiday (including Bank Holidays), increasing with service
Christmas vouchers
Refer a friend scheme
Long service awards
Christmas savings scheme
Recognition and rewards for exceptional customer service
Option to join a health care plan
Grocery Aid for free and confidential, financial, emotional and practical support
Show more
Show less",Not Applicable,Full-time,Management and Manufacturing,Retail
4434630127,"Defence Children Services (DCS) House Matron, Queen Victoria School (QVS)",UK Ministry of Defence,"Dunblane, Scotland, United Kingdom",1 month ago,2026-07-01,https://uk.linkedin.com/jobs/view/defence-children-services-dcs-house-matron-queen-victoria-school-qvs-at-uk-ministry-of-defence-4434630127,"Queen Victoria School, Dunblane, Scotland
Job Summary
Queen Victoria School (QVS) is a Ministry of Defence full time boarding school within the Scottish Education System. We exist to provide a caring but stretching learning environment, valued by the military families whom we serve. We embody and promote values of Excellence, Equality, Integrity, Nurture and Positivity. QVS has a long tradition of ceremonial excellence; we take pride in this and all that our School has to offer.
The main function of this post is to provide support to the students of the Boarding House, acting as a parent figure and ensuring the well-being of the pupils by joining the Housemaster/mistress (HoM) and their House team to ensure the smooth running of the domestic arrangements in the House. Matron plays a key role in the Residential Boarding Team, working closely with the HoM and Deputy HoM across evenings and weekends to undertake Pastoral Boarding Duties and playing an active role in developing opportunities for students to thrive within boarding arrangements in the House.
Defence Children Services (DCS) is a Defence delivery organisation, subordinated under Army Regional Command. Our Vision is that we
Educate the Child – Support the Family – Defend the Nation
. HQ DCS is UK based at Trenchard Lines, Upavon and has forward deployed staff all over the world. DCS is responsible for the education and care of children of accompanied Service and Defence entitled personnel in MOD schools and settings; provides advice and guidance in respect of education for service families in the United Kingdom and the wider world.
The Ministry of Defence employs over 50,000 Civil Servants. Within that, the Army Top Level Budget (TLB) employs around 7,000 MOD Civil Servants located at over 300 locations. Ours is a diverse workforce, with roles ranging from trainers, human resources, teachers, and psychologists to storekeepers, financiers, project and programme managers, and policy secretariat staff. There are many different functions and professions delivering key outputs for the Army.
This position is advertised at 37 hours per week.
Job Description
This is a Live-in post and has General, Pupil, Supporting, Domestic and Medical responsibilities- full details can be found in the attached job description. Below is an outline of General and Supporting responsibilities.
General Responsibilities:
Act as a ‘parent figure’, being generous with time and responsive to pupils' needs.
Responsible for domestic administration and routine in the House.
Oversee clothing, linen, bedding, laundry, mending, hygiene, and health.
Supervise the day-to-day work of the Housekeeper.
Create a cheerful, caring, and well-ordered environment for pupils, staff, and visitors.
Undertake Boarding Duties, supervising students during evenings and weekends.
Provide pastoral care, support, and advice to students.
Ensure students are safe, active, happy, and thriving.
Supporting Pupils:
To play an active role within the Residential Boarding team, working together to ensure that appropriate care is given to the pupils and that their individual needs are met.
To work as part of the Residential House team to maintain and enhance a healthy routine of life for each pupil, and to make sure that standards of cleanliness and personal hygiene are taught and carried out.
To deal with disciplinary matters in a firm but caring manner, and to consult the HoM in any serious matter of concern, and to keep him/her well informed.
To liaise with the HoM/School Nurse concerning general health and lifestyle of the pupils, and to keep closely in touch with him/her and the Health and Wellbeing staff in case of individual illness, if required.
To encourage and guide pupils to cope with the daily routines and challenges of boarding school life – promoting good manners, responsible behaviour and punctuality in the pupils.
To maintain a good liaison with pupils e.g. by being present at break and lunch time. To prepare for birthday celebrations within the House, as required by the HoM.
To work as part of the Residential House team to help develop well rounded ambitious and committed young members of the community.
If you need to contact Defence Business Services (DBS) regarding this vacancy, please indicate that your vacancy is being handled by Resourcing Team 1. If you experience any technical difficulties with the CS Jobs system, please contact the Support Team at candidate@support.oleeo.com
This is a Live-in post and has General, Pupil, Supporting, Domestic and Medical responsibilities- full details can be found in the attached job description. Below is an outline of General and Supporting responsibilities.
Supporting Pupils:
To play an active role within the Residential Boarding team, working together to ensure that appropriate care is given to the pupils and that their individual needs are met.
To work as part of the Residential House team to maintain and enhance a healthy routine of life for each pupil, and to make sure that standards of cleanliness and personal hygiene are taught and carried out.
To deal with disciplinary matters in a firm but caring manner, and to consult the HoM in any serious matter of concern, and to keep him/her well informed.
To liaise with the HoM/School Nurse concerning general health and lifestyle of the pupils, and to keep closely in touch with him/her and the Health and Wellbeing staff in case of individual illness, if required.
To encourage and guide pupils to cope with the daily routines and challenges of boarding school life – promoting good manners, responsible behaviour and punctuality in the pupils.
To maintain a good liaison with pupils e.g. by being present at break and lunch time. To prepare for birthday celebrations within the House, as required by the HoM.
To work as part of the Residential House team to help develop well rounded ambitious and committed young members of the community.
If you need to contact Defence Business Services (DBS) regarding this vacancy, please indicate that your vacancy is being handled by Resourcing Team 1. If you experience any technical difficulties with the CS Jobs system, please contact the Support Team at candidate@support.oleeo.com
Person specification
Essential
Registered, or be willing to register, with Scottish Social Services Council (SSSC) and obtain Scottish Vocational Qualification (SVQ) 3 Social Services (Children and Young People) at Scottish Credit and Qualifications Framework (SCQF) level 7 within the timescales specified by SSSC (this will be provided).
Able to move into the one-bedroom flat in the boarding house.
Excellent interpersonal skills.
Excellent organisational skills.
Ability to show patience and understanding to young people.
Experience in working effectively as part of a team.
Sees the bigger picture of organisational aims.
Desirable
A full, clean UK driving licence.
Additional qualifications in Pastoral Care.
Experience of working with teenagers or young people.
Experience of working within a boarding environment.
Experience of working in a secondary school environment.
Safeguarding experience.
Behaviours
We'll assess you against these behaviours during the selection process:
Leadership
Managing a Quality Service
Communicating and Influencing
Working Together
Technical skills
We'll assess you against these technical skills during the selection process:
Pupil Focus Group
Alongside your salary of £27,866, Ministry of Defence contributes £8,072 towards you being a member of the Civil Service Defined Benefit Pension scheme.  Find out what benefits a Civil Service Pension provides (opens in a new window).
Discover My Benefits:
Please follow the link to visit the Discover My Benefits site which showcases the benefits and discounts offered when working as a civilian for the MOD:
https://discovermybenefits.mod.gov.uk/civilian/
As a QVS employee you will become a MOD Civil Servant. Benefits for QVS/MOD Civil Servants include:
Very generous allowances for Boarding School Duties.
Personal and professional development opportunities.
Part of a forward-looking organisation with inclusive workplace policies and prides itself on being a supportive employer.
Access to the Employee Assistance Programme (EAP), a free service that assists you with achieving a productive, healthy environment that is conducive to a healthy lifestyle.
On campus car parking.
Access to excellent sports facilities, including a multi-gym.
This role includes Live In Accommodation
A Civil Service pension with an employer contribution of 28.97%
This post does not offer any assistance with Relocation Allowances.
Please be advised that the Department is conducting a review of all pay related allowances which could impact on those allowances that the post currently being advertised attracts.
Artificial intelligence
Artificial intelligence can be a useful tool to support your application, however, all examples and statements provided must be truthful, factually accurate and taken directly from your own experience. Where plagiarism has been identified (presenting the ideas and experiences of others, or generated by artificial intelligence, as your own) applications may be withdrawn and internal candidates may be subject to disciplinary action. Please see our candidate guidance (opens in a new window) for more information on appropriate and inappropriate use.
Selection process details
This vacancy is using Success Profiles (opens in a new window), and will assess your Behaviours, Experience and Technical skills.
At
sift
you will be assessed against your knowledge, skills and experience:
Your CV setting out your career history, with responsibilities and achievements.
Your Personal Statement (maximum of 1000 words) explaining how you consider your personal skills, qualities and experience provide evidence of your suitability for the role.
Please note that the Personal Statement is an important part of your application and is as much the means by which you will be assessed as your CV.
Behaviours:
At
interview
you will be assessed on:
Leadership
Managing a Quality Service
Communicating and Influencing
Working Together
Technical Skills:
You will also be assessed on your experience outlined in the job advert and be expected to take part in a pupil focus group.
The Civil Service embraces diversity and promotes equal opportunities. As such, we run a Disability Confident Scheme (DCS) for candidates with disabilities who meet the minimum selection criteria. There may be occasions where it is not practicable or appropriate to interview all DCS candidates that meet the minimum criteria for the job. For example, in certain recruitment situations such as a high volume of applications, seasonal demand, or peak periods, the employer may wish to limit the overall number of interviews offered to both DCS and non-DCS applicants.
The Ministry of Defence adopts a zero-tolerance approach to unacceptable behaviours, which includes bullying, harassment, sexual harassment, discrimination, and victimisation. You will not be eligible and will not be considered for this post if you have been dismissed from a role for such unacceptable behaviours within the last five years. This will also apply if you resign or otherwise leave a role but, because of an adverse decision, would have been dismissed for gross misconduct had you continued in that employment. Pre-employment checks will be carried out.
As a result of the changes to the UK immigration rules which came into effect on 1 January 2021, the Ministry of Defence will only offer sponsorship for a skilled worker visa under the points-based system, where a role has been deemed to be business critical. The role currently being advertised has not been assessed as business critical and is therefore NOT open to applications from those who will require sponsorship under the points-based system. Should you apply for this role and be found to require sponsorship, your application will be rejected, and any provisional offer of employment withdrawn.
The Ministry of Defence requires all candidates who are successful at interview to declare any outside interests. These declarations will be discussed with successful candidates following the interview process and before a formal offer of employment is made, as some outside interests may not be compatible with MOD civilian roles. This will not, in the majority of cases, prevent employment in MOD, but it is a measure that must be taken to ensure that appropriate mitigation’s can be put in place to manage any potential, perceived or actual conflicts of interest from the first day of employment.
MOD Recruitment Satisfaction Survey – We may contact you regarding your experience to help us improve our customer satisfaction. The survey is voluntary and anonymous. You may however be given the opportunity to provide additional information to help us improve our service which includes the collection of some personal data as defined by the United Kingdom General Data Protection Regulation (UK GDPR). The MOD Privacy Notice sets out how we will use your personal data and your rights.
Feedback will only be provided if you attend an interview or assessment.
This vacancy is using Success Profiles (opens in a new window), and will assess your Behaviours, Experience and Technical skills.
Security
Successful candidates must undergo an enhanced (or equivalent) criminal record check.
People working with government assets must complete baseline personnel security standard (opens in new window) checks.
Successful candidates must undergo an enhanced (or equivalent) criminal record check.
People working with government assets must complete baseline personnel security standard (opens in new window) checks.
Nationality requirements
This Job Is Broadly Open To The Following Groups:
UK nationals
nationals of the Republic of Ireland
nationals of Commonwealth countries who have the right to work in the UK
nationals of the EU, Switzerland, Norway, Iceland or Liechtenstein and family members of those nationalities with settled or pre-settled status under the European Union Settlement Scheme (EUSS) (opens in a new window)
nationals of the EU, Switzerland, Norway, Iceland or Liechtenstein and family members of those nationalities who have made a valid application for settled or pre-settled status under the European Union Settlement Scheme (EUSS)
individuals with limited leave to remain or indefinite leave to remain who were eligible to apply for EUSS on or before 31 December 2020
Turkish nationals, and certain family members of Turkish nationals, who have accrued the right to work in the Civil Service
Further information on nationality requirements (opens in a new window)
Working for the Civil Service
The Civil Service Code (opens in a new window) sets out the standards of behaviour expected of civil servants.
We recruit by merit on the basis of fair and open competition, as outlined in the Civil Service Commission's recruitment principles (opens in a new window).
The Civil Service embraces diversity and promotes equal opportunities. As such, we run a Disability Confident Scheme (DCS) for candidates with disabilities who meet the minimum selection criteria.
The Civil Service also offers a Redeployment Interview Scheme to civil servants who are at risk of redundancy, and who meet the minimum requirements for the advertised vacancy.
The Civil Service Code (opens in a new window) sets out the standards of behaviour expected of civil servants.
We recruit by merit on the basis of fair and open competition, as outlined in the Civil Service Commission's recruitment principles (opens in a new window).
The Civil Service embraces diversity and promotes equal opportunities. As such, we run a Disability Confident Scheme (DCS) for candidates with disabilities who meet the minimum selection criteria.
The Civil Service also offers a Redeployment Interview Scheme to civil servants who are at risk of redundancy, and who meet the minimum requirements for the advertised vacancy.
Diversity and Inclusion
The Civil Service is committed to attract, retain and invest in talent wherever it is found. To learn more please see the  Civil Service People Plan (opens in a new window) and the  Civil Service Diversity and Inclusion Strategy (opens in a new window).
This vacancy is part of the Great Place to Work for Veterans (opens in a new window) initiative.
Once this job has closed, the job advert will no longer be available. You may want to save a copy for your records.
Contact point for applicants
Job Contact :
Name : Jill Adams
Email : jill.adams@modschools.org
Telephone : 0131 310 2973
Recruitment team
Email : DBSCivPers-ResourcingTeam1@mod.gov.uk
Further information
Please see Further Information document attached.
Show more
Show less",Not Applicable,Full-time,Other,Defense and Space Manufacturing
4445230687,Job Change Technician,O-I,"Alloa, Scotland, United Kingdom",2 weeks ago,2026-07-24,https://uk.linkedin.com/jobs/view/job-change-technician-at-o-i-4445230687,"Company Description
To be the leading producer of glass bottles and jars worldwide you need passion, commitment and innovation baked into the very fabric of a business and its people. For more than 120 years, our glass makers have honed their craft—channeling their creativity into more than 1,800 patents held today. When you join O-I you become part of that story.
O-I has more than a century of experience crafting pure, sustainable, brand-building glass packaging for many of the world’s best-known food and beverage brands. We are proud to provide high quality glass packaging for beer, wine, spirits, food, non-alcoholic beverages, cosmetics and pharmaceuticals. We are dedicated to make what matters to shape a healthier, more sustainable and more exciting world. We transform the industry to make glass more relevant and more accessible to more people.
With nearly 19,000 employees and an unparalleled footprint spanning almost 64 plants in 18 countries, O-I is a truly global maker of glass packaging.
Job Description
We are looking for a hands-on, motivated individual to join our team. This role involves working across different areas of the plant, supporting mechanical set-ups and carrying out part exchanges on equipment. You will not be tied to a single department - flexibility and willingness to work in various locations on site are essential.
Could this be you? Signs you might be a great fit
You Don’t Need Previous Experience In Glass Manufacturing To Succeed Here - What Matters Most Is Your Attitude, Practicality And Willingness To Learn. You Could Be a Strong Match If You
Enjoy hands-on work - you like fixing, building, assembling or getting stuck into practical tasks
Have experience (or interest) in mechanical, technical, or DIY-type activities (e.g. working on cars, home repairs, machinery, bikes, etc.)
Are comfortable working in a fast-paced, team-based environment where priorities can shift quickly
Like problem-solving and figuring out how things work or why something isn’t functioning properly
Have a good eye for detail and take pride in doing things safely and correctly
Are reliable, adaptable, and happy to move between different areas of a site
Communicate clearly and work well with others
Qualifications
No formal qualifications required or no previous experience necessary
Willingness to learn and develop new skills
Hands-on, practical approach to work
Good communication skills
Advanced level of English (spoken and written)
Additional Information
We offer
Competitive rates: £16.70/ hour 39 hours per week
Performance bonus
Company pension
Life insurance
On-site parking
Company Sick pay
Wellness programmes
If you are smart, passionate, innovative, culturally open, curious and collaborative, we’d like to hear from you.
All your information will be kept confidential according to EEO guidelines.
O-I is an Equal Opportunity Employer, and does not discriminate against any employee or applicant for employment because of race, color, sex, age, national origin, religion, sexual orientation, gender identity, status as a veteran, and basis of disability or any other federal, state or local protected class. If, because of a medical condition or disability, you need a reasonable accommodation for any part of the application process, or in order to perform the essential functions of a position, please contact O-I at hr.recruiters@o-i.com and let us know the nature of your request and your contact information.
Show more
Show less",Entry level,Full-time,Manufacturing,"Glass, Ceramics and Concrete Manufacturing"
4450759979,Kitchen Porter,TRGC,"Edinburgh, Scotland, United Kingdom",1 day ago,2026-08-07,https://uk.linkedin.com/jobs/view/kitchen-porter-at-trgc-4450759979,"Join one of the UK's leading hospitality businesses as a Kitchen porter. In return you'll get free meals on shift, up to 30% discount at all our brands with no limit on number of guests, and excellent career opportunities plus many other benefits.
Deliver excellence through great looking food, serving dishes that delight our guests and keep them coming back for more. Take pride in maintaining the highest possible standards within our kitchens and be on the look out for new ideas to help make our dishes even better.
You're someone who can provide excellent service to our guests, no matter what time they are dining with us, airport shifts can start as early as 3am. Early starts mean early finishes!
The Restaurant Group (TRG) has nearly 300 restaurants and pub restaurants throughout the UK, our portfolio includes our Concessions business that trades mostly in UK airports, wagamama's and Barburrito.
At TRG, we believe that our people are our business, and we strive to create great places to work that support our team members to be the best they can be and provide rewarding careers.
What's In It For You...
Free meal whenever you work.
Up to 30% discount at all our brands and no limit on number of guests, incl. wagamama.
Duty free discounts excluding alcohol and cigarettes.
Access to a great discount platform, saving you money on everyday purchases and so much more.
Wagestream platform to access your wages as they are earned.
Superb training and development, apprenticeships open to all.
What We're Looking For
Experience in a kitchen porter or trainee role
Ability to maintain a positive attitude in a fast-paced airport environment
Flexibility in hours, airport shifts can start at 3am.
Also be able to provide a 5 year work/education/personal reference history and undertake a criminal record check.
We’re committed to creating an inclusive environment for all, where team members are valued for their unique perspectives. We are proud to celebrate our diverse voices! And we are a disability confident employer.
We want every candidate to have the opportunity to succeed, we will ask if you need any adjustments during the application and interview process to be your best!
Show more
Show less",Not Applicable,Full-time,Management and Manufacturing,Hospitality
4198703123,Career Opportunities within Planning | Expression of Interest,Stantec,"Edinburgh, Scotland, United Kingdom",2 weeks ago,2026-07-21,https://uk.linkedin.com/jobs/view/career-opportunities-within-planning-expression-of-interest-at-stantec-4198703123,"The Opportunity
Are you an experienced Town Planner looking for a new opportunity with an established, growing team? Do you want to work on a variety of exciting projects, that offer fantastic career development possibilities? If so, then Stantec could be for you!
We are looking to recruit a number of Planning professionals at various different levels to join our expanding teams across the UK. We have planning teams based in Bristol, Taunton, Cardiff, Birmingham, Reading, Kings Hill, London, Cambridge, Leeds, Manchester, Newcastle, Edinburgh and Glasgow. If you are interested in being considered for our open vacancies or would like to share your interest in Stantec for the future, please submit an application with us.
Click on the link to read more about projects we are involved with: https://www.stantec.com/uk/services/town-planning
About You
You will ideally be a chartered MRTPI town planner, or working towards it.
You will have proven planning experience either from a consultancy, private sector or public sector environment.
We deliver a wide range of projects but a track record in residential, mixed-use, strategic, commercial and energy projects is particularly advantageous.
You will have experience of preparing, submitting and negotiating planning applications of a variety of sizes and type.
For more senior hires, experience of lodging appeals and appearing at informal hearings is advantageous.
You will have proven experience in coordinating internal and external project teams, ensuring quality assurance on projects.
You will have the ability to build and maintain client relationships, providing quality advice and service.
You will ideally have local knowledge of, and a track record of working in the region you are interested in joining. However, relocators will be considered.
Ideally hold a full UK driving licence and have access to a car.
Why join us?
People culture: We're proud of our friendly, inclusive and collaborative environment where everyone feels valued and driven to succeed
Award winning workplace: Named in the top 50 companies to work by Glassdoor 2025. Recognised by Corporate Knights as one of the world's top 10 most sustainable companies 2025. Named ‘Best Place to Work’ and ‘International Consulting Firm of the Year’ at the NCE Awards 2024.
Growth: We're on an exciting growth journey across the UK & Ireland - we want you to be part of it!
Great Benefits: Competitive salary, bonus schemes, enhanced pension plan, annual leave with the option to buy/sell additional days, private medical insurance, group income protection & life assurance included as standard as well as discounted gym membership and lots more
Flexible working: Enjoy a healthy work-life balance with our hybrid approach to flexible working
Professional development: Industry leading training and development as well as paid for professional subscriptions
About Stantec
The Stantec community unites more than 31,000 employees working in over 450 locations across 6 continents. We have been working with our clients and communities in the UK for over 150 years. We plan, design, deliver and manage the development and infrastructure needed to support the creation of sustainable, healthy and prosperous communities.
Our teams provide effective and relevant solutions, translating our clients’ vision into valued consents, deliverable plans for projects and programmes, and efficient designs for delivery, based on technical excellence and deep market insights. We deal with today’s challenges, but also keep a fairer, better tomorrow in sight, looking at how we deliver clean growth, support radical changes in our economy and meet the needs of future communities.
Stantec provides equal employment opportunities to all qualified employees and applicants for future and current employment and prohibit discrimination on the grounds of race, colour, religion, sex, national origin, age, marital status, genetic information, disability, sexual orientation, gender identity or gender expression. We prohibit discrimination in decisions concerning recruitment, hiring, referral, promotion, compensation, fringe benefits, job training, terminations or any other condition of employment. Stantec is in compliance with laws and regulations and ensures equitable opportunities in all aspects of employment.
Building an inspired, inclusive work environment that attracts, supports, and develops world-class talent is a crucial key to our success. If you are excited by this role but worry that your experience doesn’t exactly align, we encourage you to apply.
At Stantec we want you to perform your best at every stage of the recruitment process and are committed to ensuring it is accessible to all. If you need any support or require adjustments to be made then please contact careers.UK& [email protected] we will talk to you about how we can support you.
Show more
Show less",Mid-Senior level,Full-time,Other,Business Consulting and Services
4444412826,Estimator,Bellway Homes,"Livingston, Scotland, United Kingdom",2 weeks ago,2026-07-23,https://uk.linkedin.com/jobs/view/estimator-at-bellway-homes-4444412826,"At Bellway we recognise that people are the heart of our success, and we are committed to building an inclusive culture that values and respects difference combined with creating a safe and inclusive working environment for all colleagues. This means we are positive about making adjustments as well as providing flexible working and we would be happy to talk to you about how this could work for you.
We have an exciting opportunity for an experienced Estimator or Pre-Development Surveyor to join Bellway, one of the UK's largest house builders. Based within our Scotland East Division in Livingston, this is a fantastic opportunity to play a key role in shaping future developments across the Midlothian, East Lothian, West Lothian and Fife regions.
The Role
Reporting to the Head of Commercial, you will be responsible for preparing cost plans for the appraisal of development and land opportunities, ensuring estimating work is completed in a timely, accurate and effective manner. You will work closely with colleagues across Land, Commercial and wider divisional teams, providing clear and robust cost information to support land bids, development appraisals and pre-budget activity.
Principal Accountabilities Of The Role Include
Preparing initial viability estimates for land bids for review and sign off by the Head of Commercial.
Working closely with the Land Department on current and future development opportunities.
Preparing viability estimates covering construction costs, site abnormals, professional fees, site management costs and preliminaries.
Inputting development costs into appraisals and viabilities.
Supporting value engineering activity at appraisal and pre-start stage.
Obtaining specialist quotations, such as demolition or other abnormal cost items, to help reduce risk within land viabilities.
Ensuring full viabilities comply with Group Guidelines on Viabilities, Budgets and Valuations.
Supporting the Commercial Manager with pre-budget costs for sites.
Assisting with the review of site budgets and analysis of variance reports.
Providing guidance to Surveyors at project handover stage where required.
Collating and submitting statistical analysis as needed.
Experience
Experience of working as an Estimator or Pre-Development Surveyor within a national housebuilder.
Qualifications And Training
Current CSCS card or equivalent.
Skills And Aptitude
Strong communication and listening skills
Excellent attention to detail
Ability to work on own as well as part of a team
IT literate and the ability to adapt to new systems
Good administration skills
Committed to diversity and inclusion
The Role and Working Conditions
Willing to be flexible in respect to day to day duties and hours worked.
Office based role, with travel within the Divisional area.
Ability to travel to development sites as and when required.
In Return We Can Offer You
Competitive salary
Competitive car allowance
Optional salary sacrifice car scheme
Competitive annual bonus
Contributory pension scheme
25 days holiday, plus bank holidays
Access to discounts and benefits portal
ShareSave Scheme
Cycle to Work Scheme
Life assurance
Holiday Purchase Scheme
Earn and Learn Opportunities
We reserve the right to close this vacancy if a large volume of applications are received.
Show more
Show less",Not Applicable,Full-time,Management and Manufacturing,Construction
4425922207,Join our RPP Talent Pool for future opportunities - Register your interest,Capita,"Penicuik, Scotland, United Kingdom",2 months ago,2026-06-08,https://uk.linkedin.com/jobs/view/join-our-rpp-talent-pool-for-future-opportunities-register-your-interest-at-capita-4425922207,"We’re proud to work alongside the Army to attract, source and select officers and soldiers for the British Army (Regular & Reserve) as part of the Recruiting Partnership Project (RPP).
It’s only by working closely together that we’re able to get the best candidates into the Army to strengthen our nation’s security and defence. Whether you’re working full-time or part-time, stationed in an office, immersed in the dynamic environment of a military barracks, or contributing from the comfort of your home, you’ll experience a truly collaborative environment that drives us forward.
Job Title
Join our RPP Talent Pool for future opportunities - Register your interest
Job Description
Recruiting tomorrow's Army today
Our team is made up of both Capita and military colleagues in a wide variety of roles – including recruiters, assessors-interviewers, administrators, doctors and other medical staff, supporting function roles and more. Our teams are based across the UK in a variety of offices and locations, with a mixture of office and hybrid roles.
Please note - this is a talent pool and not a formal application, we will be in touch if we have suitable roles to discuss
All live RPP roles can be viewed on our page:
https://www.capita.com/careers/recruiting-tomorrows-army-today
We’re an equal opportunity and Disability Confident employer, which means we recruit and develop people based on their merit and passion. We’re committed to providing an inclusive, barrier-free recruitment process and working environment for everyone.
Location:
Upavon
,
United Kingdom
Time Type
Full time
Contract Type
Permanent
Show more
Show less",Not Applicable,Full-time,Human Resources,IT Services and IT Consulting
4447991365,Valeter,Arnold Clark,"Edinburgh, Scotland, United Kingdom",6 days ago,2026-08-03,https://uk.linkedin.com/jobs/view/valeter-at-arnold-clark-4447991365,"We are looking for an enthusiastic and motivated Valeter to join our Edinburgh Kia/BYD branch in Seafield.
We Offer
Up to £33,500 on target earnings
33 days’ holiday allowance with room to grow
Generous retail discounts
Private healthcare
Simplyhealth – all employees have access to a GP 24/7 and can claim money back on medical and dental treatments
Pension scheme
Maternity and paternity packages
Opportunities for training and progression
And much more…
Hours
Full time: Monday - Thursday 8am - 5.30pm, Friday 8am - 4.30pm and alternate Saturdays 8am - 12pm
About The Role
As an Arnold Clark Valeter, you’ll be responsible for ensuring all our vehicles are presented in sparkling condition.
This position will be a perfect fit for someone who enjoys working in an active, physical role, has meticulous attention to detail and is a fantastic team player.
Day-to-day duties
Cleaning sold and stock vehicles to a high standard
Cleaning vehicles externally with a high-powered pressure washer
Using a high-powered vacuum to clean and shampoo vehicle interiors
Working with a polishing/buffing machine to enhance bodywork
Complying with health and safety procedures while working with chemicals
Making sure that all equipment and machinery is properly maintained and secure at all times, reporting any defects and complying with manufacturers’ instructions and PPE recommendations
Working to set timeframes and targets
Using an online diary system to manage vehicle schedule
Completing a daily record of work completed
Other duties to support the branch as required
Essential Skills
Full UK driving licence.
Basic computer skills.
High level of attention to detail.
Self-motivation with the ability to work as part of a team.
The ability to multi-task.
Willingness to participate in training programmes.
Valet experience is preferred but not essential, training can be provided for a candidate who demonstrates a high level of enthusiasm and the other required criteria. Arnold Clark also operates a Valet Academy which all new valet staff will attend.
Our Culture
Arnold Clark is committed to creating a diverse and inclusive workplace. We strive to create an environment where collaboration, unique perspectives and multiple approaches are celebrated. We care about our employees and our communities, we nurture talent and encourage ambition, and we are passionate about people who take pride in their work. Our employees are at the heart of everything we do – diverse in our make-up, united in our goals.
To find out more about Life at Arnold Clark , visit our website.
Employment within the Arnold Clark Group is offered subject to satisfactory reference and disclosure check.
Show more
Show less",Not Applicable,Full-time,Other,"Motor Vehicle Manufacturing, Hospitality, and Retail"
4445125818,Valeter,Arnold Clark,"Perth, Scotland, United Kingdom",1 week ago,2026-07-27,https://uk.linkedin.com/jobs/view/valeter-at-arnold-clark-4445125818,"We are looking for an enthusiastic and motivated Valeter to join our Vauxhall/Fiat/Abarth/Jeep/Alfa Romeo/Leapmotor branch in Perth.
We Offer
Up to £33,500 on target earnings
33 days’ holiday allowance with room to grow
Generous retail discounts
Private healthcare
Simplyhealth – all employees have access to a GP 24/7 and can claim money back on medical and dental treatments
Pension scheme
Maternity and paternity packages
Opportunities for training and progression
And much more…
Hours
Full time: Monday - Thursday 8am - 5.30pm, Friday 8am - 4.30pm and alternate Saturdays 8am - 12pm
About The Role
As an Arnold Clark Valeter, you’ll be responsible for ensuring all our vehicles are presented in sparkling condition.
This position will be a perfect fit for someone who enjoys working in an active, physical role, has meticulous attention to detail and is a fantastic team player.
Day-to-day duties
Cleaning sold and stock vehicles to a high standard
Cleaning vehicles externally with a high-powered pressure washer
Using a high-powered vacuum to clean and shampoo vehicle interiors
Working with a polishing/buffing machine to enhance bodywork
Complying with health and safety procedures while working with chemicals
Making sure that all equipment and machinery is properly maintained and secure at all times, reporting any defects and complying with manufacturers’ instructions and PPE recommendations
Working to set timeframes and targets
Using an online diary system to manage vehicle schedule
Completing a daily record of work completed
Other duties to support the branch as required
Essential Skills
Full UK driving licence.
Basic computer skills.
High level of attention to detail.
Self-motivation with the ability to work as part of a team.
The ability to multi-task.
Willingness to participate in training programmes.
Valet experience is preferred but not essential, training can be provided for a candidate who demonstrates a high level of enthusiasm and the other required criteria. Arnold Clark also operates a Valet Academy which all new valet staff will attend.
Our Culture
Arnold Clark is committed to creating a diverse and inclusive workplace. We strive to create an environment where collaboration, unique perspectives and multiple approaches are celebrated. We care about our employees and our communities, we nurture talent and encourage ambition, and we are passionate about people who take pride in their work. Our employees are at the heart of everything we do – diverse in our make-up, united in our goals.
To find out more about Life at Arnold Clark , visit our website.
Employment within the Arnold Clark Group is offered subject to satisfactory reference and disclosure check.
Show more
Show less",Not Applicable,Full-time,Other,"Motor Vehicle Manufacturing, Hospitality, and Retail"
4448140402,Dispenser,Boots UK,"Kirkcaldy, Scotland, United Kingdom",6 days ago,2026-08-03,https://uk.linkedin.com/jobs/view/dispenser-at-boots-uk-4448140402,"The hourly rate for this role is £13.92 and up to £16.64 across selected locations within London.
About The Opportunity
As a Dispenser working within one of our stores, you will be key member of our pharmacy team as you support the pharmacist and other healthcare professionals in your store to ensure the safe and efficient delivery of pharmacy and healthcare services.
Working within the healthcare department of the store, you will spend your time building great relationships with patients by listening and understanding their needs. From greeting customers, dispensing prescriptions and ensuring the safe sale of medicines, to providing advice using your healthcare knowledge to support patients in making informed decisions about their health and wellness – you’ll get to make a difference every day.
This is a role based in store within the UK. Remote applicants will not be considered and applications from candidates outside the UK will not be progressed unless relevant UK qualifications and right to work can be confirmed and evidenced.
Key Responsibilities
Prescription dispensing whilst ensuring the safe supply of medicines e.g. ordering medicines, labelling, dispensing, endorsing and collection of prescriptions.
Work with the other healthcare professionals in your store to assist in the management and delivery of pharmacy services
Provide care and advice to patients about medicines and to refer queries to the Pharmacist as appropriate.
Following Standard Operating Procedures (SOP) to support the safe and legal dispensing of prescriptions
Keeping up to date with new innovations in store and comply with operational processes.
Support patients to manage their prescriptions their way with reliable repeats and manage their medicines effectively to promote adherence and reduce waste.
Working with evolving technologies within store, you will have the opportunity to work with new systems, which helps to develop the traditional dispensing processes to further improve patient safety and release your time to spend more time with patients.
You will be provided with regular updates and training to develop your healthcare knowledge, as well as plenty of career development options including the opportunity to train as a Pharmacy Technician or as part of the store leadership team.
What You’ll Need To Have
Completed the Pharmacy Advisor qualification NVQ2 (or equivalent) or are currently working towards and have completed the first year of an MPharm qualification.
Current and valid UK right to work. This role is not eligible for sponsorship for a Skilled Worker Visa.
It would be great if you also have
Experience working in community pharmacy
Our benefits
Discretionary Christmas Gift Payment
Generous staff discount
Enhanced maternity/paternity/adoption leave pay and gift card for anyone expecting or adopting a child
Flexible benefits scheme
Access to free, 24/7 counselling and support through TELUS Health, our Employee Assistance Programme.
We have a great range of benefits in addition to the above that offer flexibility to suit you - find out more at boots.jobs/rewards. Please note, any salary estimates given on third-party sites are not provided or endorsed by Boots and may not be accurate.
Why Boots
We're always looking for people who care; people who go the extra mile to change things for the better. You'll be joining a company that is evolving and always looking to improve. We foster a working environment where consideration and inclusivity help everyone to be themselves and reach their full potential. We are proud to be an equal opportunity employer, and we are passionate about embracing the diversity of our colleagues by providing a positive and inclusive working environment for all. As the heart of everything we do at Boots, with you, we change for the better.
What’s Next
Your application will be reviewed by our team, and we will contact you as soon as we can. If successful, we will contact you to arrange an interview with the hiring manager.
Where a role is advertised as full-time, we are open to discussing part-time and job share options during the application process. If you require additional support as part of the application and interview process, we are happy to provide reasonable adjustments to help you to be at your best.
This role requires the successful candidate to complete a Pre-employment check after receiving an offer. Depending on your location you will be asked to submit either a DBS (Disclosure & Barring Service), PVG (Protection of Vulnerable groups) or an Access NI Check.
Boots is a Ban the Box employer and will consider the suitability of applicants with criminal convictions on a case-by-case basis.
Show more
Show less",Not Applicable,Part-time,Health Care Provider,Retail
4448325211,Dispenser,Boots UK,"Kirkcaldy, Scotland, United Kingdom",5 days ago,2026-08-03,https://uk.linkedin.com/jobs/view/dispenser-at-boots-uk-4448325211,"The hourly rate for this role is £13.92 and up to £16.64 across selected locations within London.
About The Opportunity
As a Dispenser working within one of our stores, you will be key member of our pharmacy team as you support the pharmacist and other healthcare professionals in your store to ensure the safe and efficient delivery of pharmacy and healthcare services.
Working within the healthcare department of the store, you will spend your time building great relationships with patients by listening and understanding their needs. From greeting customers, dispensing prescriptions and ensuring the safe sale of medicines, to providing advice using your healthcare knowledge to support patients in making informed decisions about their health and wellness – you’ll get to make a difference every day.
This is a role based in store within the UK. Remote applicants will not be considered and applications from candidates outside the UK will not be progressed unless relevant UK qualifications and right to work can be confirmed and evidenced.
Key Responsibilities
Prescription dispensing whilst ensuring the safe supply of medicines e.g. ordering medicines, labelling, dispensing, endorsing and collection of prescriptions.
Work with the other healthcare professionals in your store to assist in the management and delivery of pharmacy services
Provide care and advice to patients about medicines and to refer queries to the Pharmacist as appropriate.
Following Standard Operating Procedures (SOP) to support the safe and legal dispensing of prescriptions
Keeping up to date with new innovations in store and comply with operational processes.
Support patients to manage their prescriptions their way with reliable repeats and manage their medicines effectively to promote adherence and reduce waste.
Working with evolving technologies within store, you will have the opportunity to work with new systems, which helps to develop the traditional dispensing processes to further improve patient safety and release your time to spend more time with patients.
You will be provided with regular updates and training to develop your healthcare knowledge, as well as plenty of career development options including the opportunity to train as a Pharmacy Technician or as part of the store leadership team.
What You’ll Need To Have
Completed the Pharmacy Advisor qualification NVQ2 (or equivalent) or are currently working towards and have completed the first year of an MPharm qualification.
Current and valid UK right to work. This role is not eligible for sponsorship for a Skilled Worker Visa.
It would be great if you also have
Experience working in community pharmacy
Our benefits
Discretionary Christmas Gift Payment
Generous staff discount
Enhanced maternity/paternity/adoption leave pay and gift card for anyone expecting or adopting a child
Flexible benefits scheme
Access to free, 24/7 counselling and support through TELUS Health, our Employee Assistance Programme.
We have a great range of benefits in addition to the above that offer flexibility to suit you - find out more at boots.jobs/rewards. Please note, any salary estimates given on third-party sites are not provided or endorsed by Boots and may not be accurate.
Why Boots
We're always looking for people who care; people who go the extra mile to change things for the better. You'll be joining a company that is evolving and always looking to improve. We foster a working environment where consideration and inclusivity help everyone to be themselves and reach their full potential. We are proud to be an equal opportunity employer, and we are passionate about embracing the diversity of our colleagues by providing a positive and inclusive working environment for all. As the heart of everything we do at Boots, with you, we change for the better.
What’s Next
Your application will be reviewed by our team, and we will contact you as soon as we can. If successful, we will contact you to arrange an interview with the hiring manager.
Where a role is advertised as full-time, we are open to discussing part-time and job share options during the application process. If you require additional support as part of the application and interview process, we are happy to provide reasonable adjustments to help you to be at your best.
This role requires the successful candidate to complete a Pre-employment check after receiving an offer. Depending on your location you will be asked to submit either a DBS (Disclosure & Barring Service), PVG (Protection of Vulnerable groups) or an Access NI Check.
Boots is a Ban the Box employer and will consider the suitability of applicants with criminal convictions on a case-by-case basis.
Show more
Show less",Not Applicable,Part-time,Health Care Provider,Retail
4449658757,Relief Dispenser,Boots UK,"Ayr, Scotland, United Kingdom",3 days ago,2026-08-05,https://uk.linkedin.com/jobs/view/relief-dispenser-at-boots-uk-4449658757,"The hourly rate for this role is £13.92 and up to £16.64 across selected locations within London.
About The Opportunity
As a Relief Dispenser, you will work across different stores within a defined geographical area . You will be key member of our pharmacy team as you support the pharmacist and other healthcare professionals in our stores to ensure the safe and efficient delivery of pharmacy and healthcare services.
Working within the healthcare department of the store, you will spend your time building great relationships with patients by listening and understanding their needs. From greeting customers, dispensing prescriptions and ensuring the safe sale of medicines, to providing advice using your healthcare knowledge to support patients in making informed decisions about their health and wellness – you’ll get to make a difference every day.
This is a role based within the UK. Remote applicants will not be considered.and applications from candidates outside the UK will not be progressed unless relevant UK qualifications and right to work can be confirmed and evidenced.
Key Responsibilities
Prescription dispensing whilst ensuring the safe supply of medicines e.g. ordering medicines, labelling, dispensing, endorsing and collection of prescriptions.
Work with the other healthcare professionals in your store to assist in the management and delivery of pharmacy services
Provide care and advice to patients about medicines and to refer queries to the Pharmacist as appropriate.
Following Standard Operating Procedures (SOP) to support the safe and legal dispensing of prescriptions
Keeping up to date with new innovations in store and comply with operational processes.
Support patients to manage their prescriptions their way with reliable repeats and manage their medicines effectively to promote adherence and reduce waste.
Communicating with the store teams to ensure continuity of care
Working with evolving technologies within store, you will have the opportunity to work with new systems, which helps to develop the traditional dispensing processes to further improve patient safety and release your time to spend more time with patients.
You will be provided with regular updates and training to develop your healthcare knowledge, as well as plenty of career development options including the opportunity to train as a Pharmacy Technician or as part of the store leadership team.
What You’ll Need To Have
Completed the Pharmacy Advisor qualification NVQ2 (or equivalent)
Ability to travel across the defined geography with full flexibility
Current and valid UK right to work. This role is not eligible for sponsorship for a Skilled Worker Visa
It would be great if you also have
Experience working in community pharmacy
Our Benefits
Discretionary Christmas Gift Payment
Generous staff discount
Enhanced maternity/paternity/adoption leave pay and gift card for anyone expecting or adopting a child
Flexible benefits scheme
Access to free, 24/7 counselling and support through TELUS Health, our Employee Assistance Programme.
We have a great range of benefits in addition to the above that offer flexibility to suit you - find out more at boots.jobs/rewards. Please note, any salary estimates given on third-party sites are not provided or endorsed by Boots and may not be accurate.
Why Boots
We're always looking for people who care; people who go the extra mile to change things for the better. You'll be joining a company that is evolving and always looking to improve. We foster a working environment where consideration and inclusivity help everyone to be themselves and reach their full potential. We are proud to be an equal opportunity employer, and we are passionate about embracing the diversity of our colleagues by providing a positive and inclusive working environment for all. As the heart of everything we do at Boots, with you, we change for the better.
What’s Next
Your application will be reviewed by our team, and we will contact you as soon as we can. If successful, we will contact you to arrange an interview with the hiring manager.
Where a role is advertised as full-time, we are open to discussing part-time and job share options during the application process. If you require additional support as part of the application and interview process, we are happy to provide reasonable adjustments to help you to be at your best.
This role requires the successful candidate to complete a Pre-employment check after receiving an offer. Depending on your location you will be asked to submit either a DBS (Disclosure & Barring Service), PVG (Protection of Vulnerable groups) or an Access NI Check.
Boots is a Ban the Box employer and will consider the suitability of applicants with criminal convictions on a case-by-case basis.
Show more
Show less",Not Applicable,Part-time,Health Care Provider,Retail
4443276019,Dispenser,Boots UK,"Airdrie, Scotland, United Kingdom",1 week ago,2026-07-28,https://uk.linkedin.com/jobs/view/dispenser-at-boots-uk-4443276019,"The hourly rate for this role is £13.92 and up to £16.64 across selected locations within London.
About The Opportunity
As a Dispenser working within one of our stores, you will be key member of our pharmacy team as you support the pharmacist and other healthcare professionals in your store to ensure the safe and efficient delivery of pharmacy and healthcare services.
Working within the healthcare department of the store, you will spend your time building great relationships with patients by listening and understanding their needs. From greeting customers, dispensing prescriptions and ensuring the safe sale of medicines, to providing advice using your healthcare knowledge to support patients in making informed decisions about their health and wellness – you’ll get to make a difference every day.
This is a role based in store within the UK. Remote applicants will not be considered and applications from candidates outside the UK will not be progressed unless relevant UK qualifications and right to work can be confirmed and evidenced.
Key Responsibilities
Prescription dispensing whilst ensuring the safe supply of medicines e.g. ordering medicines, labelling, dispensing, endorsing and collection of prescriptions.
Work with the other healthcare professionals in your store to assist in the management and delivery of pharmacy services
Provide care and advice to patients about medicines and to refer queries to the Pharmacist as appropriate.
Following Standard Operating Procedures (SOP) to support the safe and legal dispensing of prescriptions
Keeping up to date with new innovations in store and comply with operational processes.
Support patients to manage their prescriptions their way with reliable repeats and manage their medicines effectively to promote adherence and reduce waste.
Working with evolving technologies within store, you will have the opportunity to work with new systems, which helps to develop the traditional dispensing processes to further improve patient safety and release your time to spend more time with patients.
You will be provided with regular updates and training to develop your healthcare knowledge, as well as plenty of career development options including the opportunity to train as a Pharmacy Technician or as part of the store leadership team.
What You’ll Need To Have
Completed the Pharmacy Advisor qualification NVQ2 (or equivalent) or are currently working towards and have completed the first year of an MPharm qualification.
Current and valid UK right to work. This role is not eligible for sponsorship for a Skilled Worker Visa.
It would be great if you also have
Experience working in community pharmacy
Our benefits
Discretionary Christmas Gift Payment
Generous staff discount
Enhanced maternity/paternity/adoption leave pay and gift card for anyone expecting or adopting a child
Flexible benefits scheme
Access to free, 24/7 counselling and support through TELUS Health, our Employee Assistance Programme.
We have a great range of benefits in addition to the above that offer flexibility to suit you - find out more at boots.jobs/rewards. Please note, any salary estimates given on third-party sites are not provided or endorsed by Boots and may not be accurate.
Why Boots
We're always looking for people who care; people who go the extra mile to change things for the better. You'll be joining a company that is evolving and always looking to improve. We foster a working environment where consideration and inclusivity help everyone to be themselves and reach their full potential. We are proud to be an equal opportunity employer, and we are passionate about embracing the diversity of our colleagues by providing a positive and inclusive working environment for all. As the heart of everything we do at Boots, with you, we change for the better.
What’s Next
Your application will be reviewed by our team, and we will contact you as soon as we can. If successful, we will contact you to arrange an interview with the hiring manager.
Where a role is advertised as full-time, we are open to discussing part-time and job share options during the application process. If you require additional support as part of the application and interview process, we are happy to provide reasonable adjustments to help you to be at your best.
This role requires the successful candidate to complete a Pre-employment check after receiving an offer. Depending on your location you will be asked to submit either a DBS (Disclosure & Barring Service), PVG (Protection of Vulnerable groups) or an Access NI Check.
Boots is a Ban the Box employer and will consider the suitability of applicants with criminal convictions on a case-by-case basis.
Show more
Show less",Not Applicable,Part-time,Health Care Provider,Retail
4441306259,Valeter,Arnold Clark,"Glasgow, Scotland, United Kingdom",3 weeks ago,2026-07-17,https://uk.linkedin.com/jobs/view/valeter-at-arnold-clark-4441306259,"We are looking for an enthusiastic and motivated Valeter to join our Central Car Auctions team in Baillieston.
We Offer
Up to £33,500 on target earnings
33 days’ holiday allowance with room to grow
Generous retail discounts
Private healthcare
Simplyhealth – all employees have access to a GP 24/7 and can claim money back on medical and dental treatments
Pension scheme
Maternity and paternity packages
Opportunities for training and progression
And much more…
Hours
Full time: 2 week rolling rota of Monday - Friday 7am - 4:30pm & Monday - Friday 9am - 6:30pm
About The Role
As an Arnold Clark Valeter, you’ll be responsible for ensuring all our vehicles are presented in sparkling condition.
This position will be a perfect fit for someone who enjoys working in an active, physical role, has meticulous attention to detail and is a fantastic team player.
Day-to-day duties
Cleaning sold and stock vehicles to a high standard
Cleaning vehicles externally with a high-powered pressure washer
Using a high-powered vacuum to clean and shampoo vehicle interiors
Working with a polishing/buffing machine to enhance bodywork
Complying with health and safety procedures while working with chemicals
Making sure that all equipment and machinery is properly maintained and secure at all times, reporting any defects and complying with manufacturers’ instructions and PPE recommendations
Working to set timeframes and targets
Using an online diary system to manage vehicle schedule
Completing a daily record of work completed
Other duties to support the branch as required
Essential Skills
Full UK driving licence.
Basic computer skills.
High level of attention to detail.
Self-motivation with the ability to work as part of a team.
The ability to multi-task.
Willingness to participate in training programmes.
Valet experience is preferred but not essential, training can be provided for a candidate who demonstrates a high level of enthusiasm and the other required criteria. Arnold Clark also operates a Valet Academy which all new valet staff will attend.
Our Culture
Arnold Clark is committed to creating a diverse and inclusive workplace. We strive to create an environment where collaboration, unique perspectives and multiple approaches are celebrated. We care about our employees and our communities, we nurture talent and encourage ambition, and we are passionate about people who take pride in their work. Our employees are at the heart of everything we do – diverse in our make-up, united in our goals.
To find out more about Life at Arnold Clark , visit our website.
Employment within the Arnold Clark Group is offered subject to satisfactory reference and disclosure check.
Show more
Show less",Not Applicable,Full-time,Other,"Motor Vehicle Manufacturing, Hospitality, and Retail"
4448366758,Cleaner,OCS,"Livingston, Scotland, United Kingdom",5 days ago,2026-08-03,https://uk.linkedin.com/jobs/view/cleaner-at-ocs-4448366758,"About The Role:
Working Pattern:
5 days out of 7 (These can be discussed and confirmed at interview) - 1.30pm to 9.30pm
As a Cleaner at OCS, you will play a crucial role in providing safe, clean environments in which our customers can thrive in their workspaces.
Key responsibilities:
Tidying up work areas, cleaning floors and communal areas including bathrooms, as required
Vacuuming, sweeping, mopping, dusting/damp wiping, emptying bins and other tasks as required.
You may come into regular contact with customers so you must be able to assist them if needed.
You must complete all relevant Health & Safety records and attend training courses when needed.
The ideal candidate should meet the following criteria:
You must have Right to Work in the UK.
A background in cleaning would be advantageous.
Attention to detail and thoroughness in completing tasks.
Why join OCS?
✅ OCS are ranked 36th on Glassdoor’s Best Companies to Work For in 2025, reflecting our dedication to building a supportive workplace where our colleagues feel valued and motivated.
🚀 We believe in investing in our colleague’s futures. The OCS Academy provides a range of digital courses and resources that will allow you to grow your personal skills and advance your career .
🙂 With our Hapi app, you can gain access to exclusive discounts, reward s and wellbeing resources.
🌟 Our values are Trust, Respect, Unity and Empowerment – they’re TRUE. Guided by these values and principles, we’re on a mission to make people and places the best they can be , this includes our TRUE start Awards.
📝 We now have over 600 live apprenticeships in the UK & Ireland — with a target of 1,000. That means more growth, more careers , more opportunity, allowing our employees to empower themselves with further development and qualifications!
💰 Access a portion of earned wages before payday with our Wagestream App! (eligibility for this benefit can be discussed at interview as this benefit is specific to business contracts)
WAGESTREAM IS CONTRACT SPECIFIC
About The Company:
OCS UK & Ireland is a leading facilities management company with 50,000+ colleagues and a turnover in excess of £2bn. We deliver innovative, award-winning services within facilities management, hard services, cleaning, security and catering.
Our mission is to make people and places the best they can be for our colleagues, customers and the communities we serve. Our commitment to doing business the right way is rooted in our TRUE values -
Trust, Respect, Unity, and Empowerment.
Why Work for OCS?
✅
Award-Winning Employer
: Ranked 36th on Glassdoor’s Best Companies to Work For 2025 — we value and motivate our people.
🚀
Digital Learning
: The OCS Academy offers digital courses and resources to help you build skills and grow your career.
🙂
Retail Perks
With our Hapi app, you can gain access to exclusive discounts, rewards and wellbeing resources.
📝
Professional Growth
: 600+ live learners across UK&I — Empowering colleagues with further development and qualifications!
💰
Flexible Pay
: Access a portion of earned wages before payday with our Wagestream App! (Contract Specific)
How to Apply:
If you are interested in joining a business that encourages professional development, career progression and the chance to work with inspirational people then please click apply and register your interest! You can also sign up to our job alerts when registering which will notify you when other suitable vacancies are available.
We are an equal opportunities employer and rely on a diverse workforce with a broad range of knowledge, skills, and backgrounds to deliver our goals. We offer an inclusive and welcoming environment and actively encourage applications from all individuals regardless of race, gender, nationality, religion, sexual orientation, disability, or age.
Show more
Show less",Not Applicable,Full-time,Management and Manufacturing,Facilities Services
4440060802,Dispenser,Boots UK,"Alloa, Scotland, United Kingdom",3 weeks ago,2026-07-13,https://uk.linkedin.com/jobs/view/dispenser-at-boots-uk-4440060802,,,,,
4446826351,Dispenser,Boots UK,"Johnstone, Scotland, United Kingdom",1 week ago,2026-07-29,https://uk.linkedin.com/jobs/view/dispenser-at-boots-uk-4446826351,"The hourly rate for this role is £13.92 and up to £16.64 across selected locations within London.
About The Opportunity
As a Dispenser working within one of our stores, you will be key member of our pharmacy team as you support the pharmacist and other healthcare professionals in your store to ensure the safe and efficient delivery of pharmacy and healthcare services.
Working within the healthcare department of the store, you will spend your time building great relationships with patients by listening and understanding their needs. From greeting customers, dispensing prescriptions and ensuring the safe sale of medicines, to providing advice using your healthcare knowledge to support patients in making informed decisions about their health and wellness – you’ll get to make a difference every day.
This is a role based in store within the UK. Remote applicants will not be considered and applications from candidates outside the UK will not be progressed unless relevant UK qualifications and right to work can be confirmed and evidenced.
Key Responsibilities
Prescription dispensing whilst ensuring the safe supply of medicines e.g. ordering medicines, labelling, dispensing, endorsing and collection of prescriptions.
Work with the other healthcare professionals in your store to assist in the management and delivery of pharmacy services
Provide care and advice to patients about medicines and to refer queries to the Pharmacist as appropriate.
Following Standard Operating Procedures (SOP) to support the safe and legal dispensing of prescriptions
Keeping up to date with new innovations in store and comply with operational processes.
Support patients to manage their prescriptions their way with reliable repeats and manage their medicines effectively to promote adherence and reduce waste.
Working with evolving technologies within store, you will have the opportunity to work with new systems, which helps to develop the traditional dispensing processes to further improve patient safety and release your time to spend more time with patients.
You will be provided with regular updates and training to develop your healthcare knowledge, as well as plenty of career development options including the opportunity to train as a Pharmacy Technician or as part of the store leadership team.
What You’ll Need To Have
Completed the Pharmacy Advisor qualification NVQ2 (or equivalent) or are currently working towards and have completed the first year of an MPharm qualification.
Current and valid UK right to work. This role is not eligible for sponsorship for a Skilled Worker Visa.
It would be great if you also have
Experience working in community pharmacy
Our benefits
Discretionary Christmas Gift Payment
Generous staff discount
Enhanced maternity/paternity/adoption leave pay and gift card for anyone expecting or adopting a child
Flexible benefits scheme
Access to free, 24/7 counselling and support through TELUS Health, our Employee Assistance Programme.
We have a great range of benefits in addition to the above that offer flexibility to suit you - find out more at boots.jobs/rewards. Please note, any salary estimates given on third-party sites are not provided or endorsed by Boots and may not be accurate.
Why Boots
We're always looking for people who care; people who go the extra mile to change things for the better. You'll be joining a company that is evolving and always looking to improve. We foster a working environment where consideration and inclusivity help everyone to be themselves and reach their full potential. We are proud to be an equal opportunity employer, and we are passionate about embracing the diversity of our colleagues by providing a positive and inclusive working environment for all. As the heart of everything we do at Boots, with you, we change for the better.
What’s Next
Your application will be reviewed by our team, and we will contact you as soon as we can. If successful, we will contact you to arrange an interview with the hiring manager.
Where a role is advertised as full-time, we are open to discussing part-time and job share options during the application process. If you require additional support as part of the application and interview process, we are happy to provide reasonable adjustments to help you to be at your best.
This role requires the successful candidate to complete a Pre-employment check after receiving an offer. Depending on your location you will be asked to submit either a DBS (Disclosure & Barring Service), PVG (Protection of Vulnerable groups) or an Access NI Check.
Boots is a Ban the Box employer and will consider the suitability of applicants with criminal convictions on a case-by-case basis.
Show more
Show less",Not Applicable,Part-time,Health Care Provider,Retail
4428112683,Dispensing Optician,Boots UK,"Edinburgh, Scotland, United Kingdom",1 month ago,2026-06-12,https://uk.linkedin.com/jobs/view/dispensing-optician-at-boots-uk-4428112683,"What You’ll Be Doing
As a qualified Dispensing Optician, you will be providing a high level of customer care and expert advice to make a real difference to our customers and keep them coming back. You will work in one of our stores, reporting to the Store Manager.
Key Responsibilities
Providing clinical support in store for regulated dispensing
Inspiring your Optical team by sharing your knowledge to offer the very best service.
Listening to the needs of customers and offer expertise and advice.
Helping our customers to choose the correct eyewear and offer guidance to ensure our customers receive the best product suited to their needs.
Supporting the team to deliver an efficient model day and operational processes to ensure that the business trades legally.
Providing expert knowledge for patients with more specialist requirements.
What You’ll Need To Have (our Must-haves)
Registered with the General Optical Council (GOC)
Passion for your own learning and development, completing all CPD training as part of the GOC requirement.
It would be great if you also have
Ability to embrace new technologies
Where your brilliance can take you
At Boots Opticians, your clinical career can go in many directions – from clinician and non-clinical leadership roles to even owning your own Boots Opticians store through our Franchise Academy. Whatever path you choose, we’ll help you get there.
Rewards designed for you
Boots Retirement Savings Plan
Discretionary annual bonus
Generous employee discounts
Enhanced maternity/paternity/adoption leave pay and gift card for anyone expecting or adopting a child
Flexible benefits scheme including option to buy additional holiday, discounted gym membership, life assurance, activity passes and much more.
Access to free, 24/7 counselling and support through TELUS Health, our Employee Assistance Programme.
There’s lots more in our benefits and discounts, MyBoosts – there to give you that little lift in your everyday. Find out more at http://boots.jobs/rewards. Exclusions may apply; eligible roles only. Please note that any salary estimates provided on third-party sites are not endorsed by Boots Opticians and may not be accurate.
A Bit About Us
At Boots Opticians, we help everyone see what’s possible, from our customers to our colleagues. We’re a proud equal opportunity employer, and the diversity of our colleagues is so important to us, as we create a positive and inclusive workplace for everyone who steps through the door. With a supportive team and trusted brand behind you, join us, and be brilliant with Boots.
What’s next?
If you apply, our team will be in touch to let you know the outcome of your application or to arrange next steps. Where a role is advertised as full-time, we are open to discussing part-time and job share options. If you require additional support as part of the application and interview process, we are happy to provide reasonable adjustments to help you be at your best.
This role requires the successful candidate to complete a pre-employment check after receiving an offer. Depending on your location, you will be asked to submit either a DBS (Disclosure & Barring Service), PVG (Protection of Vulnerable Groups) or an Access NI Check.
Boots is a Ban the Box employer and will consider the suitability of applicants with criminal convictions on a case-by-case basis.
We hope to hear from you soon.
Be brilliant with Boots.
Show more
Show less",Not Applicable,Full-time,Health Care Provider,Retail
4430613949,Driver - Home Delivery,Morrisons,"Livingston, Scotland, United Kingdom",2 hours ago,2026-08-09,https://uk.linkedin.com/jobs/view/driver-home-delivery-at-morrisons-4430613949,"Is driving right up your street? Fancy delivering ‘miles’ of smiles to our customers' doors?
Do you have a helpful and friendly style, enjoy meeting new people and going above and beyond for customers?
Our home delivery drivers love their fast paced, varied role where no two days are the same. Thriving on making our customers happy every day by delivering our products fresh and on time!
We would love to hear from you if you’ve had your full driving licence over 1 year, no more than 6 points on your licence and are over 18 years old.
In return for your hard work we will offer you:
Fully flexible shift patterns
Six weeks holiday (including bank holidays)
15% discount in our supermarkets and convenience stores available from the day you join us
Additional 10% discount card for a Friend or Family member
Career progression and development opportunities
Subsidised in store cafe or shop floor ranges
Competitive pension and life assurance
Healthcare/Well-being benefits including Aviva Digital GP
Morrisons MyPerks with discounts at high street shops, cinemas and gyms, and lots more
Optional Payroll charity donations
A range of family friendly policies including 26 weeks maternity and adoption leave along with neonatal and fertility leave
We want to provide everyone with the opportunity to succeed in their role and career with us. It’s one of our main ambitions here at Morrisons, so this could just be the start of your Morrisons journey.
About You
You’ll be the kind of person who:
Loves meeting new people and going above and beyond for our customers
Enjoys being active and working in a fast paced varied environment
Likes to use your own initiative to help support and resolve customer queries
Has the ability to use a range of equipment whilst maintaining high standards of Health & Safety
Is comfortable with lifting and moving our totes which can weigh up to 18kg
What happens next?
Click apply today to join our team - it only takes a couple of minutes! We’ll contact you soon, so please check your emails and phone regularly.
Please note: We will only recruit individuals who are over the school leaver’s age. To find out the school leavers age please visit the following link
At Morrisons, we are committed to ensuring a fair and inclusive recruitment process. You can find answers to common questions on our FAQs page, including how to request reasonable adjustments. Should you need any reasonable adjustments at any stage of the process, please let us know and we'd be happy to support you.
About Us
We love providing our customers with a great shopping experience they won’t find anywhere else. We are one of the UK’s largest supermarkets, we provide great value for money and good quality fresh food and groceries to over 11 million customers every week. Our focus on freshness makes us stand out as we prepare more fresh food in-store than any other supermarket.
We’ve lots of opportunities for you to play your part. So, whether you want to make the freshest food or serve our customers, we’d love to meet you... We're Foodmakers and Shopkeepers and together, we make Morrisons. What we make, makes us who we are
Show more
Show less",Not Applicable,Full-time,Management and Manufacturing,Retail
4450229729,Dispenser,Boots UK,"Paisley, Scotland, United Kingdom",3 days ago,2026-08-06,https://uk.linkedin.com/jobs/view/dispenser-at-boots-uk-4450229729,"The hourly rate for this role is £13.92 and up to £16.64 across selected locations within London.
About The Opportunity
As a Dispenser working within one of our stores, you will be key member of our pharmacy team as you support the pharmacist and other healthcare professionals in your store to ensure the safe and efficient delivery of pharmacy and healthcare services.
Working within the healthcare department of the store, you will spend your time building great relationships with patients by listening and understanding their needs. From greeting customers, dispensing prescriptions and ensuring the safe sale of medicines, to providing advice using your healthcare knowledge to support patients in making informed decisions about their health and wellness – you’ll get to make a difference every day.
This is a role based in store within the UK. Remote applicants will not be considered and applications from candidates outside the UK will not be progressed unless relevant UK qualifications and right to work can be confirmed and evidenced.
Key Responsibilities
Prescription dispensing whilst ensuring the safe supply of medicines e.g. ordering medicines, labelling, dispensing, endorsing and collection of prescriptions.
Work with the other healthcare professionals in your store to assist in the management and delivery of pharmacy services
Provide care and advice to patients about medicines and to refer queries to the Pharmacist as appropriate.
Following Standard Operating Procedures (SOP) to support the safe and legal dispensing of prescriptions
Keeping up to date with new innovations in store and comply with operational processes.
Support patients to manage their prescriptions their way with reliable repeats and manage their medicines effectively to promote adherence and reduce waste.
Working with evolving technologies within store, you will have the opportunity to work with new systems, which helps to develop the traditional dispensing processes to further improve patient safety and release your time to spend more time with patients.
You will be provided with regular updates and training to develop your healthcare knowledge, as well as plenty of career development options including the opportunity to train as a Pharmacy Technician or as part of the store leadership team.
What You’ll Need To Have
Completed the Pharmacy Advisor qualification NVQ2 (or equivalent) or are currently working towards and have completed the first year of an MPharm qualification.
Current and valid UK right to work. This role is not eligible for sponsorship for a Skilled Worker Visa.
It would be great if you also have
Experience working in community pharmacy
Our benefits
Discretionary Christmas Gift Payment
Generous staff discount
Enhanced maternity/paternity/adoption leave pay and gift card for anyone expecting or adopting a child
Flexible benefits scheme
Access to free, 24/7 counselling and support through TELUS Health, our Employee Assistance Programme.
We have a great range of benefits in addition to the above that offer flexibility to suit you - find out more at boots.jobs/rewards. Please note, any salary estimates given on third-party sites are not provided or endorsed by Boots and may not be accurate.
Why Boots
We're always looking for people who care; people who go the extra mile to change things for the better. You'll be joining a company that is evolving and always looking to improve. We foster a working environment where consideration and inclusivity help everyone to be themselves and reach their full potential. We are proud to be an equal opportunity employer, and we are passionate about embracing the diversity of our colleagues by providing a positive and inclusive working environment for all. As the heart of everything we do at Boots, with you, we change for the better.
What’s Next
Your application will be reviewed by our team, and we will contact you as soon as we can. If successful, we will contact you to arrange an interview with the hiring manager.
Where a role is advertised as full-time, we are open to discussing part-time and job share options during the application process. If you require additional support as part of the application and interview process, we are happy to provide reasonable adjustments to help you to be at your best.
This role requires the successful candidate to complete a Pre-employment check after receiving an offer. Depending on your location you will be asked to submit either a DBS (Disclosure & Barring Service), PVG (Protection of Vulnerable groups) or an Access NI Check.
Boots is a Ban the Box employer and will consider the suitability of applicants with criminal convictions on a case-by-case basis.
Show more
Show less",Not Applicable,Part-time,Health Care Provider,Retail
4449994058,Dispenser,Boots UK,"Irvine, Scotland, United Kingdom",3 days ago,2026-08-06,https://uk.linkedin.com/jobs/view/dispenser-at-boots-uk-4449994058,"The hourly rate for this role is £13.92 and up to £16.64 across selected locations within London.
About The Opportunity
As a Dispenser working within one of our stores, you will be key member of our pharmacy team as you support the pharmacist and other healthcare professionals in your store to ensure the safe and efficient delivery of pharmacy and healthcare services.
Working within the healthcare department of the store, you will spend your time building great relationships with patients by listening and understanding their needs. From greeting customers, dispensing prescriptions and ensuring the safe sale of medicines, to providing advice using your healthcare knowledge to support patients in making informed decisions about their health and wellness – you’ll get to make a difference every day.
This is a role based in store within the UK. Remote applicants will not be considered and applications from candidates outside the UK will not be progressed unless relevant UK qualifications and right to work can be confirmed and evidenced.
Key Responsibilities
Prescription dispensing whilst ensuring the safe supply of medicines e.g. ordering medicines, labelling, dispensing, endorsing and collection of prescriptions.
Work with the other healthcare professionals in your store to assist in the management and delivery of pharmacy services
Provide care and advice to patients about medicines and to refer queries to the Pharmacist as appropriate.
Following Standard Operating Procedures (SOP) to support the safe and legal dispensing of prescriptions
Keeping up to date with new innovations in store and comply with operational processes.
Support patients to manage their prescriptions their way with reliable repeats and manage their medicines effectively to promote adherence and reduce waste.
Working with evolving technologies within store, you will have the opportunity to work with new systems, which helps to develop the traditional dispensing processes to further improve patient safety and release your time to spend more time with patients.
You will be provided with regular updates and training to develop your healthcare knowledge, as well as plenty of career development options including the opportunity to train as a Pharmacy Technician or as part of the store leadership team.
What You’ll Need To Have
Completed the Pharmacy Advisor qualification NVQ2 (or equivalent) or are currently working towards and have completed the first year of an MPharm qualification.
Current and valid UK right to work. This role is not eligible for sponsorship for a Skilled Worker Visa.
It would be great if you also have
Experience working in community pharmacy
Our benefits
Discretionary Christmas Gift Payment
Generous staff discount
Enhanced maternity/paternity/adoption leave pay and gift card for anyone expecting or adopting a child
Flexible benefits scheme
Access to free, 24/7 counselling and support through TELUS Health, our Employee Assistance Programme.
We have a great range of benefits in addition to the above that offer flexibility to suit you - find out more at boots.jobs/rewards. Please note, any salary estimates given on third-party sites are not provided or endorsed by Boots and may not be accurate.
Why Boots
We're always looking for people who care; people who go the extra mile to change things for the better. You'll be joining a company that is evolving and always looking to improve. We foster a working environment where consideration and inclusivity help everyone to be themselves and reach their full potential. We are proud to be an equal opportunity employer, and we are passionate about embracing the diversity of our colleagues by providing a positive and inclusive working environment for all. As the heart of everything we do at Boots, with you, we change for the better.
What’s Next
Your application will be reviewed by our team, and we will contact you as soon as we can. If successful, we will contact you to arrange an interview with the hiring manager.
Where a role is advertised as full-time, we are open to discussing part-time and job share options during the application process. If you require additional support as part of the application and interview process, we are happy to provide reasonable adjustments to help you to be at your best.
This role requires the successful candidate to complete a Pre-employment check after receiving an offer. Depending on your location you will be asked to submit either a DBS (Disclosure & Barring Service), PVG (Protection of Vulnerable groups) or an Access NI Check.
Boots is a Ban the Box employer and will consider the suitability of applicants with criminal convictions on a case-by-case basis.
Show more
Show less",Not Applicable,Part-time,Health Care Provider,Retail
4435842285,Dispenser,Boots UK,"Irvine, Scotland, United Kingdom",1 month ago,2026-07-01,https://uk.linkedin.com/jobs/view/dispenser-at-boots-uk-4435842285,"The hourly rate for this role is £13.92 and up to £16.64 across selected locations within London.
About The Opportunity
As a Dispenser working within one of our stores, you will be key member of our pharmacy team as you support the pharmacist and other healthcare professionals in your store to ensure the safe and efficient delivery of pharmacy and healthcare services.
Working within the healthcare department of the store, you will spend your time building great relationships with patients by listening and understanding their needs. From greeting customers, dispensing prescriptions and ensuring the safe sale of medicines, to providing advice using your healthcare knowledge to support patients in making informed decisions about their health and wellness – you’ll get to make a difference every day.
This is a role based in store within the UK. Remote applicants will not be considered and applications from candidates outside the UK will not be progressed unless relevant UK qualifications and right to work can be confirmed and evidenced.
Key Responsibilities
Prescription dispensing whilst ensuring the safe supply of medicines e.g. ordering medicines, labelling, dispensing, endorsing and collection of prescriptions.
Work with the other healthcare professionals in your store to assist in the management and delivery of pharmacy services
Provide care and advice to patients about medicines and to refer queries to the Pharmacist as appropriate.
Following Standard Operating Procedures (SOP) to support the safe and legal dispensing of prescriptions
Keeping up to date with new innovations in store and comply with operational processes.
Support patients to manage their prescriptions their way with reliable repeats and manage their medicines effectively to promote adherence and reduce waste.
Working with evolving technologies within store, you will have the opportunity to work with new systems, which helps to develop the traditional dispensing processes to further improve patient safety and release your time to spend more time with patients.
You will be provided with regular updates and training to develop your healthcare knowledge, as well as plenty of career development options including the opportunity to train as a Pharmacy Technician or as part of the store leadership team.
What You’ll Need To Have
Completed the Pharmacy Advisor qualification NVQ2 (or equivalent) or are currently working towards and have completed the first year of an MPharm qualification.
Current and valid UK right to work. This role is not eligible for sponsorship for a Skilled Worker Visa.
It would be great if you also have
Experience working in community pharmacy
Our benefits
Discretionary Christmas Gift Payment
Generous staff discount
Enhanced maternity/paternity/adoption leave pay and gift card for anyone expecting or adopting a child
Flexible benefits scheme
Access to free, 24/7 counselling and support through TELUS Health, our Employee Assistance Programme.
We have a great range of benefits in addition to the above that offer flexibility to suit you - find out more at boots.jobs/rewards. Please note, any salary estimates given on third-party sites are not provided or endorsed by Boots and may not be accurate.
Why Boots
We're always looking for people who care; people who go the extra mile to change things for the better. You'll be joining a company that is evolving and always looking to improve. We foster a working environment where consideration and inclusivity help everyone to be themselves and reach their full potential. We are proud to be an equal opportunity employer, and we are passionate about embracing the diversity of our colleagues by providing a positive and inclusive working environment for all. As the heart of everything we do at Boots, with you, we change for the better.
What’s Next
Your application will be reviewed by our team, and we will contact you as soon as we can. If successful, we will contact you to arrange an interview with the hiring manager.
Where a role is advertised as full-time, we are open to discussing part-time and job share options during the application process. If you require additional support as part of the application and interview process, we are happy to provide reasonable adjustments to help you to be at your best.
This role requires the successful candidate to complete a Pre-employment check after receiving an offer. Depending on your location you will be asked to submit either a DBS (Disclosure & Barring Service), PVG (Protection of Vulnerable groups) or an Access NI Check.
Boots is a Ban the Box employer and will consider the suitability of applicants with criminal convictions on a case-by-case basis.
Show more
Show less",Not Applicable,Part-time,Health Care Provider,Retail
4444359202,Panel Beater,Arnold Clark,"Ayr, Scotland, United Kingdom",2 weeks ago,2026-07-24,https://uk.linkedin.com/jobs/view/panel-beater-at-arnold-clark-4444359202,"We Offer Our Panel Beaters
Up to £49,000 DOE plus benefits
Additional opportunity to earn up to £9,000 every three years in performance-based bonuses – terms and conditions apply
Ayr BYD
44 hours per week
Starting from 33 days’ annual leave, increasing with service
Flexible hours
Salary review twice per year
Excellent opportunities to continue training and career progression
Generous employee discounts
Private healthcare and sick pay cover
Maternity and paternity packages
Hours
Monday – Thursday 8am – 5.30pm and Friday 8am - 4.30pm
About The Role
Working as part of an efficient team, you’ll take great pride in restoring damaged vehicles to their former glory while following manufacturer guidelines. This position will be ideal for someone with a passion for repairing accident-damaged vehicles to the highest possible standard.
Essential Skills
Full experience in accident damage repair
A high level of skill in panel beating
Ability to use a range of different techniques
Ability to follow instructions effectively
Day-to-day duties
Following written instructions
Replacing and repairing damaged panels
Welding new panels into place
Stripping and rebuilding accident-damaged vehicles
Safely and correctly using a range of hand and power tools
Our Culture
Arnold Clark is committed to creating a diverse and inclusive workplace. We strive to create an environment where collaboration, unique perspectives and multiple approaches are celebrated. We care about our employees and our communities, we nurture talent and encourage ambition, and we are passionate about people who take pride in their work. Our employees are at the heart of everything we do – diverse in our make-up, united in our goals.
To find out more about Life at Arnold Clark , visit our website.
Employment within the Arnold Clark Group is offered subject to satisfactory reference and disclosure check.
Show more
Show less",Not Applicable,Internship,Engineering and Information Technology,"Motor Vehicle Manufacturing, Hospitality, and Retail"
4450590226,Driver - Home Delivery,Morrisons,"Glenrothes, Scotland, United Kingdom",1 day ago,2026-08-08,https://uk.linkedin.com/jobs/view/driver-home-delivery-at-morrisons-4450590226,"Is driving right up your street? Fancy delivering ‘miles’ of smiles to our customers' doors?
Do you have a helpful and friendly style, enjoy meeting new people and going above and beyond for customers?
Our home delivery drivers love their fast paced, varied role where no two days are the same. Thriving on making our customers happy every day by delivering our products fresh and on time!
We would love to hear from you if you’ve had your full driving licence over 1 year, no more than 6 points on your licence and are over 18 years old.
In return for your hard work we will offer you:
Fully flexible shift patterns
Six weeks holiday (including bank holidays)
15% discount in our supermarkets and convenience stores available from the day you join us
Additional 10% discount card for a Friend or Family member
Career progression and development opportunities
Subsidised in store cafe or shop floor ranges
Competitive pension and life assurance
Healthcare/Well-being benefits including Aviva Digital GP
Morrisons MyPerks with discounts at high street shops, cinemas and gyms, and lots more
Optional Payroll charity donations
A range of family friendly policies including 26 weeks maternity and adoption leave along with neonatal and fertility leave
We want to provide everyone with the opportunity to succeed in their role and career with us. It’s one of our main ambitions here at Morrisons, so this could just be the start of your Morrisons journey.
About You
You’ll be the kind of person who:
Loves meeting new people and going above and beyond for our customers
Enjoys being active and working in a fast paced varied environment
Likes to use your own initiative to help support and resolve customer queries
Has the ability to use a range of equipment whilst maintaining high standards of Health & Safety
Is comfortable with lifting and moving our totes which can weigh up to 18kg
What happens next?
Click apply today to join our team - it only takes a couple of minutes! We’ll contact you soon, so please check your emails and phone regularly.
Please note: We will only recruit individuals who are over the school leaver’s age. To find out the school leavers age please visit the following link
At Morrisons, we are committed to ensuring a fair and inclusive recruitment process. You can find answers to common questions on our FAQs page, including how to request reasonable adjustments. Should you need any reasonable adjustments at any stage of the process, please let us know and we'd be happy to support you.
About Us
We love providing our customers with a great shopping experience they won’t find anywhere else. We are one of the UK’s largest supermarkets, we provide great value for money and good quality fresh food and groceries to over 11 million customers every week. Our focus on freshness makes us stand out as we prepare more fresh food in-store than any other supermarket.
We’ve lots of opportunities for you to play your part. So, whether you want to make the freshest food or serve our customers, we’d love to meet you... We're Foodmakers and Shopkeepers and together, we make Morrisons. What we make, makes us who we are
Show more
Show less",Not Applicable,Full-time,Management and Manufacturing,Retail
4430955080,Cleaner,OCS,"Musselburgh, Scotland, United Kingdom",1 month ago,2026-07-01,https://uk.linkedin.com/jobs/view/cleaner-at-ocs-4430955080,"About The Role:
Main Purpose:
To maintain the school premises to a high standard of cleanliness; required to clean all rooms, including classrooms, offices, toilets, cloakrooms, staircases, and all other areas in use.
The position is a term time post. You will be required to participate in the annual deep clean of the school for 2 weeks during the summer holidays.
Key Responsibilities:
To be responsible for cleaning areas of the school site as allocated by the cleaning supervisor.
To use cleaning materials as instructed by the cleaning supervisor.
To operate cleaning machinery in cleaning soft and hard surfaces, e.g. vacuum cleaners and polishers.
To maintain confidentiality in respect of school-related matters and to prevent disclosure of confidential and sensitive information.
Vacuum cleaning hard and soft floors.
Spot cleaning of spillages.
Wiping furniture, ledges, pipes, paintwork, doors and polishing door glass and windows.
Emptying and cleaning waste and recycling bins.
Cleaning toilets including sanitary fittings and surrounds.
Mopping and spray cleaning hard floor surfaces.
Wiping and polishing and straightening furniture.
Replenishing supplies in toilets and classrooms, etc.
Checking and closing windows, switching off lights after work, locking doors when rooms are completed.
Reporting of misuse or vandalism.
During holiday periods when the school is closed, or annual deep cleans routine cleaning is undertaken throughout the school. This may include, removing chewing gum from floors, under desks, etc., high level dusting, wall washing, and moving furniture to deep clean classrooms, etc.
Undertake any additional cleaning duties as directed, by the Cleaning Supervisor or Soft Services Manager.
All defects/hazards must be immediately reported to the Cleaning Supervisor.
To ensure that all Health & Safety procedures are followed, in accordance with company policies
Skills & Knowledge:
BICSc certification, or equivalent to an appropriate level, or be able to obtain after training.
A track record of delivering a similar role.
Experience in a cleaning environment, preferably multi-site.
About The Company:
OCS UK & Ireland is a leading facilities management company with 50,000+ colleagues and a turnover in excess of £2bn. We deliver innovative, award-winning services within facilities management, hard services, cleaning, security and catering.
Our mission is to make people and places the best they can be for our colleagues, customers and the communities we serve. Our commitment to doing business the right way is rooted in our TRUE values -
Trust, Respect, Unity, and Empowerment.
Why Work for OCS?
✅
Award-Winning Employer
: Ranked 36th on Glassdoor’s Best Companies to Work For 2025 — we value and motivate our people.
🚀
Digital Learning
: The OCS Academy offers digital courses and resources to help you build skills and grow your career.
🙂
Retail Perks
With our Hapi app, you can gain access to exclusive discounts, rewards and wellbeing resources.
📝
Professional Growth
: 600+ live learners across UK&I — Empowering colleagues with further development and qualifications!
💰
Flexible Pay
: Access a portion of earned wages before payday with our Wagestream App! (Contract Specific)
How to Apply:
If you are interested in joining a business that encourages professional development, career progression and the chance to work with inspirational people then please click apply and register your interest! You can also sign up to our job alerts when registering which will notify you when other suitable vacancies are available.
We are an equal opportunities employer and rely on a diverse workforce with a broad range of knowledge, skills, and backgrounds to deliver our goals. We offer an inclusive and welcoming environment and actively encourage applications from all individuals regardless of race, gender, nationality, religion, sexual orientation, disability, or age.
Show more
Show less",Not Applicable,Full-time,Management and Manufacturing,Facilities Services
4437267897,Market Street Baker,Morrisons,"Wishaw, Scotland, United Kingdom",6 days ago,2026-08-03,https://uk.linkedin.com/jobs/view/market-street-baker-at-morrisons-4437267897,"Do you want to join an organisation where you can ‘prove’ yourself?
Are you are passionate about baking, either working as a trained baker or in a bakery or in a professional kitchen. If so, this is an opportunity you ‘Doughnut’ want to miss!
Do you have a naturally helpful and friendly style, enjoy meeting new people and going above and beyond for customers?
As a Market Street Baker you are the face of our fresh bakery in store and as part of your role you will:
Ensure customer confidence in availability of fresh bakery products
Maintain quality, fresh and attractive displays of food throughout the trading day to promote sales
Prepare bakery products for sale to company specification, using the appropriate equipment (e.g. prover, oven, mixer) and bakery skills. This will include a variety of bread, rolls, doughnuts, and fruited products
Deliver outstanding, friendly and helpful service, helping remove barriers and creating moments that matter for our customers, highlighting the traditional skills and fresh products we offer
In return for your hard work we will offer you:
Fully flexible shift patterns
Six weeks holiday (including bank holidays)
15% discount in our supermarkets and convenience stores available from the day you join us
Additional 10% discount card for a Friend or Family member
Career progression and development opportunities
Subsidised in store cafe or shop floor ranges
Competitive pension and life assurance
Healthcare/Well-being benefits including Aviva Digital GP
Morrisons MyPerks with discounts at high street shops, cinemas and gyms, and lots more
Optional Payroll charity donations
A range of family friendly policies including 26 weeks maternity and adoption leave along with neonatal and fertility leave
We want to provide everyone with the opportunity to succeed in their role and career with us. It’s one of our main ambitions here at Morrisons, so this could just be the start of your Morrisons journey.
About You
You’ll be the kind of person who:
Is friendly and supportive, loves meeting new people and going above and beyond for our customers
Enjoys being active and working in a fast paced varied environment
Likes to use your own initiative to help support and resolve customer queries
Has the ability to use a range of equipment whilst maintaining high standards of Health & Safety
Has competent Baker skills, mix and mould dough to make bakery products
Enjoys working flexibly across other fresh counters to ensure our customers are catered for across Market Street
What happens next?
Click apply today to join our team - it only takes a couple of minutes! We’ll contact you soon, so please check your emails and phone regularly.
Please note: We will only recruit individuals who are over the school leaver’s age. To find out the school leavers age please visit the following link
At Morrisons, we are committed to ensuring a fair and inclusive recruitment process. You can find answers to common questions on our FAQs page, including how to request reasonable adjustments. Should you need any reasonable adjustments at any stage of the process, please let us know and we'd be happy to support you.
About Us
We love providing our customers with a great shopping experience they won’t find anywhere else. We are one of the UK’s largest supermarkets, we provide great value for money and good quality fresh food and groceries to over 11 million customers every week. Our focus on freshness makes us stand out as we prepare more fresh food in-store than any other supermarket.
We’ve lots of opportunities for you to play your part. So, whether you want to make the freshest food or serve our customers, we’d love to meet you... We're Foodmakers and Shopkeepers and together, we make Morrisons. What we make, makes us who we are
Show more
Show less",Not Applicable,Full-time,Management and Manufacturing,Retail
4450318521,Hygiene Operative,OCS,"Scotland, United Kingdom",2 days ago,2026-08-07,https://uk.linkedin.com/jobs/view/hygiene-operative-at-ocs-4450318521,"About The Role:
We are currently recruiting for a Hygiene Operative to support our client’s site.
At OCS, our cleaners play an important part in providing safe, clean environments in which our customers can thrive in their workspaces. This role is based in a food manufacturing environment.
Your key responsibilities will include, but are not limited to:
Cleaning in a food factory to a level of excellence against food industry standards.
An awareness of the need to maintain high standards of cleanliness and hygiene.
Adhere to safety protocols and guidelines to ensure a secure work environment.
This role may require the use of heavy industrial equipment, specialist chemicals and working at heights.
The ideal candidate should meet the following criteria:
You must have Right to Work in the UK
A background working in cleaning/ food manufacturing environment would be advantageous.
Willingness to work at height.
COSHH and IOSH trained desirable.
About The Company:
OCS UK & Ireland is a leading facilities management company with 50,000+ colleagues and a turnover in excess of £2bn. We deliver innovative, award-winning services within facilities management, hard services, cleaning, security and catering.
Our mission is to make people and places the best they can be for our colleagues, customers and the communities we serve. Our commitment to doing business the right way is rooted in our TRUE values -
Trust, Respect, Unity, and Empowerment.
Why Work for OCS?
✅
Award-Winning Employer
: Ranked 36th on Glassdoor’s Best Companies to Work For 2025 — we value and motivate our people.
🚀
Digital Learning
: The OCS Academy offers digital courses and resources to help you build skills and grow your career.
🙂
Retail Perks
With our Hapi app, you can gain access to exclusive discounts, rewards and wellbeing resources.
📝
Professional Growth
: 600+ live learners across UK&I — Empowering colleagues with further development and qualifications!
💰
Flexible Pay
: Access a portion of earned wages before payday with our Wagestream App! (Contract Specific)
How to Apply:
If you are interested in joining a business that encourages professional development, career progression and the chance to work with inspirational people then please click apply and register your interest! You can also sign up to our job alerts when registering which will notify you when other suitable vacancies are available.
We are an equal opportunities employer and rely on a diverse workforce with a broad range of knowledge, skills, and backgrounds to deliver our goals. We offer an inclusive and welcoming environment and actively encourage applications from all individuals regardless of race, gender, nationality, religion, sexual orientation, disability, or age.
Show more
Show less",Not Applicable,Full-time,Other,Facilities Services
4450321390,Hygiene Operative,OCS,"Scotland, United Kingdom",2 days ago,2026-08-07,https://uk.linkedin.com/jobs/view/hygiene-operative-at-ocs-4450321390,"About The Role:
We are currently recruiting for a Hygiene Operative to support our client’s site.
At OCS, our cleaners play an important part in providing safe, clean environments in which our customers can thrive in their workspaces. This role is based in a food manufacturing environment.
Your key responsibilities will include, but are not limited to:
Cleaning in a food factory to a level of excellence against food industry standards.
An awareness of the need to maintain high standards of cleanliness and hygiene.
Adhere to safety protocols and guidelines to ensure a secure work environment.
This role may require the use of heavy industrial equipment, specialist chemicals and working at heights.
The ideal candidate should meet the following criteria:
You must have Right to Work in the UK
A background working in cleaning/ food manufacturing environment would be advantageous.
Willingness to work at height.
COSHH and IOSH trained desirable.
About The Company:
OCS UK & Ireland is a leading facilities management company with 50,000+ colleagues and a turnover in excess of £2bn. We deliver innovative, award-winning services within facilities management, hard services, cleaning, security and catering.
Our mission is to make people and places the best they can be for our colleagues, customers and the communities we serve. Our commitment to doing business the right way is rooted in our TRUE values -
Trust, Respect, Unity, and Empowerment.
Why Work for OCS?
✅
Award-Winning Employer
: Ranked 36th on Glassdoor’s Best Companies to Work For 2025 — we value and motivate our people.
🚀
Digital Learning
: The OCS Academy offers digital courses and resources to help you build skills and grow your career.
🙂
Retail Perks
With our Hapi app, you can gain access to exclusive discounts, rewards and wellbeing resources.
📝
Professional Growth
: 600+ live learners across UK&I — Empowering colleagues with further development and qualifications!
💰
Flexible Pay
: Access a portion of earned wages before payday with our Wagestream App! (Contract Specific)
How to Apply:
If you are interested in joining a business that encourages professional development, career progression and the chance to work with inspirational people then please click apply and register your interest! You can also sign up to our job alerts when registering which will notify you when other suitable vacancies are available.
We are an equal opportunities employer and rely on a diverse workforce with a broad range of knowledge, skills, and backgrounds to deliver our goals. We offer an inclusive and welcoming environment and actively encourage applications from all individuals regardless of race, gender, nationality, religion, sexual orientation, disability, or age.
Show more
Show less",Not Applicable,Full-time,Other,Facilities Services
4413373123,Installer,Hillarys,"Musselburgh, Scotland, United Kingdom",2 months ago,2026-05-18,https://uk.linkedin.com/jobs/view/installer-at-hillarys-4413373123,"A flexible opportunity that works around you whether you’re looking for Full or Part-Time.
Imagine working for yourself, close to home, at your pace, around your lifestyle and commitments. Our network of over 1200 local Advisors enjoy these benefits, alongside great earnings.
Hillarys, established over 50 years ago, remains the UK’s leading provider of window furnishings solutions with an annual turnover of £250m. We’re still enjoying strong growth and looking for more Advisors to join our team.
As an Installer you will visit customers in their homes to measure and install a fantastic range of products, including shutters. Our team of Design Consultants will process the order and take payment so you can focus on offering great customer service.
If this is unlike anything you’ve done before that’s ok - most of our self-employed Advisors started from the same position and have gone on to run successful Hillarys businesses for many years with our support. Some of our installers have experience in construction or trades such as joiners, carpenters, and window or kitchen fitters. Your strong desire to learn and our award winning training will help you succeed.
We make it easy to find out more so why not join us on a virtual
Discovery Session
and learn everything you need to know about being a Hillarys Advisor. You can ask a current Advisor and one of our Area Managers any relevant questions - all from the comfort of your armchair with zero commitment!
Work for yourself, not by yourself
: the benefits of your own local business, within a model that removes the worries:
We’re experts in advertising so you won’t worry about finding customers
Have the confidence that over 70% of customers go on to purchase from their Hillarys Advisor
You can focus on outstanding Service, ensuring your customers buy, and come back time and again
Flexible hours to suit your lifestyle: manage your own diary and the time you want to commit
There’s a reason that so many Hillarys Advisors are successful. We’re just as committed as you to the partnership - that starts with a comprehensive package: Training-for-life, local business support, a plan that’s built around you, and all the things you’ll need to ensure a professional approach and finish from day one:
All the professional and practical Training you’ll ever need as you start and develop your business.
Comprehensive Sales Toolkit including complete Product samples, Tablet and software
Full Installation Toolkit, including all measuring equipment, and tools (including power tools)
A professional image - Hillarys branded clothing, and personalised business cards & leaflets
This is wrapped into a one-off with investment packages available from £1995 and we’ve even got flexible ways to pay to help spread the investment. This is unquestionably the most simple and effective way to access the UK’s best opportunity. On top of the points above, you’ll need to hold a valid UK driving licence to get to customers locally.
To find out more complete the application form online, join one of our 45-minute Discovery sessions and learn about how good a fit Hillarys could be for you?
Show more
Show less",Not Applicable,Full-time,Information Technology,Construction
4446945772,Hygiene Operative,OCS,"Livingston, Scotland, United Kingdom",1 week ago,2026-07-31,https://uk.linkedin.com/jobs/view/hygiene-operative-at-ocs-4446945772,"About The Role:
Shift Pattern:
Variable Days - 1.30pm to 9.30pm
Please note:
The role will require the candidate to work in lower temperature environment 1 or 2 times per week (temps: +1 and +12)
We are currently recruiting for a Hygiene Operative to support our client’s site.
At OCS, our cleaners play an important part in providing safe, clean environments in which our customers can thrive in their workspaces. This role is based in a food manufacturing environment.
Your key responsibilities will include, but are not limited to:
Cleaning in a food factory to a level of excellence against food industry standards.
An awareness of the need to maintain high standards of cleanliness and hygiene.
Adhere to safety protocols and guidelines to ensure a secure work environment.
This role may require the use of heavy industrial equipment, specialist chemicals and working at heights.
The ideal candidate should meet the following criteria:
You must have Right to Work in the UK
A background working in cleaning/ food manufacturing environment would be advantageous.
Willingness to work at height.
COSHH and IOSH trained desirable.
About The Company:
OCS UK & Ireland is a leading facilities management company with 50,000+ colleagues and a turnover in excess of £2bn. We deliver innovative, award-winning services within facilities management, hard services, cleaning, security and catering.
Our mission is to make people and places the best they can be for our colleagues, customers and the communities we serve. Our commitment to doing business the right way is rooted in our TRUE values -
Trust, Respect, Unity, and Empowerment.
Why Work for OCS?
✅
Award-Winning Employer
: Ranked 36th on Glassdoor’s Best Companies to Work For 2025 — we value and motivate our people.
🚀
Digital Learning
: The OCS Academy offers digital courses and resources to help you build skills and grow your career.
🙂
Retail Perks
With our Hapi app, you can gain access to exclusive discounts, rewards and wellbeing resources.
📝
Professional Growth
: 600+ live learners across UK&I — Empowering colleagues with further development and qualifications!
💰
Flexible Pay
: Access a portion of earned wages before payday with our Wagestream App! (Contract Specific)
How to Apply:
If you are interested in joining a business that encourages professional development, career progression and the chance to work with inspirational people then please click apply and register your interest! You can also sign up to our job alerts when registering which will notify you when other suitable vacancies are available.
We are an equal opportunities employer and rely on a diverse workforce with a broad range of knowledge, skills, and backgrounds to deliver our goals. We offer an inclusive and welcoming environment and actively encourage applications from all individuals regardless of race, gender, nationality, religion, sexual orientation, disability, or age.
Show more
Show less",Not Applicable,Full-time,Other,Facilities Services
4439859716,Valeter - Grangemouth,Assured Group,"Grangemouth, Scotland, United Kingdom",3 weeks ago,2026-07-14,https://uk.linkedin.com/jobs/view/valeter-grangemouth-at-assured-group-4439859716,"We are pleased to confirm that we have an opening available to become part of the client. The Assured Group are proud to continue their working relationship as preferred outsource Vehicle Cleaner / Driver supplier for our client. We are currently recruiting for multiple Vehicle Valeter’s  on behalf of The Assured Group.
In this role, you will be primarily based as an on-site Valeter, with some driving responsibilities. You will be responsible for carrying out the tasks as listed below, whilst ensuring you provide an exceptionally high level of customer service – as Driver / Valeters are often the initial and final point of contact for customers.
Main Duties and Responsibilities of the
Vehicle Valeter:
Valet, clean and detail the interior and exterior of vehicles to a high standard
Deliver and collect a variety of vehicles in accordance with the category of your license entitlement
Ensuring the necessary handover paperwork is completed thoroughly and accurately
Conduct a thorough inspection of vehicles upon delivery and collection, note all relevant findings with regards to damage, defects and faults of said vehicle – and ensure these findings are agreed and signed off by the customer
Adhere to; and promote health and safety protocols and policies to ensure your safety, and the safety of those around you
Qualification and Experience of Vehicle Valeter:
Full UK Driving License that you have held for longer than 1 year – with no more than 6 points
Experience is preferred, however full training will be provided
Skills Requirements of the
Vehicle Valeter:
Customer service skills
Organisational skills
Punctual and reliable demeanour
Positive attitude with an excellent work ethic
Ability to work flexible hours, including Saturdays if requested
Shift / Hours: Will be discussed at Interview Stage
Type:
Will be discussed at Interview Stage
Pay Rate: Will be discussed at Interview Stage
If you are interested in finding out more about what opportunities we can offer you, please reach out to us today and join the team.
For more information, please call us on +44 1926 834 637.
We look forward to hearing from you
Show more
Show less",Not Applicable,Full-time,Other,"Transportation, Logistics, Supply Chain and Storage"
4449496370,Cleaning Operative,OCS,"Livingston, Scotland, United Kingdom",4 days ago,2026-08-05,https://uk.linkedin.com/jobs/view/cleaning-operative-at-ocs-4449496370,"About The Role:
As a Cleaner at OCS, you will play a crucial role in providing safe, clean environments in which our customers can thrive in their workspaces.
Key responsibilities:
Tidying up work areas, cleaning floors and communal areas including bathrooms, as required
Vacuuming, sweeping, mopping, dusting/damp wiping, emptying bins and other tasks as required.
You may come into regular contact with customers so you must be able to assist them if needed.
You must complete all relevant Health & Safety records and attend training courses when needed.
The ideal candidate should meet the following criteria:
You must have Right to Work in the UK.
A background in cleaning would be advantageous.
Attention to detail and thoroughness in completing tasks.
Why join OCS?
✅ OCS are ranked 36th on Glassdoor’s Best Companies to Work For in 2025, reflecting our dedication to building a supportive workplace where our colleagues feel valued and motivated.
🚀 We believe in investing in our colleague’s futures. The OCS Academy provides a range of digital courses and resources that will allow you to grow your personal skills and advance your career .
🙂 With our Hapi app, you can gain access to exclusive discounts, reward s and wellbeing resources.
🌟 Our values are Trust, Respect, Unity and Empowerment – they’re TRUE. Guided by these values and principles, we’re on a mission to make people and places the best they can be , this includes our TRUE start Awards.
📝 We now have over 600 live apprenticeships in the UK & Ireland — with a target of 1,000. That means more growth, more careers , more opportunity, allowing our employees to empower themselves with further development and qualifications!
💰 Access a portion of earned wages before payday with our Wagestream App! (eligibility for this benefit can be discussed at interview as this benefit is specific to business contracts)
WAGESTREAM IS CONTRACT SPECIFIC
About The Company:
OCS UK & Ireland is a leading facilities management company with 50,000+ colleagues and a turnover in excess of £2bn. We deliver innovative, award-winning services within facilities management, hard services, cleaning, security and catering.
Our mission is to make people and places the best they can be for our colleagues, customers and the communities we serve. Our commitment to doing business the right way is rooted in our TRUE values -
Trust, Respect, Unity, and Empowerment.
Why Work for OCS?
✅
Award-Winning Employer
: Ranked 36th on Glassdoor’s Best Companies to Work For 2025 — we value and motivate our people.
🚀
Digital Learning
: The OCS Academy offers digital courses and resources to help you build skills and grow your career.
🙂
Retail Perks
With our Hapi app, you can gain access to exclusive discounts, rewards and wellbeing resources.
📝
Professional Growth
: 600+ live learners across UK&I — Empowering colleagues with further development and qualifications!
💰
Flexible Pay
: Access a portion of earned wages before payday with our Wagestream App! (Contract Specific)
How to Apply:
If you are interested in joining a business that encourages professional development, career progression and the chance to work with inspirational people then please click apply and register your interest! You can also sign up to our job alerts when registering which will notify you when other suitable vacancies are available.
We are an equal opportunities employer and rely on a diverse workforce with a broad range of knowledge, skills, and backgrounds to deliver our goals. We offer an inclusive and welcoming environment and actively encourage applications from all individuals regardless of race, gender, nationality, religion, sexual orientation, disability, or age.
Show more
Show less",Not Applicable,Full-time,Management and Manufacturing,Facilities Services
4428101765,Dispenser,Boots UK,"Houston, Scotland, United Kingdom",1 month ago,2026-06-12,https://uk.linkedin.com/jobs/view/dispenser-at-boots-uk-4428101765,"The hourly rate for this role is £13.92 and up to £16.64 across selected locations within London.
About The Opportunity
As a Dispenser working within one of our stores, you will be key member of our pharmacy team as you support the pharmacist and other healthcare professionals in your store to ensure the safe and efficient delivery of pharmacy and healthcare services.
Working within the healthcare department of the store, you will spend your time building great relationships with patients by listening and understanding their needs. From greeting customers, dispensing prescriptions and ensuring the safe sale of medicines, to providing advice using your healthcare knowledge to support patients in making informed decisions about their health and wellness – you’ll get to make a difference every day.
This is a role based in store within the UK. Remote applicants will not be considered and applications from candidates outside the UK will not be progressed unless relevant UK qualifications and right to work can be confirmed and evidenced.
Key Responsibilities
Prescription dispensing whilst ensuring the safe supply of medicines e.g. ordering medicines, labelling, dispensing, endorsing and collection of prescriptions.
Work with the other healthcare professionals in your store to assist in the management and delivery of pharmacy services
Provide care and advice to patients about medicines and to refer queries to the Pharmacist as appropriate.
Following Standard Operating Procedures (SOP) to support the safe and legal dispensing of prescriptions
Keeping up to date with new innovations in store and comply with operational processes.
Support patients to manage their prescriptions their way with reliable repeats and manage their medicines effectively to promote adherence and reduce waste.
Working with evolving technologies within store, you will have the opportunity to work with new systems, which helps to develop the traditional dispensing processes to further improve patient safety and release your time to spend more time with patients.
You will be provided with regular updates and training to develop your healthcare knowledge, as well as plenty of career development options including the opportunity to train as a Pharmacy Technician or as part of the store leadership team.
What You’ll Need To Have
Completed the Pharmacy Advisor qualification NVQ2 (or equivalent) or are currently working towards and have completed the first year of an MPharm qualification.
Current and valid UK right to work. This role is not eligible for sponsorship for a Skilled Worker Visa.
It would be great if you also have
Experience working in community pharmacy
Our benefits
Discretionary Christmas Gift Payment
Generous staff discount
Enhanced maternity/paternity/adoption leave pay and gift card for anyone expecting or adopting a child
Flexible benefits scheme
Access to free, 24/7 counselling and support through TELUS Health, our Employee Assistance Programme.
We have a great range of benefits in addition to the above that offer flexibility to suit you - find out more at boots.jobs/rewards. Please note, any salary estimates given on third-party sites are not provided or endorsed by Boots and may not be accurate.
Why Boots
We're always looking for people who care; people who go the extra mile to change things for the better. You'll be joining a company that is evolving and always looking to improve. We foster a working environment where consideration and inclusivity help everyone to be themselves and reach their full potential. We are proud to be an equal opportunity employer, and we are passionate about embracing the diversity of our colleagues by providing a positive and inclusive working environment for all. As the heart of everything we do at Boots, with you, we change for the better.
What’s Next
Your application will be reviewed by our team, and we will contact you as soon as we can. If successful, we will contact you to arrange an interview with the hiring manager.
Where a role is advertised as full-time, we are open to discussing part-time and job share options during the application process. If you require additional support as part of the application and interview process, we are happy to provide reasonable adjustments to help you to be at your best.
This role requires the successful candidate to complete a Pre-employment check after receiving an offer. Depending on your location you will be asked to submit either a DBS (Disclosure & Barring Service), PVG (Protection of Vulnerable groups) or an Access NI Check.
Boots is a Ban the Box employer and will consider the suitability of applicants with criminal convictions on a case-by-case basis.
Show more
Show less",Not Applicable,Full-time,Health Care Provider,Retail
4437280175,Market Street Baker,Morrisons,"Bishopbriggs, Scotland, United Kingdom",5 days ago,2026-08-04,https://uk.linkedin.com/jobs/view/market-street-baker-at-morrisons-4437280175,"Do you want to join an organisation where you can ‘prove’ yourself?
Are you are passionate about baking, either working as a trained baker or in a bakery or in a professional kitchen. If so, this is an opportunity you ‘Doughnut’ want to miss!
Do you have a naturally helpful and friendly style, enjoy meeting new people and going above and beyond for customers?
As a Market Street Baker you are the face of our fresh bakery in store and as part of your role you will:
Ensure customer confidence in availability of fresh bakery products
Maintain quality, fresh and attractive displays of food throughout the trading day to promote sales
Prepare bakery products for sale to company specification, using the appropriate equipment (e.g. prover, oven, mixer) and bakery skills. This will include a variety of bread, rolls, doughnuts, and fruited products
Deliver outstanding, friendly and helpful service, helping remove barriers and creating moments that matter for our customers, highlighting the traditional skills and fresh products we offer
In return for your hard work we will offer you:
Fully flexible shift patterns
Six weeks holiday (including bank holidays)
15% discount in our supermarkets and convenience stores available from the day you join us
Additional 10% discount card for a Friend or Family member
Career progression and development opportunities
Subsidised in store cafe or shop floor ranges
Competitive pension and life assurance
Healthcare/Well-being benefits including Aviva Digital GP
Morrisons MyPerks with discounts at high street shops, cinemas and gyms, and lots more
Optional Payroll charity donations
A range of family friendly policies including 26 weeks maternity and adoption leave along with neonatal and fertility leave
We want to provide everyone with the opportunity to succeed in their role and career with us. It’s one of our main ambitions here at Morrisons, so this could just be the start of your Morrisons journey.
About You
You’ll be the kind of person who:
Is friendly and supportive, loves meeting new people and going above and beyond for our customers
Enjoys being active and working in a fast paced varied environment
Likes to use your own initiative to help support and resolve customer queries
Has the ability to use a range of equipment whilst maintaining high standards of Health & Safety
Has competent Baker skills, mix and mould dough to make bakery products
Enjoys working flexibly across other fresh counters to ensure our customers are catered for across Market Street
What happens next?
Click apply today to join our team - it only takes a couple of minutes! We’ll contact you soon, so please check your emails and phone regularly.
Please note: We will only recruit individuals who are over the school leaver’s age. To find out the school leavers age please visit the following link
At Morrisons, we are committed to ensuring a fair and inclusive recruitment process. You can find answers to common questions on our FAQs page, including how to request reasonable adjustments. Should you need any reasonable adjustments at any stage of the process, please let us know and we'd be happy to support you.
About Us
We love providing our customers with a great shopping experience they won’t find anywhere else. We are one of the UK’s largest supermarkets, we provide great value for money and good quality fresh food and groceries to over 11 million customers every week. Our focus on freshness makes us stand out as we prepare more fresh food in-store than any other supermarket.
We’ve lots of opportunities for you to play your part. So, whether you want to make the freshest food or serve our customers, we’d love to meet you... We're Foodmakers and Shopkeepers and together, we make Morrisons. What we make, makes us who we are
Show more
Show less",Not Applicable,Full-time,Management and Manufacturing,Retail
4440061757,Dispenser,Boots UK,"Clydebank, Scotland, United Kingdom",3 weeks ago,2026-07-13,https://uk.linkedin.com/jobs/view/dispenser-at-boots-uk-4440061757,"The hourly rate for this role is £13.92 and up to £16.64 across selected locations within London.
About The Opportunity
As a Dispenser working within one of our stores, you will be key member of our pharmacy team as you support the pharmacist and other healthcare professionals in your store to ensure the safe and efficient delivery of pharmacy and healthcare services.
Working within the healthcare department of the store, you will spend your time building great relationships with patients by listening and understanding their needs. From greeting customers, dispensing prescriptions and ensuring the safe sale of medicines, to providing advice using your healthcare knowledge to support patients in making informed decisions about their health and wellness – you’ll get to make a difference every day.
This is a role based in store within the UK. Remote applicants will not be considered and applications from candidates outside the UK will not be progressed unless relevant UK qualifications and right to work can be confirmed and evidenced.
Key Responsibilities
Prescription dispensing whilst ensuring the safe supply of medicines e.g. ordering medicines, labelling, dispensing, endorsing and collection of prescriptions.
Work with the other healthcare professionals in your store to assist in the management and delivery of pharmacy services
Provide care and advice to patients about medicines and to refer queries to the Pharmacist as appropriate.
Following Standard Operating Procedures (SOP) to support the safe and legal dispensing of prescriptions
Keeping up to date with new innovations in store and comply with operational processes.
Support patients to manage their prescriptions their way with reliable repeats and manage their medicines effectively to promote adherence and reduce waste.
Working with evolving technologies within store, you will have the opportunity to work with new systems, which helps to develop the traditional dispensing processes to further improve patient safety and release your time to spend more time with patients.
You will be provided with regular updates and training to develop your healthcare knowledge, as well as plenty of career development options including the opportunity to train as a Pharmacy Technician or as part of the store leadership team.
What You’ll Need To Have
Completed the Pharmacy Advisor qualification NVQ2 (or equivalent) or are currently working towards and have completed the first year of an MPharm qualification.
Current and valid UK right to work. This role is not eligible for sponsorship for a Skilled Worker Visa.
It would be great if you also have
Experience working in community pharmacy
Our benefits
Discretionary Christmas Gift Payment
Generous staff discount
Enhanced maternity/paternity/adoption leave pay and gift card for anyone expecting or adopting a child
Flexible benefits scheme
Access to free, 24/7 counselling and support through TELUS Health, our Employee Assistance Programme.
We have a great range of benefits in addition to the above that offer flexibility to suit you - find out more at boots.jobs/rewards. Please note, any salary estimates given on third-party sites are not provided or endorsed by Boots and may not be accurate.
Why Boots
We're always looking for people who care; people who go the extra mile to change things for the better. You'll be joining a company that is evolving and always looking to improve. We foster a working environment where consideration and inclusivity help everyone to be themselves and reach their full potential. We are proud to be an equal opportunity employer, and we are passionate about embracing the diversity of our colleagues by providing a positive and inclusive working environment for all. As the heart of everything we do at Boots, with you, we change for the better.
What’s Next
Your application will be reviewed by our team, and we will contact you as soon as we can. If successful, we will contact you to arrange an interview with the hiring manager.
Where a role is advertised as full-time, we are open to discussing part-time and job share options during the application process. If you require additional support as part of the application and interview process, we are happy to provide reasonable adjustments to help you to be at your best.
This role requires the successful candidate to complete a Pre-employment check after receiving an offer. Depending on your location you will be asked to submit either a DBS (Disclosure & Barring Service), PVG (Protection of Vulnerable groups) or an Access NI Check.
Boots is a Ban the Box employer and will consider the suitability of applicants with criminal convictions on a case-by-case basis.
Show more
Show less",Not Applicable,Part-time,Health Care Provider,Retail
4409031877,Car Valeter – Dunfermline (Employed),Direct Valeting Ltd,"Dunfermline, Scotland, United Kingdom",3 months ago,2026-04-30,https://uk.linkedin.com/jobs/view/car-valeter-%E2%80%93-dunfermline-employed-at-direct-valeting-ltd-4409031877,"Posted on:
15 July 2026
Share Post
Location: Dunfermline
Direct Valeting are offering exciting opportunities to join our award winning team!
We are looking for Car Valeters for our prestige business in the motor industry.
Benefits
Opportunities in the future to progress in the business
Excellent holiday entitlement
Uniform provided
Competitive rates
Employer contributed pension scheme
Requirements
We are looking for applicants who can demonstrate drive, commitment and enthusiasm along with willingness to contribute to a winning team. We welcome applicants of all ages.
Your Main Responsibilities Will Be
To ensure all cars are valeted to the highest standard
To pay attention to detail
Applicants must have a full valid UK Driving Licence
Experience desired but not essential as training will be given
Willingness to learn and teach methods of valeting
You must have eligibility to work in the UK
Description
For over two decades Direct Valeting have been one of the leading providers of outsourced vehicle preparation services to the UK retail motor industry. We continue to grow, working harder and more efficiently to offer our customers an outstanding and incomparable service.
Please apply to jobs@directvaleting.co.uk
We look forward to hearing from you!
Back to Vacancies
Show more
Show less",Not Applicable,Full-time,Sales and Business Development,Motor Vehicle Manufacturing
4449675388,Cleaner,OCS,"East Kilbride, Scotland, United Kingdom",3 days ago,2026-08-05,https://uk.linkedin.com/jobs/view/cleaner-at-ocs-4449675388,"About The Role:
As a Cleaner at OCS, you will play a crucial role in providing safe, clean environments in which our customers can thrive in their workspaces.
Key responsibilities:
Tidying up work areas, cleaning floors and communal areas.
Vacuuming, sweeping, mopping, emptying bins and other tasks as required.
You may come into regular contact with customers so you must be able to assist them if needed.
You must complete all relevant Health & Safety records and attend training courses when needed.
The ideal candidate should meet the following criteria:
You must have Right to Work in the UK.
A background in cleaning would be advantageous.
Attention to detail and thoroughness in completing tasks.
About The Company:
OCS UK & Ireland is a leading facilities management company with 50,000+ colleagues and a turnover in excess of £2bn. We deliver innovative, award-winning services within facilities management, hard services, cleaning, security and catering.
Our mission is to make people and places the best they can be for our colleagues, customers and the communities we serve. Our commitment to doing business the right way is rooted in our TRUE values -
Trust, Respect, Unity, and Empowerment.
Why Work for OCS?
✅
Award-Winning Employer
: Ranked 36th on Glassdoor’s Best Companies to Work For 2025 — we value and motivate our people.
🚀
Digital Learning
: The OCS Academy offers digital courses and resources to help you build skills and grow your career.
🙂
Retail Perks
With our Hapi app, you can gain access to exclusive discounts, rewards and wellbeing resources.
📝
Professional Growth
: 600+ live learners across UK&I — Empowering colleagues with further development and qualifications!
💰
Flexible Pay
: Access a portion of earned wages before payday with our Wagestream App! (Contract Specific)
How to Apply:
If you are interested in joining a business that encourages professional development, career progression and the chance to work with inspirational people then please click apply and register your interest! You can also sign up to our job alerts when registering which will notify you when other suitable vacancies are available.
We are an equal opportunities employer and rely on a diverse workforce with a broad range of knowledge, skills, and backgrounds to deliver our goals. We offer an inclusive and welcoming environment and actively encourage applications from all individuals regardless of race, gender, nationality, religion, sexual orientation, disability, or age.
Show more
Show less",Not Applicable,Full-time,Management and Manufacturing,Facilities Services
4446951088,Cleaner,OCS,"East Kilbride, Scotland, United Kingdom",1 week ago,2026-07-31,https://uk.linkedin.com/jobs/view/cleaner-at-ocs-4446951088,"About The Role:
As a Cleaner at OCS, you will play a crucial role in providing safe, clean environments in which our customers can thrive in their workspaces.
Key responsibilities:
Tidying up work areas, cleaning floors and communal areas.
Vacuuming, sweeping, mopping, emptying bins and other tasks as required.
You may come into regular contact with customers so you must be able to assist them if needed.
You must complete all relevant Health & Safety records and attend training courses when needed.
The ideal candidate should meet the following criteria:
You must have Right to Work in the UK.
A background in cleaning would be advantageous.
Attention to detail and thoroughness in completing tasks.
About The Company:
OCS UK & Ireland is a leading facilities management company with 50,000+ colleagues and a turnover in excess of £2bn. We deliver innovative, award-winning services within facilities management, hard services, cleaning, security and catering.
Our mission is to make people and places the best they can be for our colleagues, customers and the communities we serve. Our commitment to doing business the right way is rooted in our TRUE values -
Trust, Respect, Unity, and Empowerment.
Why Work for OCS?
✅
Award-Winning Employer
: Ranked 36th on Glassdoor’s Best Companies to Work For 2025 — we value and motivate our people.
🚀
Digital Learning
: The OCS Academy offers digital courses and resources to help you build skills and grow your career.
🙂
Retail Perks
With our Hapi app, you can gain access to exclusive discounts, rewards and wellbeing resources.
📝
Professional Growth
: 600+ live learners across UK&I — Empowering colleagues with further development and qualifications!
💰
Flexible Pay
: Access a portion of earned wages before payday with our Wagestream App! (Contract Specific)
How to Apply:
If you are interested in joining a business that encourages professional development, career progression and the chance to work with inspirational people then please click apply and register your interest! You can also sign up to our job alerts when registering which will notify you when other suitable vacancies are available.
We are an equal opportunities employer and rely on a diverse workforce with a broad range of knowledge, skills, and backgrounds to deliver our goals. We offer an inclusive and welcoming environment and actively encourage applications from all individuals regardless of race, gender, nationality, religion, sexual orientation, disability, or age.
Show more
Show less",Not Applicable,Full-time,Management and Manufacturing,Facilities Services
4430991568,Trainee Dispenser,Boots UK,"Peebles, Scotland, United Kingdom",1 month ago,2026-06-19,https://uk.linkedin.com/jobs/view/trainee-dispenser-at-boots-uk-4430991568,"The hourly rate for this role is £13.12 and up to £15.10 across selected locations within London.
No previous experience is required, and full training will be provided.
About The Opportunity
As a Trainee Dispenser working within one of our stores, you will be key member of our pharmacy team as you support the pharmacist and other healthcare professionals in your store to ensure the safe and efficient delivery of pharmacy and healthcare services.
Working within the healthcare department of the store whilst you complete your Dispenser training (NVQ2), you will spend your time building great relationships with patients by listening and understanding their needs. From greeting customers, dispensing prescriptions and ensuring the safe sale of medicines, to providing advice using your healthcare knowledge to support patients in making informed decisions about their health and wellness – you’ll get to make a difference every day.
This is a role based in store within the UK. Remote applicants will not be considered and applications from candidates outside the UK will not be progressed unless relevant UK qualifications and right to work can be confirmed and evidenced.
Key Responsibilities
Complete your training for the Pharmacy Advisor NVQ2 programme
Prescription dispensing whilst ensuring the safe supply of medicines e.g. ordering medicines, labelling, dispensing, endorsing and collection of prescriptions.
Work with the other healthcare professionals in your store to assist in the management and delivery of pharmacy services
Provide care and advice to patients about medicines and to refer queries to the Pharmacist as appropriate.
Following Standard Operating Procedures (SOP) to support the safe and legal dispensing of prescriptions
Keeping up to date with new innovations in store and comply with operational processes.
Support patients to manage their prescriptions their way with reliable repeats and manage their medicines effectively to promote adherence and reduce waste.
Working with evolving technologies within store, you will have the opportunity to work with new systems, which helps to develop the traditional dispensing processes to further improve patient safety and release your time to spend more time with patients.
You will be provided with regular updates and training to develop your healthcare knowledge, as well as plenty of career development options including the opportunity to train as a Pharmacy Technician or as part of the store leadership team.
What You’ll Need To Have
Desire to learn and complete the Dispenser training programme (NVQ2)
Current and valid UK right to work. This role is not eligible for sponsorship for a Skilled Worker Visa.
It would be great if you also have
Experience working in community pharmacy
Our Benefits
Discretionary Christmas Gift Payment
Generous staff discount
Enhanced maternity/paternity/adoption leave pay and gift card for anyone expecting or adopting a child
Flexible benefits scheme
Access to free, 24/7 counselling and support through TELUS Health, our Employee Assistance Programme.
We have a great range of benefits in addition to the above that offer flexibility to suit you - find out more at boots.jobs/rewards. Please note, any salary estimates given on third-party sites are not provided or endorsed by Boots and may not be accurate.
Why Boots
We're always looking for people who care; people who go the extra mile to change things for the better. You'll be joining a company that is evolving and always looking to improve. We foster a working environment where consideration and inclusivity help everyone to be themselves and reach their full potential. We are proud to be an equal opportunity employer, and we are passionate about embracing the diversity of our colleagues by providing a positive and inclusive working environment for all. As the heart of everything we do at Boots, with you, we change for the better.
What’s Next
Your application will be reviewed by our team, and we will contact you as soon as we can. If successful, we will contact you to arrange an interview with the hiring manager.
Where a role is advertised as full-time, we are open to discussing part-time and job share options during the application process. If you require additional support as part of the application and interview process, we are happy to provide reasonable adjustments to help you to be at your best.
This role requires the successful candidate to complete a Pre-employment check after receiving an offer. Depending on your location you will be asked to submit either a DBS (Disclosure & Barring Service), PVG (Protection of Vulnerable groups) or an Access NI Check.
Boots is a Ban the Box employer and will consider the suitability of applicants with criminal convictions on a case-by-case basis.
Show more
Show less",Not Applicable,Part-time,Health Care Provider,Retail
4437273728,Market Street Baker,Morrisons,"Edinburgh, Scotland, United Kingdom",5 days ago,2026-08-04,https://uk.linkedin.com/jobs/view/market-street-baker-at-morrisons-4437273728,"Do you want to join an organisation where you can ‘prove’ yourself?
Are you are passionate about baking, either working as a trained baker or in a bakery or in a professional kitchen. If so, this is an opportunity you ‘Doughnut’ want to miss!
Do you have a naturally helpful and friendly style, enjoy meeting new people and going above and beyond for customers?
As a Market Street Baker you are the face of our fresh bakery in store and as part of your role you will:
Ensure customer confidence in availability of fresh bakery products
Maintain quality, fresh and attractive displays of food throughout the trading day to promote sales
Prepare bakery products for sale to company specification, using the appropriate equipment (e.g. prover, oven, mixer) and bakery skills. This will include a variety of bread, rolls, doughnuts, and fruited products
Deliver outstanding, friendly and helpful service, helping remove barriers and creating moments that matter for our customers, highlighting the traditional skills and fresh products we offer
In return for your hard work we will offer you:
Fully flexible shift patterns
Six weeks holiday (including bank holidays)
15% discount in our supermarkets and convenience stores available from the day you join us
Additional 10% discount card for a Friend or Family member
Career progression and development opportunities
Subsidised in store cafe or shop floor ranges
Competitive pension and life assurance
Healthcare/Well-being benefits including Aviva Digital GP
Morrisons MyPerks with discounts at high street shops, cinemas and gyms, and lots more
Optional Payroll charity donations
A range of family friendly policies including 26 weeks maternity and adoption leave along with neonatal and fertility leave
We want to provide everyone with the opportunity to succeed in their role and career with us. It’s one of our main ambitions here at Morrisons, so this could just be the start of your Morrisons journey.
About You
You’ll be the kind of person who:
Is friendly and supportive, loves meeting new people and going above and beyond for our customers
Enjoys being active and working in a fast paced varied environment
Likes to use your own initiative to help support and resolve customer queries
Has the ability to use a range of equipment whilst maintaining high standards of Health & Safety
Has competent Baker skills, mix and mould dough to make bakery products
Enjoys working flexibly across other fresh counters to ensure our customers are catered for across Market Street
What happens next?
Click apply today to join our team - it only takes a couple of minutes! We’ll contact you soon, so please check your emails and phone regularly.
Please note: We will only recruit individuals who are over the school leaver’s age. To find out the school leavers age please visit the following link
At Morrisons, we are committed to ensuring a fair and inclusive recruitment process. You can find answers to common questions on our FAQs page, including how to request reasonable adjustments. Should you need any reasonable adjustments at any stage of the process, please let us know and we'd be happy to support you.
About Us
We love providing our customers with a great shopping experience they won’t find anywhere else. We are one of the UK’s largest supermarkets, we provide great value for money and good quality fresh food and groceries to over 11 million customers every week. Our focus on freshness makes us stand out as we prepare more fresh food in-store than any other supermarket.
We’ve lots of opportunities for you to play your part. So, whether you want to make the freshest food or serve our customers, we’d love to meet you... We're Foodmakers and Shopkeepers and together, we make Morrisons. What we make, makes us who we are
Show more
Show less",Not Applicable,Full-time,Management and Manufacturing,Retail
4449129196,Driver Valeter,Arnold Clark,"Edinburgh, Scotland, United Kingdom",4 days ago,2026-08-05,https://uk.linkedin.com/jobs/view/driver-valeter-at-arnold-clark-4449129196,"We are looking for an enthusiastic and motivated Driver/Valeter to join our Edinburgh Vauxhall/Peugeot/Leapmotor branch in Sighthill.
We offer
33 days’ annual leave
Flexible leave
Generous employee discounts
Private healthcare
Workplace pension
…and much more
Hours
Full time: Monday - Friday 8am - 5.30pm and alternate Saturdays 8am - 12pm
About The Role
As an Arnold Clark Driver/Valeter, you’ll be responsible for ensuring all our vehicles are presented in the best possible condition.
This position will be a perfect fit for someone who enjoys working in an active, physical role, has excellent attention to detail and is a fantastic team player.
Day-to-day duties
Cleaning sold and stock vehicles to a high standard
Cleaning vehicles externally with a high-powered pressure washer
Using a high-powered vacuum to clean and shampoo vehicle interiors
Working with a polishing/buffing machine to enhance bodywork
Complying with health and safety procedures while working with chemicals
Making sure that all equipment and machinery is properly maintained and secure at all times, reporting any defects and complying with manufacturers’ instructions and PPE recommendations
Working to set timeframes and targets
Completing a daily record of work completed
Other duties to support the branch as required
Essential Requirements
Full UK driving licence
High level of attention to detail
Self-motivation with the ability to work as part of a team
The ability to multi-task
Willingness to participate in training programmes
Valet experience is preferred, but training can be provided for a candidate who demonstrates a high level of enthusiasm and the other required criteria. Arnold Clark also operates a Valet Academy which all new valet staff will attend.
Our Culture
Arnold Clark is committed to creating a diverse and inclusive workplace. We strive to create an environment where collaboration, unique perspectives and multiple approaches are celebrated. We care about our employees and our communities, we nurture talent and encourage ambition, and we are passionate about people who take pride in their work. Our employees are at the heart of everything we do – diverse in our make-up, united in our goals.
To find out more about Life at Arnold Clark , visit our website.
Employment within the Arnold Clark Group is offered subject to satisfactory reference and disclosure check.
Show more
Show less",Not Applicable,Full-time,Management and Manufacturing,"Motor Vehicle Manufacturing, Hospitality, and Retail"
4446953053,Hygiene Operative (Nights),OCS,"Livingston, Scotland, United Kingdom",1 week ago,2026-07-31,https://uk.linkedin.com/jobs/view/hygiene-operative-nights-at-ocs-4446953053,"About The Role:
Shift Pattern:
Sunday to Thursday - 9.30pm to 5:30am
Please note:
This role requires you to work in lower temperature environment 1 or 2 times per week (temps: +1 and +12)
We are currently recruiting for a Hygiene Operative to support our client’s site.
At OCS, our cleaners play an important part in providing safe, clean environments in which our customers can thrive in their workspaces. This role is based in a food manufacturing environment.
Your key responsibilities will include, but are not limited to:
Cleaning in a food factory to a level of excellence against food industry standards.
An awareness of the need to maintain high standards of cleanliness and hygiene.
Adhere to safety protocols and guidelines to ensure a secure work environment.
This role may require the use of heavy industrial equipment, specialist chemicals and working at heights.
The ideal candidate should meet the following criteria:
You must have Right to Work in the UK
A background working in cleaning/ food manufacturing environment would be advantageous.
Willingness to work at height.
COSHH and IOSH trained desirable.
About The Company:
OCS UK & Ireland is a leading facilities management company with 50,000+ colleagues and a turnover in excess of £2bn. We deliver innovative, award-winning services within facilities management, hard services, cleaning, security and catering.
Our mission is to make people and places the best they can be for our colleagues, customers and the communities we serve. Our commitment to doing business the right way is rooted in our TRUE values -
Trust, Respect, Unity, and Empowerment.
Why Work for OCS?
✅
Award-Winning Employer
: Ranked 36th on Glassdoor’s Best Companies to Work For 2025 — we value and motivate our people.
🚀
Digital Learning
: The OCS Academy offers digital courses and resources to help you build skills and grow your career.
🙂
Retail Perks
With our Hapi app, you can gain access to exclusive discounts, rewards and wellbeing resources.
📝
Professional Growth
: 600+ live learners across UK&I — Empowering colleagues with further development and qualifications!
💰
Flexible Pay
: Access a portion of earned wages before payday with our Wagestream App! (Contract Specific)
How to Apply:
If you are interested in joining a business that encourages professional development, career progression and the chance to work with inspirational people then please click apply and register your interest! You can also sign up to our job alerts when registering which will notify you when other suitable vacancies are available.
We are an equal opportunities employer and rely on a diverse workforce with a broad range of knowledge, skills, and backgrounds to deliver our goals. We offer an inclusive and welcoming environment and actively encourage applications from all individuals regardless of race, gender, nationality, religion, sexual orientation, disability, or age.
Show more
Show less",Not Applicable,Full-time,Other,Facilities Services
4448417528,Driver - Home Delivery,Morrisons,"Perth, Scotland, United Kingdom",3 days ago,2026-08-06,https://uk.linkedin.com/jobs/view/driver-home-delivery-at-morrisons-4448417528,"Is driving right up your street? Fancy delivering ‘miles’ of smiles to our customers' doors?
Do you have a helpful and friendly style, enjoy meeting new people and going above and beyond for customers?
Our home delivery drivers love their fast paced, varied role where no two days are the same. Thriving on making our customers happy every day by delivering our products fresh and on time!
We would love to hear from you if you’ve had your full driving licence over 1 year, no more than 6 points on your licence and are over 18 years old.
In return for your hard work we will offer you:
Fully flexible shift patterns
Six weeks holiday (including bank holidays)
15% discount in our supermarkets and convenience stores available from the day you join us
Additional 10% discount card for a Friend or Family member
Career progression and development opportunities
Subsidised in store cafe or shop floor ranges
Competitive pension and life assurance
Healthcare/Well-being benefits including Aviva Digital GP
Morrisons MyPerks with discounts at high street shops, cinemas and gyms, and lots more
Optional Payroll charity donations
A range of family friendly policies including 26 weeks maternity and adoption leave along with neonatal and fertility leave
We want to provide everyone with the opportunity to succeed in their role and career with us. It’s one of our main ambitions here at Morrisons, so this could just be the start of your Morrisons journey.
About You
You’ll be the kind of person who:
Loves meeting new people and going above and beyond for our customers
Enjoys being active and working in a fast paced varied environment
Likes to use your own initiative to help support and resolve customer queries
Has the ability to use a range of equipment whilst maintaining high standards of Health & Safety
Is comfortable with lifting and moving our totes which can weigh up to 18kg
What happens next?
Click apply today to join our team - it only takes a couple of minutes! We’ll contact you soon, so please check your emails and phone regularly.
Please note: We will only recruit individuals who are over the school leaver’s age. To find out the school leavers age please visit the following link
At Morrisons, we are committed to ensuring a fair and inclusive recruitment process. You can find answers to common questions on our FAQs page, including how to request reasonable adjustments. Should you need any reasonable adjustments at any stage of the process, please let us know and we'd be happy to support you.
About Us
We love providing our customers with a great shopping experience they won’t find anywhere else. We are one of the UK’s largest supermarkets, we provide great value for money and good quality fresh food and groceries to over 11 million customers every week. Our focus on freshness makes us stand out as we prepare more fresh food in-store than any other supermarket.
We’ve lots of opportunities for you to play your part. So, whether you want to make the freshest food or serve our customers, we’d love to meet you... We're Foodmakers and Shopkeepers and together, we make Morrisons. What we make, makes us who we are
Show more
Show less",Not Applicable,Full-time,Management and Manufacturing,Retail
4448035901,Market Street Butcher,Morrisons,"Dunoon, Scotland, United Kingdom",3 days ago,2026-08-05,https://uk.linkedin.com/jobs/view/market-street-butcher-at-morrisons-4448035901,,,,,
4441502210,Driver - Home Delivery (S),Morrisons,"Johnstone, Scotland, United Kingdom",2 weeks ago,2026-07-23,https://uk.linkedin.com/jobs/view/driver-home-delivery-s-at-morrisons-4441502210,"Is driving right up your street? Fancy delivering ‘miles’ of smiles to our customers' doors?
Do you have a helpful and friendly style, enjoy meeting new people and going above and beyond for customers?
Our home delivery drivers love their fast paced, varied role where no two days are the same. Thriving on making our customers happy every day by delivering our products fresh and on time!
We would love to hear from you if you’ve had your full driving licence over 1 year, no more than 6 points on your licence and are over 18 years old.
In return for your hard work we will offer you:
Fully flexible shift patterns
Six weeks holiday (including bank holidays)
15% discount in our supermarkets and convenience stores available from the day you join us
Additional 10% discount card for a Friend or Family member
Career progression and development opportunities
Subsidised in store cafe or shop floor ranges
Competitive pension and life assurance
Healthcare/Well-being benefits including Aviva Digital GP
Morrisons MyPerks with discounts at high street shops, cinemas and gyms, and lots more
Optional Payroll charity donations
A range of family friendly policies including 26 weeks maternity and adoption leave along with neonatal and fertility leave
We want to provide everyone with the opportunity to succeed in their role and career with us. It’s one of our main ambitions here at Morrisons, so this could just be the start of your Morrisons journey.
About You
You’ll be the kind of person who:
Loves meeting new people and going above and beyond for our customers
Enjoys being active and working in a fast paced varied environment
Likes to use your own initiative to help support and resolve customer queries
Has the ability to use a range of equipment whilst maintaining high standards of Health & Safety
Is comfortable with lifting and moving our totes which can weigh up to 18kg
What happens next?
Click apply today to join our team - it only takes a couple of minutes! We’ll contact you soon, so please check your emails and phone regularly.
Please note: We will only recruit individuals who are over the school leaver’s age. To find out the school leavers age please visit the following link
At Morrisons, we are committed to ensuring a fair and inclusive recruitment process. You can find answers to common questions on our FAQs page, including how to request reasonable adjustments. Should you need any reasonable adjustments at any stage of the process, please let us know and we'd be happy to support you.
About Us
We love providing our customers with a great shopping experience they won’t find anywhere else. We are one of the UK’s largest supermarkets, we provide great value for money and good quality fresh food and groceries to over 11 million customers every week. Our focus on freshness makes us stand out as we prepare more fresh food in-store than any other supermarket.
We’ve lots of opportunities for you to play your part. So, whether you want to make the freshest food or serve our customers, we’d love to meet you... We're Foodmakers and Shopkeepers and together, we make Morrisons. What we make, makes us who we are
Show more
Show less",Not Applicable,Full-time,Management and Manufacturing,Retail
4445133753,Driver Valeter,Arnold Clark,"Bishopbriggs, Scotland, United Kingdom",1 week ago,2026-07-27,https://uk.linkedin.com/jobs/view/driver-valeter-at-arnold-clark-4445133753,,,,,
4446072686,Spray Painter,Arnold Clark,"Edinburgh, Scotland, United Kingdom",1 week ago,2026-07-29,https://uk.linkedin.com/jobs/view/spray-painter-at-arnold-clark-4446072686,"We Offer Our Spray Painters
Up to £47,000 OTE plus benefits
Additional opportunity to earn up to £9,000 every three years in performance-based bonuses – terms and conditions apply
Edinburgh Sighthill Vauxhall/Peugeot/Leapmotor
44 hours per week
Starting from 33 days’ annual leave, increasing with service
Salary review twice per year
Excellent opportunities to continue training and career progression
Generous employee discounts
Private healthcare and sick pay cover
Maternity and paternity packages
Hours
Full time: Monday – Thursday 8am – 5.30pm and Friday 8am - 4.30pm
About The Role
Working within a busy workshop environment, you’ll work on accident-damaged and sales vehicles to restore them to their former glory.
You’ll need to have previous experience, be energetic, efficient and happy to work on your own initiative to get every job done to the highest standard.
Essential Skills
Previous experience as a Vehicle Spray Painter in a professional workshop
Good attention to detail and the ability to multi-task
The ability to work both as part of a team and on your own initiative
Day-to-day duties
Preparing vehicles for paintwork
Masking vehicles in preparation for paintwork
Carrying out minor damage repairs
Polishing to remove defects from vehicle paintwork
Mixing paint to apply to vehicles
Applying paint products correctly and to a high standard
Our Culture
Arnold Clark is committed to creating a diverse and inclusive workplace. We care about our employees and our communities, we nurture talent and encourage ambition, and we are passionate about people who take pride in their work. Our employees are at the heart of everything we do – diverse in our make-up, united in our goals.
To find out more about Life at Arnold Clark , visit our website.
Employment within the Arnold Clark Group is offered subject to a satisfactory reference and disclosure check.
Show more
Show less",Not Applicable,Internship,"Design, Art/Creative, and Information Technology","Motor Vehicle Manufacturing, Hospitality, and Retail"
4447986503,Panel Beater,Arnold Clark,"Motherwell, Scotland, United Kingdom",6 days ago,2026-08-03,https://uk.linkedin.com/jobs/view/panel-beater-at-arnold-clark-4447986503,"We Offer Our Panel Beaters
Up to £49,000 OTE plus benefits
Additional opportunity to earn up to £9,000 every three years in performance-based bonuses – terms and conditions apply.
Motherwell Motorstore
44 hours per week
Starting from 33 days’ annual leave, increasing with service
Flexible hours
Salary review twice per year
Excellent opportunities to continue training and career progression
Generous employee discounts
Private healthcare and sick pay cover
Maternity and paternity packages
Hours
Full time: Monday – Thursday 8am – 5.30pm and Friday 8am - 4.30pm
About The Role
Working as part of an efficient team, you’ll take great pride in restoring damaged vehicles to their former glory while following manufacturer guidelines. This position will be ideal for someone with a passion for repairing accident-damaged vehicles to the highest possible standard.
Essential Skills
Full experience in accident damage repair
A high level of skill in panel beating
Ability to use a range of different techniques
Ability to follow instructions effectively
Day-to-day duties
Following written instructions
Replacing and repairing damaged panels
Welding new panels into place
Stripping and rebuilding accident-damaged vehicles
Safely and correctly using a range of hand and power tools
Our Culture
Arnold Clark is committed to creating a diverse and inclusive workplace. We care about our employees and our communities, we nurture talent and encourage ambition, and we are passionate about people who take pride in their work. Our employees are at the heart of everything we do – diverse in our make-up, united in our goals.
To find out more about Life at Arnold Clark , visit our website.
Employment within the Arnold Clark Group is offered subject to satisfactory reference and disclosure check.
Show more
Show less",Not Applicable,Internship,Engineering and Information Technology,"Motor Vehicle Manufacturing, Hospitality, and Retail"
4446777464,kitchen porter,wagamama,"Glasgow, Scotland, United Kingdom",1 week ago,2026-07-30,https://uk.linkedin.com/jobs/view/kitchen-porter-at-wagamama-4446777464,"kitchen porter |
full time
at wagamama, food is life. our kitchens are all about fresh food, prioritising good ingredients and serving dishes that are made to order every time. as a kitchen porter, you’re the backbone of the kitchen - keeping everything clean, organised, and running smoothly so the team can focus on cooking up bold flavours
what you’ll be doing
keeping the kitchen sparkling clean and ready for action
washing pots, pans and equipment so chefs can keep cooking
restocking cleaning supplies and flagging when we’re running low
jumping in to help with basic prep when needed
following health and safety standards to keep yourself and the team safe
you’ll love this role if you...
have a genuine passion for fresh food
love the idea of growing into a kitchen team member
like buzzing environments, keeping organised and have excellent attention to detail
foster a positive, inclusive work environment and empower others to thrive through training and personal growth opportunities
what you’ll get
a culture that backs your growth, wellbeing and individuality
biweekly pay and a share of tips
50% off for friends and family
free meals on shift
early access to earned pay with wagestream
26 weeks full pay and 13 weeks half pay for new parents
30% off at other TRG brands (brunning & price pubs, barburrito and more)
fresh clean uniform provided by us for each shift
in addition to this, we offer the usual benefits such as pension scheme, holiday, training, cycle to work scheme, retail and leisure discounts, discounted gym memberships and long service awards
apply today
and take a seat at the bench
we’re proud to be a disability confident employer. no matter where you’re from or who you are, you’ve got a seat at our bench
Show more
Show less",Mid-Senior level,Full-time,Management and Manufacturing,Restaurants
4449652874,Trainee Dispenser,Boots UK,"Ayr, Scotland, United Kingdom",3 days ago,2026-08-05,https://uk.linkedin.com/jobs/view/trainee-dispenser-at-boots-uk-4449652874,"The hourly rate for this role is £13.12 and up to £15.10 across selected locations within London.
No previous experience is required, and full training will be provided.
About The Opportunity
As a Trainee Dispenser working within one of our stores, you will be key member of our pharmacy team as you support the pharmacist and other healthcare professionals in your store to ensure the safe and efficient delivery of pharmacy and healthcare services.
Working within the healthcare department of the store whilst you complete your Dispenser training (NVQ2), you will spend your time building great relationships with patients by listening and understanding their needs. From greeting customers, dispensing prescriptions and ensuring the safe sale of medicines, to providing advice using your healthcare knowledge to support patients in making informed decisions about their health and wellness – you’ll get to make a difference every day.
This is a role based in store within the UK. Remote applicants will not be considered and applications from candidates outside the UK will not be progressed unless relevant UK qualifications and right to work can be confirmed and evidenced.
Key Responsibilities
Complete your training for the Pharmacy Advisor NVQ2 programme
Prescription dispensing whilst ensuring the safe supply of medicines e.g. ordering medicines, labelling, dispensing, endorsing and collection of prescriptions.
Work with the other healthcare professionals in your store to assist in the management and delivery of pharmacy services
Provide care and advice to patients about medicines and to refer queries to the Pharmacist as appropriate.
Following Standard Operating Procedures (SOP) to support the safe and legal dispensing of prescriptions
Keeping up to date with new innovations in store and comply with operational processes.
Support patients to manage their prescriptions their way with reliable repeats and manage their medicines effectively to promote adherence and reduce waste.
Working with evolving technologies within store, you will have the opportunity to work with new systems, which helps to develop the traditional dispensing processes to further improve patient safety and release your time to spend more time with patients.
You will be provided with regular updates and training to develop your healthcare knowledge, as well as plenty of career development options including the opportunity to train as a Pharmacy Technician or as part of the store leadership team.
What You’ll Need To Have
Desire to learn and complete the Dispenser training programme (NVQ2)
Current and valid UK right to work. This role is not eligible for sponsorship for a Skilled Worker Visa.
It would be great if you also have
Experience working in community pharmacy
Our Benefits
Discretionary Christmas Gift Payment
Generous staff discount
Enhanced maternity/paternity/adoption leave pay and gift card for anyone expecting or adopting a child
Flexible benefits scheme
Access to free, 24/7 counselling and support through TELUS Health, our Employee Assistance Programme.
We have a great range of benefits in addition to the above that offer flexibility to suit you - find out more at boots.jobs/rewards. Please note, any salary estimates given on third-party sites are not provided or endorsed by Boots and may not be accurate.
Why Boots
We're always looking for people who care; people who go the extra mile to change things for the better. You'll be joining a company that is evolving and always looking to improve. We foster a working environment where consideration and inclusivity help everyone to be themselves and reach their full potential. We are proud to be an equal opportunity employer, and we are passionate about embracing the diversity of our colleagues by providing a positive and inclusive working environment for all. As the heart of everything we do at Boots, with you, we change for the better.
What’s Next
Your application will be reviewed by our team, and we will contact you as soon as we can. If successful, we will contact you to arrange an interview with the hiring manager.
Where a role is advertised as full-time, we are open to discussing part-time and job share options during the application process. If you require additional support as part of the application and interview process, we are happy to provide reasonable adjustments to help you to be at your best.
This role requires the successful candidate to complete a Pre-employment check after receiving an offer. Depending on your location you will be asked to submit either a DBS (Disclosure & Barring Service), PVG (Protection of Vulnerable groups) or an Access NI Check.
Boots is a Ban the Box employer and will consider the suitability of applicants with criminal convictions on a case-by-case basis.
Show more
Show less",Not Applicable,Part-time,Health Care Provider,Retail
4447726244,Cleaner,OCS,"Glasgow, Scotland, United Kingdom",1 week ago,2026-08-01,https://uk.linkedin.com/jobs/view/cleaner-at-ocs-4447726244,"About The Role:
Days of Working:
This position will be based at various sites in Glasgow, working various shifts of both part-time and full-time. Shift patterns are yet to be determined but can be discussed at interview. There are also static site-based roles and mobile roles requiring a UK driving licence and use of own vehicle.
Additional Info:
This role requires high level SC security clearance due to the sensitive nature of the working environment. Please read requirements carefully before applying.
As a Cleaner, you will play an important role in maintaining a clean, safe and welcoming environment for our clients, colleagues and visitors across OCS sites. You will deliver high standards of cleaning and hygiene in line with agreed specifications, health & safety requirements and company values.
This role is responsible for carrying out day‑to‑day cleaning activities, ensuring that all assigned areas are kept to a consistently high standard, while providing a professional and customer‑focused service at all times.
As part of your role, your key responsibilities will include, but are not limited to:
Carry out general cleaning duties in line with site requirements, including vacuuming, mopping, dusting, wiping surfaces and emptying waste
Clean welfare areas, offices, corridors, washrooms and other designated areas to the required standard
Replenish consumables such as toilet paper, hand towels and soap where required
Follow all health & safety, COSHH and cleaning procedures at all times
Use cleaning equipment and materials safely and correctly
Report any maintenance issues, damages or hazards to the appropriate supervisor
Work efficiently to complete tasks within agreed timescales
Maintain a professional and courteous approach when interacting with customers, clients and colleagues
Support site-specific cleaning requirements as directed by your manager
The ideal candidate should meet the following criteria:
Right to Work in the UK (UK Passport Holders only) and willingness to undergo strict SC clearance (be able to evidence 5 years of UK work and residency history)
Previous cleaning experience in a commercial, public sector or similar environment (desirable but not essential)
A good understanding of cleaning methods, equipment and materials
Awareness of health & safety and hygiene standards
Ability to work independently and as part of a team
Good attention to detail and a pride in delivering high standards
Reliable, punctual and flexible approach to work
Ability to follow instructions and procedures effectively
Desirable:
Experience working within Facilities Management (FM) or contracted cleaning services
Knowledge of COSHH or safe use of cleaning chemicals (training can be provided)
About The Company:
OCS UK & Ireland is a leading facilities management company with 50,000+ colleagues and a turnover in excess of £2bn. We deliver innovative, award-winning services within facilities management, hard services, cleaning, security and catering.
Our mission is to make people and places the best they can be for our colleagues, customers and the communities we serve. Our commitment to doing business the right way is rooted in our TRUE values -
Trust, Respect, Unity, and Empowerment.
Why Work for OCS?
✅
Award-Winning Employer
: Ranked 36th on Glassdoor’s Best Companies to Work For 2025 — we value and motivate our people.
🚀
Digital Learning
: The OCS Academy offers digital courses and resources to help you build skills and grow your career.
🙂
Retail Perks
With our Hapi app, you can gain access to exclusive discounts, rewards and wellbeing resources.
📝
Professional Growth
: 600+ live learners across UK&I — Empowering colleagues with further development and qualifications!
💰
Flexible Pay
: Access a portion of earned wages before payday with our Wagestream App! (Contract Specific)
How to Apply:
If you are interested in joining a business that encourages professional development, career progression and the chance to work with inspirational people then please click apply and register your interest! You can also sign up to our job alerts when registering which will notify you when other suitable vacancies are available.
We are an equal opportunities employer and rely on a diverse workforce with a broad range of knowledge, skills, and backgrounds to deliver our goals. We offer an inclusive and welcoming environment and actively encourage applications from all individuals regardless of race, gender, nationality, religion, sexual orientation, disability, or age.
Show more
Show less",Not Applicable,Part-time,Management and Manufacturing,Facilities Services
4413365237,Installer,Hillarys,"Queensferry, Scotland, United Kingdom",2 months ago,2026-05-18,https://uk.linkedin.com/jobs/view/installer-at-hillarys-4413365237,"A flexible opportunity that works around you whether you’re looking for Full or Part-Time.
Imagine working for yourself, close to home, at your pace, around your lifestyle and commitments. Our network of over 1200 local Advisors enjoy these benefits, alongside great earnings.
Hillarys, established over 50 years ago, remains the UK’s leading provider of window furnishings solutions with an annual turnover of £250m. We’re still enjoying strong growth and looking for more Advisors to join our team.
As an Installer you will visit customers in their homes to measure and install a fantastic range of products, including shutters. Our team of Design Consultants will process the order and take payment so you can focus on offering great customer service.
If this is unlike anything you’ve done before that’s ok - most of our self-employed Advisors started from the same position and have gone on to run successful Hillarys businesses for many years with our support. Some of our installers have experience in construction or trades such as joiners, carpenters, and window or kitchen fitters. Your strong desire to learn and our award winning training will help you succeed.
We make it easy to find out more so why not join us on a virtual
Discovery Session
and learn everything you need to know about being a Hillarys Advisor. You can ask a current Advisor and one of our Area Managers any relevant questions - all from the comfort of your armchair with zero commitment!
Work for yourself, not by yourself
: the benefits of your own local business, within a model that removes the worries:
We’re experts in advertising so you won’t worry about finding customers
Have the confidence that over 70% of customers go on to purchase from their Hillarys Advisor
You can focus on outstanding Service, ensuring your customers buy, and come back time and again
Flexible hours to suit your lifestyle: manage your own diary and the time you want to commit
There’s a reason that so many Hillarys Advisors are successful. We’re just as committed as you to the partnership - that starts with a comprehensive package: Training-for-life, local business support, a plan that’s built around you, and all the things you’ll need to ensure a professional approach and finish from day one:
All the professional and practical Training you’ll ever need as you start and develop your business.
Comprehensive Sales Toolkit including complete Product samples, Tablet and software
Full Installation Toolkit, including all measuring equipment, and tools (including power tools)
A professional image - Hillarys branded clothing, and personalised business cards & leaflets
This is wrapped into a one-off with investment packages available from £1995 and we’ve even got flexible ways to pay to help spread the investment. This is unquestionably the most simple and effective way to access the UK’s best opportunity. On top of the points above, you’ll need to hold a valid UK driving licence to get to customers locally.
To find out more complete the application form online, join one of our 45-minute Discovery sessions and learn about how good a fit Hillarys could be for you?
Show more
Show less",Not Applicable,Full-time,Information Technology,Construction
4443796544,Job Summary,LOTHIAN BUSES LIMITED,"Edinburgh, Scotland, United Kingdom",2 weeks ago,2026-07-22,https://uk.linkedin.com/jobs/view/job-summary-at-lothian-buses-limited-4443796544,"Location: Edinburgh, City of Edinburgh, United Kingdom
Contract: Permanent
Salary: £33786.00 to £39120.00 Per Annum
Posted Date: Friday, August 7, 2026
Department: Drivers
Documents:
Share:
Send email
Apply
Show more
Show less",Not Applicable,Full-time,Other,Transportation/Trucking/Railroad
4448770466,Job Summary,LOTHIAN BUSES LIMITED,"Livingston, Scotland, United Kingdom",2 days ago,2026-08-07,https://uk.linkedin.com/jobs/view/job-summary-at-lothian-buses-limited-4448770466,"Location: Livingston, West Lothian, United Kingdom
Contract: Permanent
Salary: £16.66 to £17.00 Per Hour
Posted Date: Friday, August 7, 2026
Department: Drivers
Documents:
Share:
Send email
Apply
Show more
Show less",Not Applicable,Full-time,Other,Transportation/Trucking/Railroad
4448583706,Information,LDT (Latham Direct Timber),"Motherwell, Scotland, United Kingdom",4 days ago,2026-08-04,https://uk.linkedin.com/jobs/view/information-at-ldt-latham-direct-timber-4448583706,"Job Ref: DL1596614MotSEI
Location: Motherwell, North Lanarkshire, United Kingdom
Postcode: ML1 4XJ
Type of contract: Permanent
Salary: £0.00 to £0.00 Per Annum
Posted Date: Friday, July 17, 2026
Closing Date: Monday, August 31, 2026
Documents:
Share:
Send email
Apply
Show more
Show less",Not Applicable,Full-time,Information Technology,"Transportation, Logistics, Supply Chain and Storage"
4448029207,Camps,Proshoots Brasil,"Kirknewton, England, United Kingdom",4 days ago,2026-08-05,https://uk.linkedin.com/jobs/view/camps-at-proshoots-brasil-4448029207,"Download photos your order
How to order photos
Support
Contact us
Show more
Show less",Not Applicable,Full-time,Other,Photography
4450674576,Vacancies,East Ayrshire Council,"East Ayrshire, Scotland, United Kingdom",2 days ago,2026-08-07,https://uk.linkedin.com/jobs/view/vacancies-at-east-ayrshire-council-4450674576,"Home
Jobs and careers
Job vacancies
Job vacancies
View our job vacancies on myjobscotland
Recruitment events
Find Out About Recruitment Events Happening In East Ayrshire:
Recruitment and information events
Health and Social Care Partnership: Working for us
Stay Connected
Subscribe to receive East Ayrshire Council vacancies by email
Contact Information
Human Resources
Council Headquarters
London Road
Kilmarnock
KA3 7BU
Email: Human.Resources@east-ayrshire.gov.uk
Job vacancies
View our job vacancies on myjobscotland
Recruitment events
Find Out About Recruitment Events Happening In East Ayrshire:
Recruitment and information events
Health and Social Care Partnership: Working for us
Stay Connected
Subscribe to receive East Ayrshire Council vacancies by email
Contact Information
Human Resources
Council Headquarters
London Road
Kilmarnock
KA3 7BU
Email: Human.Resources@east-ayrshire.gov.uk
In this section
Fair work first commitment
Further information
Pay scales (PDF 186 KB)
Summary of Main Terms and Conditions of Employment (PDF 978 KB)
Summary of Main Terms and Conditions of Employment - Chief Officers (PDF 881 KB)
Summary of Main Terms and Conditions of Employment - Craft Operatives (PDF 1 MB)
About the Council
Employability team
Tourism and visitor information
Sign up for email updates on topics that matter to you Subscribe
Follow us on Facebook
Follow us on Instagram
Follow us on WhatsApp
Follow us on LinkedIn
Follow us on YouTube
Follow us on X
East Ayrshire Council Flickr
Contact us
Accessibility
Terms of use
Privacy statement
Data protection
© 2026 East Ayrshire Council
Show more
Show less",Not Applicable,Full-time,Other,Government Administration
4450911128,Next Step Resume,Excel CV - India's Favourite Resume Writing Service,"Livingston, Scotland, United Kingdom",1 day ago,2026-08-08,https://uk.linkedin.com/jobs/view/next-step-resume-at-excel-cv-india-s-favourite-resume-writing-service-4450911128,"Industry insights
Personal branding
ATS optimized
Unlimited revisions for 2 months
Show more
Show less",Not Applicable,Full-time,Other,Writing and Editing
4447922550,EMILY DEANS,Ms Represents,"Livingston, Scotland, United Kingdom",6 days ago,2026-08-03,https://uk.linkedin.com/jobs/view/emily-deans-at-ms-represents-4447922550,"Emily Deans
Height 179cm / 5' 10½''
Bust 81cm / 32''
Bra 32c
Cup C
Waist 71cm / 28''
Hips 94.5cm / 37''
Hair Blond
Shoes 40EU / 9US / 7UK
Dress Size 36EU / 6US / 8UK
Show more
Show less",Not Applicable,Full-time,Education and Training,Advertising Services
4447355773,Snapshot + Training,Call An Audible,"Toward, Scotland, United Kingdom",4 days ago,2026-08-05,https://uk.linkedin.com/jobs/view/snapshot-%2B-training-at-call-an-audible-4447355773,"The fastest way to start working with us
Quick baseline read on one tool or process
Hands-on training so your team can run it
Findings in a week — fee credits toward the Workflow Audit
Show more
Show less",Not Applicable,Full-time,Human Resources,IT Services and IT Consulting
4449158157,Current opportunities in Edinburgh Research Office,University of Edinburgh Research Staff Careers Support,Greater Edinburgh Area,3 days ago,2026-08-05,https://uk.linkedin.com/jobs/view/current-opportunities-in-edinburgh-research-office-at-university-of-edinburgh-research-staff-careers-support-4449158157,"Become part of a great team.
Current Vacancies
Role Title External Job Listing Internal Job Listing Application Deadline Research Funding Specialist View external job posting View internal job posting 18/08/2026, 23:59
For an informal conversation about a role you're interested in, please contact the Hiring Manager listed on the relevant Job Description.
All of our current vacancies are also advertised on the University of Edinburgh's jobs website, where you'll find opportunities from across the University, details of our commitment to Equality, Diversity and Inclusion, and our full benefits package.
Jobs at the Univeristy of Edinburgh
Need help?
If you experience any technical difficulties with your application, please contact ERO-HR@ed.ac.uk.
This article was published on Wednesday 24 January 2024
Show more
Show less",Not Applicable,Full-time,Administrative,Higher Education
4447907704,CLAUDIA MAYBURY,Ms Represents,"City Of Edinburgh, Scotland, United Kingdom",6 days ago,2026-08-03,https://uk.linkedin.com/jobs/view/claudia-maybury-at-ms-represents-4447907704,"Claudia Maybury
Height 173cm / 5' 8''
Bust 81.5cm / 32''
Bra 32
Cup A
Waist 63cm / 25''
Hips 88.5cm / 35''
Hair Brown
Shoes 38EU / 7US / 5UK
Dress Size 36EU / 6US / 8UK
Show more
Show less",Not Applicable,Full-time,Other,Advertising Services
4436506391,Bar Team Member,Haven,"Ayr, Scotland, United Kingdom",1 month ago,2026-07-08,https://uk.linkedin.com/jobs/view/bar-team-member-at-haven-4436506391,"Position:
Bar Team Member
Type:
Full-Time / Part-Time / Seasonal
Pay Rates:
Up to £12.71 per hour depending on age
Join our One Great Team here at Haven as a Bar Team Member,
where you’ll serve up great drinks, keep the good vibes rolling, and create memorable experiences for our guests!
We’re seeking Bartenders to bring the fun and join our team where you’ll help set the vibe, serve up delicious drinks, and make sure every guest feels welcome and has a great time. Whether you’re mixing cocktails, pulling pints, or just chatting with guests, you’ll play a key role in creating unforgettable experiences for our guests.
Key Responsibilities
Warmly greet guests, take drinks orders and ensure a positive experience
Prepare and serve a variety of beverages, from classic pints to signature cocktails.
Keep the bar area clean, organised, and fully stocked.
Collaborate with the team to ensure smooth operation and excellent customer service.
Follow all responsible service guidelines to ensure a safe environment.
Requirements
Previous experience in a bar, restaurant, or customer-facing role is beneficial but not required.
Customer service focused – friendly and approachable with excellent communication skills.
Comfortable working in a fast-paced environment
Flexibility to work various shifts, including evenings, weekends, and holidays.
Applicants must meet the minimum legal age of 18 to sell alcohol.
What We Offer
An inclusive, supportive work environment.
Comprehensive training and ongoing support.
Career development opportunities, including fully funded qualifications.
Exclusive team perks, including up to 50% off on-park dining, 20% discounts on Haven Holidays and in-store purchases, free access to our facilities, savings at national brands and retailers, and so much more!
How To Apply
We’re committed to fostering a diverse, equitable, and inclusive workplace, and we encourage applicants of all backgrounds to apply.
To get started, click apply now and answer a few quick questions, which should take 5 minutes. Once submitted, a member of our team will be in touch.
For support or adjustments during the application, contact us at: resourcingteam@bourne-leisure.co.uk
Show more
Show less",Not Applicable,Full-time,Management and Manufacturing,Travel Arrangements
4446751510,C1 Courier,FedEx,"Glasgow, Scotland, United Kingdom",1 week ago,2026-07-30,https://uk.linkedin.com/jobs/view/c1-courier-at-fedex-4446751510,"We have an exciting opportunity for you to join our team of
Couriers
at
FedEx Linwood.
Working hours
: 45 hours per week
Shift pattern
: Monday to Friday 07.15 - 17.15 (60 minute break)
Salary:
£15.01 per hour (C1 licence)
Who We Are
FedEx is the largest express transportation company in the world, connecting more than 220 countries and territories. We work every moment to deliver the most important package of someone’s day. Our team of passionate people know their day-to-day work is invaluable in delivering outstanding experience to our customers. 530,000 team members strong, we are as diverse as the world we serve. We love what we do, and we do it well. Our reach is big, and so are our dreams. Join us and let's write our next chapter together.
What You Will Be Doing
Representing FedEx in front of our customers, courteously picking up and delivering their packages
Driving vehicles in FedEx fleet on defined routes in various postcodes, making sure customers’ packages get to the right place, on time
Making sure vehicles are always operated safely and legally
Following all FedEx Health and Safety and other company policies and procedures
What Do You Bring With You
Be a reliable team player
Be energetic and enthusiastic
Have a strong customer focus
Have good communication skills
Have an eye for detail to make sure paperwork is correct
Holding a valid driving license for type of vehicle assigned is essential and held for 2+ years would be an advantage.
Adaptability to external driving conditions and circumstances is required
Commercial driving experience would be an advantage
Basic geographical knowledge
What Do We Offer
Attractive compensation package
Training to get you started and on-the-job learning opportunities
Extensive learning resources to further develop your skills and knowledge
Tuition Assistance Program (*applicable for FedEx positions with a permanent contract)
Employee Assistance Program for you and your family in difficult life situations
Employee reduced-rate shipping
Great career opportunities
FedEx is one of the worlds most admired companies and trusted brands year after year
Bring your ideas, individuality, and dreams to our global community. Feel good about where you work. Choose your career path - we’re ready to invest in your development. Join FedEx.
Diversity & Inclusion is more than the workplace. It’s the cultures we celebrate, the dreams we inspire, and creating a global community where everyone is accepted. At FedEx, diversity and inclusion happen because we do it together.
FedEx in the UK is Disability Confident Committed.
FedEx was built on a philosophy that puts people first, one we take seriously. We are an equal opportunity employer and we are committed to a diverse and inclusive workforce in which we provide growth opportunities for all
Our Company
FedEx is one of the world's largest express transportation companies and has consistently been selected as one of the top 10 World’s Most Admired Companies by ""Fortune"" magazine. Every day FedEx delivers for its customers with transportation and business solutions, serving more than 220 countries and territories around the globe. We can serve this global network due to our outstanding team of FedEx team members, who are tasked with making every FedEx experience outstanding.
Our Philosophy
The People-Service-Profit philosophy (P-S-P) describes the principles that govern every FedEx decision, policy or activity. FedEx takes care of our people; they, in turn, deliver the impeccable service demanded by our customers, who reward us with the profitability necessary to secure our future. The essential element in making the People-Service-Profit philosophy such a positive force for the company is where we close the circle, and return these profits back into the business, and invest back in our people. Our success in the industry is attributed to our people. Through our P-S-P philosophy, we have a work environment that encourages team members to be innovative in delivering the highest possible quality of service to our customers. We care for their well-being, and value their contributions to the company.
Our Culture
Our culture is important for many reasons, and we intentionally bring it to life through our behaviors, actions and activities in every part of the world. The FedEx culture and values have been a cornerstone of our success and growth since we began in the early 1970’s. While other companies can copy our systems, infrastructure and processes, our culture makes us unique and is often a differentiating factor as we compete and grow in today’s global marketplace.
Equity, Opportunity & Diversity (EO&D)
Our greatest asset at FedEx is our people. We are committed to building a diverse, equitable and inclusive workforce, and offer equal opportunities, fairness, and respect to all regardless of who you are. We encourage you to apply even if you feel your experience does not align with all aspects in the job description as you could be exactly who we need for this or another opportunity.
We do not tolerate discrimination or harassment based on race, color, ethnicity, national origin, religion, sex, age, genetic information, citizenship, disability, marital status, pregnancy, sexual orientation, gender identity, gender expression, or any other characteristic protected under international and national laws and regulations. We reasonably accommodate team members and third parties to ensure equal access, inclusion, and fairness across all protected characteristics.
Show more
Show less",Not Applicable,Full-time,Management and Manufacturing,Freight and Package Transportation
4446757014,Home Delivery Driver,Iceland Foods,"Cumbernauld, Scotland, United Kingdom",1 week ago,2026-07-30,https://uk.linkedin.com/jobs/view/home-delivery-driver-at-iceland-foods-4446757014,"Job title: Home Delivery Driver
Hourly rate: £13.71
Key Benefits: 15% discount, optional health care plan, Grocery Aid, Christmas vouchers, min 28 days holiday
Are you looking for a role that keeps you active, independent & engaged with people?
As one of the Best Big Companies to Work For, we have a rich history of loving our customers and looking after our teams.
We understand that success is achieved through our people, and we are searching for a
Home Delivery Driver
to join our team.
Purpose
We’re hiring Home Delivery Drivers who take pride in providing excellent service & enjoy being out on the road. In this role you’ll be delivering shopping & connecting directly with customers as the face of Iceland.
In This Role You Can Expect To
Ensure safe van loading procedures are followed (i.e heavy lifting & manual handling)
Always adhere to safe driving practises
Complete van checks
Ensure food arrives to the customer in the best condition
Provide excellent customer service
Lend a hand in store when required
Be able to work independently & manage your time efficiently
Flexibility to work shifts, the patterns can vary between 6am & 11pm
Apply If You
Have a full driving license (held for at least 3 years and have no more than 6 points)
Are positive, friendly & passionate about providing a good customer experience
Are punctual & can work well to deadlines
Can demonstrate a strong awareness of road safety
What To Expect From Us
A 15% discount card
Minimum 28 days holiday (including Bank Holidays), increasing with service
Christmas vouchers
Refer a friend scheme
Long service awards
Christmas savings scheme
Recognition and rewards for exceptional customer service
Option to join a health care plan
Grocery Aid for free and confidential, financial, emotional and practical support
Show more
Show less",Not Applicable,Full-time,Management and Manufacturing,Retail
4441821887,Mobile Vehicle Technician - Kilmarnock,RAC,"Kilmarnock, Scotland, United Kingdom",2 weeks ago,2026-07-24,https://uk.linkedin.com/jobs/view/mobile-vehicle-technician-kilmarnock-at-rac-4441821887,"Join the RAC as a Mobile Vehicle Technician in our SMR Division - a new era of mobile repair.
A competitive base salary of £40,178, with on-target earnings of up to £52,000
A guaranteed overtime option to increase your base salary to £44,385, plus additional overtime and bonus opportunities
40 hours per week, with core hours from 8:30 am to 5:00 pm, and 1 in 4 Saturdays.
A Different Kind of RAC Role: Welcome to SMR
The RAC is known for roadside rescue - but this isn’t that.
Our Service, Maintenance & Repair (SMR) division is a newer, fast-growing part of the RAC, built to deliver planned, structured repair and servicing directly to members - from their driveway to their workplace car park.
There are no emergency callouts, no unpredictable shift patterns and no roadside recoveries. Instead, you’ll work through a scheduled list of jobs, with the time, tools and support you need to do quality work.
What To Expect
Your day starts with a clear digital schedule. Each job is pre‑booked, with the member expecting you. You’ll carry out:
Routine servicing
Diagnostics using advanced mobile equipment
In‑depth repairs you’d normally complete in a workshop
Member advice and recommendations based on your inspection
Vehicle safety checks aligned to RAC standards
And because SMR is structured, you’re not reacting to breakdowns - you’re delivering planned work that you can prepare for.
From day one, you’ll have everything you need: a fully equipped RAC van, fuel card, uniform, full tool set and advanced diagnostics. You’ll use your technical skill and problem‑solving ability to get people moving again; safely, quickly and confidently.
Why SMR is different (and why techs love it)
Planned appointments instead of emergency responses
Consistent workflow instead of unpredictable demands
In‑depth repairs, not roadside temporary fixes
Time to do the job properly, with support and parts ordering built in
Clear schedules using RAC’s mobile service platform
It’s the ideal role for techs who want variety and independence without the reactive nature of Patrol.
What You’ll Need...
Either:
NVQ Level 2 qualification in Light Vehicle Maintenance (or equivalent) with 2+ years’ experience
or
5+ years’ experience as a Vehicle Technician/Mechanic
and
A full UK driving licence with fewer than 6 points
No CV required when you apply and it takes just 5 minutes - it's easier than ever to start your journey with us.
As a Mobile Mechanic at the RAC, you’ll get benefits that go the extra mile:
Earnings That Motivate - enjoy a market-competitive base salary of £40,170, with the opportunity to increase your earnings up to £52,000 through bonuses and premium-rate overtime. A full-time 40-hour week, with Monday-Saturday availability (8am-8pm), offers flexibility and stability
Opt-in Guaranteed Overtime - after your first month, you can choose to work extra rest days at £30 per hour. Just one extra day a month could earn you £3,000 more per year on top of your base salary. Two extra days could give you an extra £5,000. It's your choice - more flexibility, more reward.
Tools to Drive Your Future - get started with a free RAC Ultimate Complete Breakdown Service from day one, plus access to a car salary sacrifice scheme (including electric vehicle options) after 12 months, delivering serious tax savings.
Time Off That Matters - enjoy 23 days of holiday (rising to 25 with service), plus bank holidays. We also support work-life balance with paid family leave, flexible schedules, and practical resources to help navigate personal commitments.
Financial Security & Perks - pension scheme with up to 6.5% matched contributions alongside life assurance cover up to 4x salary (10x optional with flex benefits), designed to support you long-term.
Wellbeing That Works for You - our 24/7 confidential support service is available to you and household members aged 16+, offering reassurance whenever you need it.
Extras That Make a Difference - access Orange Savings, our exclusive discount portal with deals across top retailers, holidays, tools, tech and more. After passing probation, you’ll automatically join our Colleague Share Scheme, giving you a stake in our collective success.
Who thrives here?
You’re more than just great with tools - you’re great with people. Our Mobile Mechanics are the face of the RAC: working on driveways, in car parks, speaking directly with members, and providing reassurance, clarity and high-quality service.
You enjoy independence, problem solving and real variety - each job is different. From servicing and diagnostics to in depth repairs and reporting, you’re hands-on, adaptable and confident making decisions on the spot.
You take pride in using your technical ability to genuinely help people and keep them moving.
The role is ideal if you want:
✔
Independence in a mobile role
✔
The stability and support of a trusted national organisation
✔
Ongoing development, including future EV and diagnostic skills
✔
A role where giving members complete peace of mind is simply part of what you do
We’re the RAC
At the RAC, we don’t stand still. With over 125 years of history and 12.5 million members, we’re on a mission to become the UK’s number one motoring services provider.
Our culture reflects that ambition - backed by a 4.5-star Glassdoor rating, our people know we’re serious about career growth, recognition, and support.
We celebrate individuality and champion every voice. As an equal opportunities' employer, we welcome people from all backgrounds and walks of life - it’s what sets us apart and drives us forward.
Show more
Show less",Not Applicable,Full-time,Information Technology,Vehicle Repair and Maintenance
4444067995,Hygiene Operative,Sofina Foods Europe,"Livingston, Scotland, United Kingdom",2 weeks ago,2026-07-24,https://uk.linkedin.com/jobs/view/hygiene-operative-at-sofina-foods-europe-4444067995,"Summary
Be a Key Player in a Clean, Safe, and High-Performing Food Environment
The Role
Sofina Foods is looking for a detail-focused individual to join our hygiene team. As a Hygiene Operative, you'll be at the heart of our operation, ensuring our production environment meets the highest standards of cleanliness and compliance.
Shift: Night shift, 2 week rotation
Week 1: Monday 1830 to 0600 & Tuesday to Friday 2000 to 0230
Week 2: Tuesday to Friday 2000 to 0230 & Saturday 1830 to 0600
Pay rate £14.37
Your Key Responsibilities
Carrying out scheduled cleaning of production areas, equipment, and facilities
Ensuring all hygiene tasks are completed to food safety and regulatory standards
Supporting your team to uphold a clean, safe, and efficient work environment
Following established cleaning procedures and safety protocols
The Ideal Candidate
Previous experience in hygiene or cleaning, ideally in a food production setting
Able to work night shifts on a full-time basis
Strong attention to detail and a proactive approach to maintaining standards
Good understanding of workplace health and safety practices
Able to work independently and as part of a close-knit team
Why Sofina Foods?
Competitive Salary
Competitive Contributory Pension
Life Assurance Scheme
DigiCare+
Company Information
Sofina Foods isn't just a food company - It’s a place to build your future.
With a team of over 13,000 people across 40 sites in Canada and Europe, we're passionate about delivering quality meats and seafood products to consumers around the world.
Join a company where innovation, sustainability, and customer satisfaction drive everything we do. At Sofina, you’ll grow your skills, make a real impact, and work with responsibly sourced products from more than 50 protein sources across five continents.
Our vision is bold: to be the most successful food company in the world.
If you’re looking for a rewarding career in the food industry, there’s a place for you at Sofina Foods.
Equal Opportunities
Sofina Foods is proud to be an equal opportunities employer. We’re committed to building a diverse and inclusive workplace where everyone feels valued and respected.
We welcome applications from people of all backgrounds and experiences – regardless of age, disability, gender identity, marriage or civil partnership status, pregnancy or maternity, race, religion or belief, sex, or sexual orientation.
Schedule
Night Shift
Location
Livingston, West Lothian
Hours of Work
Full-time
Company
Sofina Foods
Country Code
GB
AutoReqId
5761BR
AdRef
INDP
Show more
Show less",Not Applicable,Full-time,Other,Food and Beverage Manufacturing
4447982163,Breakfast Bar staff,Mitchells & Butlers PLC,"Edinburgh, Scotland, United Kingdom",6 days ago,2026-08-03,https://uk.linkedin.com/jobs/view/breakfast-bar-staff-at-mitchells-butlers-plc-4447982163,"Bar Staff - All Bar One - Edinburgh Airport
Serving a wide range of Cocktails, Beers, Wine and Coffee’s, All Bar One Edinburgh Airport is a 250 seater, fast paced Bar & Restaurant. We are looking for experienced Bar Staff who love to work under pressure and are capable of delivering volume to a high standard. You must be able to work well as a team as well has being able to deliver exceptional customer service.
Cocktail / Bar Experience Is Preferred But Not Essential.
As we are in the Airport, opening hours are 4am - 10pm and
shift patterns for this role are 3:30am – 12pm
with regular weekend availability required.
Due to Airport Security reasons, a
Full 5 year background check
will be carried out and a
Clean Criminal Record
is essential.
A
Passport
or
Drivers Licence
(Full or Provisional) is essential
Responsibilities And Duties
Responsible for all duties on the bar such as, Serving, dispensing drinks for the restaurant, making Coffee's & Cocktails, general cleaning, deliveries, stock rotation etc.
Qualifications And Skills
Previous Bar experience is preferred but not essential
A Strong understanding of the English Language is required
In house training will be given on our Service, Wine and Cocktails and a wide range of progression can be offered
Benefits
Fantastic Tips of £100-£200+ per week
Tailored industry training
33% off in over 1600 bar & restaurants such as Miller & Carter, Toby Carvery and many more
Excellent career opportunities in a great working environment
Free Onsite Airport Staff Parking
Shift Pattern : 3:30am-12pm
Show more
Show less",Not Applicable,Full-time,Management and Manufacturing,Hospitality
4445943803,Mobile Merchandiser/Service Operator - Glasgow,Selecta,"Glasgow, Scotland, United Kingdom",1 week ago,2026-07-27,https://uk.linkedin.com/jobs/view/mobile-merchandiser-service-operator-glasgow-at-selecta-4445943803,"About Selecta
Selecta is the largest provider of unattended self-serve coffee and convenience food in Europe, leading the way in vending solutions and specialist coffee services. We are hiring a
Service Operato
r to join our team and ensure a high level of customer service providing full and hygienically clean machines which are prepared to deliver maximum sales across the operational base. This is a mobile role visiting multiple client sites daily and restocking/cleaning either our coffee or vending machines, whilst being a friendly point of contact on site for clients during your visits.
About Selecta
Selecta operates across 16 countries within Europe, serving 12 million people every day. Within the UK we deliver a national service, relied on and trusted by circa 3,500 businesses to serve tasty beverages and snacks at a variety of locations from workplaces to schools, universities and hospitals and everywhere in-between.
What does a usual day look like for a Service Operator?
To ensure that all vending machines are filled and cleaned to the required levels as per Company guidelines at any given time
To complete all the relevant stock controls across the machine base and on the company vans
To fix occasional faults on machines e.g. cup jams, blocked mixing bowls etc. and report all machine faults to the Service Desk
To report all accidents, unfit foods and customer complaints to your Area Manager or to the Service Desk on the same day that any incident occurs
To provide training to new starters and team members who require upskilling, to ensure a high-quality service for customers
To ensure a high level of customer care is maintained and that this is always conducted in a courteous manner
To complete regular audits and quality checks on Retail Merchandisers' machines as instructed by your Area Retail Manager. To share any necessary follow up actions with the Retail Merchandiser and your Area Manager
To report any machines that are below Automatic Vending Association hygiene standards to your Area Manager
Covering sites in a van or covering static sites that will require using public transport to get to
Requirements
What are we looking for in a Service Operator
?
Be able to provide training to new starters
Be able to complete audits and quality checks
Always follow all Health & Safety regulations
Be flexible and responsive to changes
High level of customer care and always be presentable
Benefits
Benefits received as a Service Operator
25 days holiday pa + bank holidays
Life assurance of 2x yearly salary
Competitive pay rates- we pay more than our competitors in almost all locations
Training provided, you'll also achieve certifications in Food Hygiene, Health and Safety and Fresh food handling
Security of 5-weeks paid sick leave
Development opportunities available and clearly mapped career paths
Comfortable Vans provided, plus no commuting costs to and from work (you take the van home with you)
Company phone provided
At Selecta, we are committed to equal opportunities, diversity and inclusion, embracing our differences to achieve our common goal. We are united in our principle of making people feel great and we are grounded by our purpose to create more moments of joy for everyone through our ways of working.
Show more
Show less",Not Applicable,Full-time,Other,IT Services and IT Consulting
4445240388,General Hand,"ESS – Defence, Energy and Government Services","Helensburgh, Scotland, United Kingdom",2 weeks ago,2026-07-24,https://uk.linkedin.com/jobs/view/general-hand-at-ess-%E2%80%93-defence-energy-and-government-services-4445240388,"We're currently recruiting a dedicated General Hand to help ensure the smooth running of the operations in Defence on a full time basis, contracted to 36 hours per week.
As a General Hand, you will use your skills to maintain a high standard of quality work. In return, you will have the chance to progress your career with a company that invests in its people, celebrates individuality, and rewards and recognises employees who go beyond the plate.
Please note: This role is contracted to weeks per year
Could you bring your spark to Defence? Here's what you need to know before applying:
Your Key Responsibilities Will Include
Preparing delicious, high-quality food that delights our clients and customers
Creating attractive food and counter displays
Representing Defence and maintaining a positive brand image
Handling cash and operating the cash register
Complying with Food Handling & Hygiene standards
Complying with Health & Safety regulations
Our Ideal General Hands Will
Have an enthusiastic can-do attitude
Display passion for delivering excellent customer service
Be an excellent team player
Arrive equipped with a desire to succeed in your role
Thrive working under pressure
Demonstrate outstanding timekeeping and reliability
Have a safety-first mind set
Have experience within a similar catering-related role, but this isn't essential.
Part of Compass Group UK&I, ESS is the Defence, Government, and Energy services sector of Compass Group UK & Ireland. We support 250+ UK military establishments, high profile police, secure environments and government sites, along with a range of onshore and offshore facilities including platforms, drilling rigs, floatels and offices for the energy sector. We know that a friendly face makes all the difference, so we look for people who are passionate about delivering excellent customer service, at all levels, to join our teams.
Job Reference: com/2407/99089001/52430127/R/WJ #SCOT #Defence
Compass Group UK&I is committed to fostering an environment where every individual can truly be themselves at work and has equal opportunities to advance in their careers. We strive to build a culture that respects and celebrates the unique talents, beliefs, backgrounds, and abilities of all our team members. We want our colleagues to feel valued, empowered to reach their full potential, and to thrive - because diversity is our strength!
Show more
Show less",Not Applicable,Full-time,Other,Food and Beverage Services
4446909858,Floor & Bar Team Member - The Duke,Buzzworks Holdings,"East Ayrshire, Scotland, United Kingdom",1 week ago,2026-07-29,https://uk.linkedin.com/jobs/view/floor-bar-team-member-the-duke-at-buzzworks-holdings-4446909858,"At Buzzworks, we’re more than just a hospitality group; we’re a community. With 22 venues (and counting), we’re a people-focused business that brings positive energy and exceptional experiences to every town, city, and suburb we serve. If you're passionate about great food, great people, and creating memorable moments, you’ll feel right at home with us.
The Buzz
Flexible working - shifts that work around your life
Training & Development, we support your journey.
Stream App - access to pay. retail discounts and great savings
Top 100 Best Companies to work for
40% staff discount across all Buzzworks venues
Internal progression opportunities, we promote from within
Extra holidays after 1, 3, and 5 years' service
Wellbeing support - Employee Assistance, wellness hub, discounted gym.
The Works
As a Floor & Bar Team Member, you will love to meet new people and work as part of a team within a fast-paced environment. You will learn skills that will set you up for your future success, whether you continue your hospitality journey or go on to your dream job. Life experiences are what we do best. Communication, teamwork, organisational, and problem-solving skills are all part of the training, so apply now to start the journey!
Buzzworks is an equal opportunity employer. We believe in an equitable and inclusive work environment and a diverse, empowered team are key to achieving our aim to make people feel great through hospitality.
Show more
Show less",Not Applicable,Full-time,Management and Manufacturing,Food and Beverage Services
4443953203,Dispenser,Boots UK,"Glasgow, Scotland, United Kingdom",2 weeks ago,2026-07-22,https://uk.linkedin.com/jobs/view/dispenser-at-boots-uk-4443953203,"The hourly rate for this role is £13.92 and up to £16.64 across selected locations within London.
About The Opportunity
As a Dispenser working within one of our stores, you will be key member of our pharmacy team as you support the pharmacist and other healthcare professionals in your store to ensure the safe and efficient delivery of pharmacy and healthcare services.
Working within the healthcare department of the store, you will spend your time building great relationships with patients by listening and understanding their needs. From greeting customers, dispensing prescriptions and ensuring the safe sale of medicines, to providing advice using your healthcare knowledge to support patients in making informed decisions about their health and wellness – you’ll get to make a difference every day.
This is a role based in store within the UK. Remote applicants will not be considered and applications from candidates outside the UK will not be progressed unless relevant UK qualifications and right to work can be confirmed and evidenced.
Key Responsibilities
Prescription dispensing whilst ensuring the safe supply of medicines e.g. ordering medicines, labelling, dispensing, endorsing and collection of prescriptions.
Work with the other healthcare professionals in your store to assist in the management and delivery of pharmacy services
Provide care and advice to patients about medicines and to refer queries to the Pharmacist as appropriate.
Following Standard Operating Procedures (SOP) to support the safe and legal dispensing of prescriptions
Keeping up to date with new innovations in store and comply with operational processes.
Support patients to manage their prescriptions their way with reliable repeats and manage their medicines effectively to promote adherence and reduce waste.
Working with evolving technologies within store, you will have the opportunity to work with new systems, which helps to develop the traditional dispensing processes to further improve patient safety and release your time to spend more time with patients.
You will be provided with regular updates and training to develop your healthcare knowledge, as well as plenty of career development options including the opportunity to train as a Pharmacy Technician or as part of the store leadership team.
What You’ll Need To Have
Completed the Pharmacy Advisor qualification NVQ2 (or equivalent) or are currently working towards and have completed the first year of an MPharm qualification.
Current and valid UK right to work. This role is not eligible for sponsorship for a Skilled Worker Visa.
It would be great if you also have
Experience working in community pharmacy
Our benefits
Discretionary Christmas Gift Payment
Generous staff discount
Enhanced maternity/paternity/adoption leave pay and gift card for anyone expecting or adopting a child
Flexible benefits scheme
Access to free, 24/7 counselling and support through TELUS Health, our Employee Assistance Programme.
We have a great range of benefits in addition to the above that offer flexibility to suit you - find out more at boots.jobs/rewards. Please note, any salary estimates given on third-party sites are not provided or endorsed by Boots and may not be accurate.
Why Boots
We're always looking for people who care; people who go the extra mile to change things for the better. You'll be joining a company that is evolving and always looking to improve. We foster a working environment where consideration and inclusivity help everyone to be themselves and reach their full potential. We are proud to be an equal opportunity employer, and we are passionate about embracing the diversity of our colleagues by providing a positive and inclusive working environment for all. As the heart of everything we do at Boots, with you, we change for the better.
What’s Next
Your application will be reviewed by our team, and we will contact you as soon as we can. If successful, we will contact you to arrange an interview with the hiring manager.
Where a role is advertised as full-time, we are open to discussing part-time and job share options during the application process. If you require additional support as part of the application and interview process, we are happy to provide reasonable adjustments to help you to be at your best.
This role requires the successful candidate to complete a Pre-employment check after receiving an offer. Depending on your location you will be asked to submit either a DBS (Disclosure & Barring Service), PVG (Protection of Vulnerable groups) or an Access NI Check.
Boots is a Ban the Box employer and will consider the suitability of applicants with criminal convictions on a case-by-case basis.
Show more
Show less",Not Applicable,Part-time,Health Care Provider,Retail
4448901781,Cleaner,Mitie Cleaning & Hygiene Services,"Crieff, Scotland, United Kingdom",4 days ago,2026-08-05,https://uk.linkedin.com/jobs/view/cleaner-at-mitie-cleaning-hygiene-services-4448901781,"Better places, thriving communities.
Job Information
Deliver excellent service standards for the delivery of routine planned and periodic cleaning for a Mitie customer. Ensure the contract service delivery is of a high standard, meeting all SLA agreements whilst adhering to the cleaning schedules.
Main Duties
Undertake successfully all training required to deliver the cleaning role.
Work within a team and under their own initiative.
Adhere to all Mitie Quality, Safety, Health and Environmental policies and procedures.
Maintain the designated area to an agreed level of cleanliness in line with the Contract and relevant SLAs, carrying out all daily weekly and periodic tasks as directed by the Cleaning Supervisor.
Ensure that the service is delivered effectively and efficiently to a high standard.
Ensure all equipment is kept clean, well maintained and is a safe working order.
Report any maintenance requirements identified during cleaning tasks.
Always maintain security – locking doors, following lost property procedures etc.
Have a full knowledge and understanding of the designated cleaning area, including the agreed work specification and time allocated to facilities.
Have a full working knowledge of all cleaning equipment, materials and approved chemicals used by Mitie.
Set a good example in terms of dress, behaviour, punctuality, and attendance.
Ensure all Safeguarding Policies are always adhered to and raise any concerns in line with the Mitie policy.
Maintain confidentiality of sensitive information.
Ensure contractors and external visitors comply with security and health and safety while on school premises.
Build positive and productive working relationships with all customers, delivering excellent customer service and seeking ways to continuously improve and exceed expectations.
To undertake any other related duties which are within the job holder's capability, according to the needs of the business.
What We Are Looking For
Cleaning experience is preferred however training can be provided.
Reliable and hardworking with a professional attitude.
Ability to work to a schedule and as part of a team.
Capable of working to their own initiative where appropriate.
Be open and honest.
Be self-driven and determined.
Strive for continuous improvements in service delivery.
Mitie is committed to safeguarding and promoting the welfare of children and young people and expects all employees to share this commitment. The successful candidate will be subject to an enhanced DBS check and satisfactory references.
If you are working in
regulated activity
please note that you are subject to the following:
It is a criminal offence for people who are barred from working regulated activity to apply for roles that require them to work unsupervised with that particular group (i.e. vulnerable adults, children or both).
This post is exempt from the Rehabilitation of Offenders Act 1974 and Mitie is therefore permitted to ask job applicants to declare all convictions and cautions (including those which are ""spent"" unless they are ""protected"" under the DBS filtering rules) in order to assess their suitability to work with children or vulnerable adults.
Our market-leading flexible benefits scheme provides you with benefits that suit your lifestyle.
We have a virtual GP on hand for you and members of your household. So you can get expert advice by video or phone without having to leave your home. We offer financial wellbeing assistance through our Salary Finance scheme. For example, you could access 50% of your earned pay before payday for a small fee. Salary Finance also offers competitive loans.
When you join us, we’ll give you a link to our flexible benefits platform, Choices. This gives you the chance to customise your benefits to best suit your lifestyle. You can choose from dental insurance, dining cards, coffee clubs, buying technology products at an affordable cost and much more!
We give you access to high street discounts from thousands of well-known retailers, gyms and more through our MiDeals platform. And we have a cycle-to-work scheme.
Life cover is the greater of your equivalent annual salary or a minimum of £10,000 - giving peace of mind for your dependants. We also offer a save-as-you-earn scheme, and a Mitie Matching Share Plan (you could even be awarded free shares in Mitie).
We award our employees with Mitie Stars as recognition for their hard work. There are cash prizes up for grabs each month and at the end of the year there’s a chance to scoop a top prize of £10,000!
Our success is a direct result of the experience and quality of our people. Progressing your career is therefore a top priority for us. We offer a diverse variety of training and development avenues via a wide selection of learning resources to suit you.
We are committed to ensuring our recruitment process is inclusive and accessible to all. If you have a disability or long-term condition (for example dyslexia, anxiety, autism, a mobility condition or hearing loss) and need us to make any reasonable adjustments, changes or do anything differently during the recruitment process, please let us know by emailing at .
Since 1987, Mitie’s 84,000 employees have been maintaining companies globally. We are the UK’s leading facilities management and professional services company, and our clients range from household names in banking, critical government sites as well as hospitals and schools.
Join our Mitie Team.
Together our diversity makes us stronger.
Documents
Mitie Safeguarding Policy.pdf (404.58 KB)
Apply Now
Looking to move roles but not leaving the Mitie family?
Why not share your experience with others about life at Mitie?
Show more
Show less",Not Applicable,Full-time,Management and Manufacturing,Facilities Services
4441206526,Cleaner,Grosvenor Casinos,"Glasgow, Scotland, United Kingdom",3 days ago,2026-08-06,https://uk.linkedin.com/jobs/view/cleaner-at-grosvenor-casinos-4441206526,"At Grosvenor Casinos, we don’t just offer a place to work - we offer a place to belong.
For decades, Grosvenor Casinos has been the leading name in UK casinos, known for iconic venues and unrivalled experiences. Our casinos are vibrant, welcoming spaces where players come together to play with purpose, relax with friends, and enjoy brilliant food, drink, and entertainment. And above all, they come for the that exhilarating feeling where anything can happen.
Grosvenor Casinos sit at the heart of communities across the UK, and our ambition is clear - to become the UK’s most loved casinos. It’s our people who bring that ambition to life - setting the tone on the casino floor, creating energy and delivering breathtaking moments that keep guests coming back.
We’re building something special at Grosvenor Casinos. Join us and be part of it.
Join the team that keeps the casino sparkling!
As a Cleaner, you’ll ensure every area, from the gaming floor to guest restrooms and team spaces is spotless, safe, and ready for action.
You’ll take care of daily cleaning duties, restock essentials and report any maintenance issues, all while upholding top hygiene standards.
Skills & Experience Needed
This role is perfect for someone who takes pride in creating clean, welcoming spaces, has a sharp eye for detail, and thrives in a fast-paced, guest-focused environment.
Please be advised that this role operates within a 24/7 casino environment and will require flexibility to work night shifts and weekends.
Candidates must be 18 years of age or older and have the legal right to work in the UK.
Why Join Us?
As a part of The Rank Group, Grosvenor Casinos combines a vibrant, premium casino experience with outstanding benefits and exciting career progression within a leading leisure brand.
Rewards that keep the excitement going - From team incentives and competitions to everyday perks, we make sure your effort is recognised and rewarded.
A strong start that sets you up to win - Our induction gives you the confidence, knowledge and support you need to hit the ground running, with ongoing learning to keep building your skills.
Work with energy and variety - No two days are the same. You’ll help to shape how we do things, and make a real impact by bringing ideas to life and playing a key role in what matters.
High standards, achieved together - We set the bar high and support each other to reach it - but we do it as a team, not in competition. Because when one of us wins, we all do.
Room to grow and move forward - Whether you’re starting out or ready for your next step, we’ll support your development and open up opportunities to progress within Grosvenor Casinos and The Rank Group.
We’re for Everyone
If you're looking for a role with energy and variety and want to be part of a team that values passion, performance and care - we’d love to hear from you.
At Grosvenor Casinos and The Rank Group, we celebrate individuality and welcome applications from all backgrounds. If you need adjustments at any stage of the process, just let us know.
#GrosvenorCasinos
Show more
Show less",Not Applicable,Full-time,Management and Manufacturing,Gambling Facilities and Casinos
4446798510,Maintenance Operative,HC-One,"Glasgow, Scotland, United Kingdom",1 week ago,2026-07-30,https://uk.linkedin.com/jobs/view/maintenance-operative-at-hc-one-4446798510,"About The Role
HC-One are looking for a Maintenance Operative with solid experience in maintenance, building, DIY, cleaning and housekeeping. You’ll also need technical knowledge of mechanical and electrical systems, as well as ideally some IT skills. And, whenever you communicate with a resident or co-worker, you’ll be truly considerate and kind.
As a Maintenance Operative that will mean making sure our Residents live in a place that’s proactively inspected and brilliantly maintained at all times. You’ll carry out audits and make sure records are kept up to date. And, whether you’re replacing a tap or mixer valve, fitting a new extractor fan, repairing the timber on a bedroom window or putting up new wallpaper in the dining room, you’ll do so with a sense of kindness above anything else.
Safeguarding is everyone’s responsibility and therefore it is important that you are able to recognise the signs which may indicate possible abuse, harm or neglect in its different forms and know what to do if there are any concerns. All colleagues are required to attend safeguarding training appropriate to their role and to undertake additional training in associated areas. You also have the ability to seek appropriate advice and report concerns, including escalation if action is not taken.
Benefits
We’ll provide full training, so it’s a great opportunity to learn something new. In return, you will enjoy access to a huge variety of benefits and services to support your physical and psychological well-being and throughout your career as a Maintenance Operative we will invest in you, and you will enjoy additional support and benefits including:
Hourly rate is subject to experience and qualifications.
Paid Enhanced DBS/PVG
Free uniform
During a shift of eight hours or more a nutritious meal will be available
Company pension scheme
28 days annual leave inclusive of bank holidays
Group life assurance cover
Wagestream - financial wellbeing and flexible access to pay as you need it
Award-winning learning and development and support to achieve qualifications.
GP online - a service providing around the clock GP consultation via an interactive app - available to you and your children under 16
An opportunity to learn from experienced colleagues as part of an outstanding and committed team.
Colleague discounts – Access to over 1600 high street discounts including carefully selected discount partners.
Wellbeing - free of charge access to an independent and confidential Employee Assistance Programme. This gives Colleagues and their family access to 24/7 365 support for a whole range of issues including physical, mental and financial issues
Excellent recognition schemes such as ‘Kindness in Care’ and Long Service Awards
An attractive refer a friend scheme of up to £1000 per referral, depending on the role
We are passionate about ensuring that our current and future Colleagues can be their true selves, and that our workforce represents the communities we serve. We prioritise inclusive working practices and invite applicants from all backgrounds into our HC-One family and we are committed to providing the quickest possible turnaround from the point of making you a job offer to you starting with us on day one.
About You
Not Specified
About The Company
Not Specified
Show more
Show less",Not Applicable,Full-time,Management and Manufacturing,Hospitals and Health Care
4444139491,Room Attendant - New Hotel Edinburgh,Point A Hotels,"Edinburgh, Scotland, United Kingdom",1 week ago,2026-07-29,https://uk.linkedin.com/jobs/view/room-attendant-new-hotel-edinburgh-at-point-a-hotels-4444139491,"About Queensway
Queensway Group is a family-owned business founded by entrepreneurs and renowned for its warmth, sincerity and quality of service. We invest in real estate which we develop into operating business in the hospitality sector, from coffee shops to hotels, residential property and a members club. The brands we operate include KFC, Starbucks, Point A Hotels, Montagu Place, Sloane Place and the Sloane Club.
With our entrepreneurial approach and extensive network, we can respond to opportunities and drive growth in our businesses. At Queensway we never stand still, and our agility is key to our success. This, together with our experience in real estate development, means we can effectively transform assets which are then operated by skilled and dedicated teams across the UK, Europe and East Africa.
About Point A Hotels
At Point A we are defined by our state of mind, not the state of the market. When we work together, we believe anything is possible. Our strength lies in our ability to think differently and use what we have innovatively. We want to defy the status quo and challenge the leaders in our sector with our brand, products, and service.
In everything we do, we are thoughtful, humble, honest, and true to our personal values. We deliver heartfelt hospitality to all our guests, no matter their budget.
Since 2017 this approach has been key to our becoming one of the most successful new hotel brands, but we need fine folk to help us continue the story and write more of the successful paragraphs.
About The Role
We currently seek a Full Time Housekeeper/Room Attendant to join our fantastic team at Point A
Edinburgh St Andrew Square.
We are a kind & caring team and so you will be an important part of our family and a vital part of what we do. We can assure you that your individuality will be appreciated and your voice will not only be heard, but will inform how we progress in becoming a brand of choice for our guests and the best place to work for our employees.
We are looking for the following qualities and experience in our people:
Positive attitude and drive
Ability to partner with our people and support other team members
Vigilance and eye for detail
Passion for learning and development
Kindness, honesty, and care for the surrounding community
We will offer you:
Attractive salary - £13.35 per hour
Queensway Reward & Recognition Scheme
Access to Wagestream for flexible pay
Access to EachPerson, a high-street discount platform
Annual Awards Ceremony
Fun, friendly, and supportive work environment
Professional development and career progression
Career opportunities across the group, including coffee houses and support office
Great team-building initiatives and social events
Friends and Family Rates at all our properties
28 days of annual leave
Show more
Show less",Not Applicable,Full-time,Management and Manufacturing,Restaurants
4448151807,Estimator,Zenith,"Loanhead, Scotland, United Kingdom",6 days ago,2026-08-03,https://uk.linkedin.com/jobs/view/estimator-at-zenith-4448151807,"Location
Edinburgh (Loanhead) or Luton
The Role
Zenith is looking for an Estimator to support our continued growth across industrial, energy, infrastructure and commercial sectors.
We're interested in speaking with experienced estimators, but we'd also welcome applications from people with relevant construction, engineering, commercial or project delivery backgrounds who may be looking to move into estimating.
The role involves preparing estimates and tender submissions, undertaking site visits, engaging with clients and helping secure future work through competitive and commercially robust proposals.
Experience within construction, industrial services, maintenance, access solutions or related sectors would be beneficial, although specialist training can be provided.
If you're looking for a new challenge and want to be part of a growing business with opportunities for development and progression, we'd love to hear from you.
Skills & Personal Qualities
Strong communication skills, with the ability to build relationships and liaise confidently with clients, suppliers and internal teams.
Commercial awareness and the ability to interpret technical specifications, drawings and tender documentation.
Highly organised and methodical, with strong attention to detail.
Self-motivated and capable of working independently while contributing to a collaborative team environment.
Proficient in Microsoft Excel and other estimating or commercial systems.
Experience using Microsoft Project or other project planning tools would be advantageous.
Qualifications & Experience
Experience preparing estimates, tenders, cost plans or commercial proposals within construction, engineering or industrial services.
Applications are welcomed from experienced estimators as well as candidates from quantity surveying, project engineering, project delivery or other commercial backgrounds looking to move into estimating.
Experience within industrial services, maintenance, construction, scaffolding, rope access or related sectors would be advantageous.
Ability to interpret technical drawings, specifications and scopes of work.
HNC/HND in Construction Management, Engineering or a related discipline would be advantageous.
Full UK driving licence.
Salary & Benefits
Competitive salary and benefits package, dependent on experience and qualifications.
About Zenith
Zenith is a multi-disciplined company specializing in access, maintenance, and repair services with a strong focus on innovation, engineering, and design excellence. Dedicated to safety and continuous staff development, Zenith delivers high-quality services that foster long-term client relationships. Our expertise allows us to provide industry-leading solutions that differentiate us from competitors. With operations spanning the UK, Ireland, Mainland Europe, the Middle East, Central Asia, Southeast Asia, and West Africa, Zenith serves a diverse range of industries worldwide.
Show more
Show less",Mid-Senior level,Full-time,Management and Manufacturing,Engineering Services
4447986502,Spray Painter,Arnold Clark,"Motherwell, Scotland, United Kingdom",6 days ago,2026-08-03,https://uk.linkedin.com/jobs/view/spray-painter-at-arnold-clark-4447986502,"We Offer Our Spray Painters
Up to £47,000 OTE plus benefits
Additional opportunity to earn up to £9,000 every three years in performance-based bonuses – terms and conditions apply
Motherwell Motorstore
44 hours per week
Starting from 33 days’ annual leave, increasing with service
Salary review twice per year
Excellent opportunities to continue training and career progression
Generous employee discounts
Private healthcare and sick pay cover
Maternity and paternity packages
Hours
Full time: Monday – Thursday 8am – 5.30pm and Friday 8am - 4.30pm
About The Role
Working within a busy workshop environment, you’ll work on accident-damaged and sales vehicles to restore them to their former glory.
You’ll need to have previous experience, be energetic, efficient and happy to work on your own initiative to get every job done to the highest standard.
Essential Skills
Previous experience as a Vehicle Spray Painter in a professional workshop
Good attention to detail and the ability to multi-task
The ability to work both as part of a team and on your own initiative
Day-to-day duties
Preparing vehicles for paintwork
Masking vehicles in preparation for paintwork
Carrying out minor damage repairs
Polishing to remove defects from vehicle paintwork
Mixing paint to apply to vehicles
Applying paint products correctly and to a high standard
Our Culture
Arnold Clark is committed to creating a diverse and inclusive workplace. We care about our employees and our communities, we nurture talent and encourage ambition, and we are passionate about people who take pride in their work. Our employees are at the heart of everything we do – diverse in our make-up, united in our goals.
To find out more about Life at Arnold Clark , visit our website.
Employment within the Arnold Clark Group is offered subject to a satisfactory reference and disclosure check.
Show more
Show less",Not Applicable,Internship,"Design, Art/Creative, and Information Technology","Motor Vehicle Manufacturing, Hospitality, and Retail"
4449657335,Marine Feed Technician (4 days on / 2 days off rotation),Bakkafrost Scotland,"Ardrishaig, Scotland, United Kingdom",4 days ago,2026-08-05,https://uk.linkedin.com/jobs/view/marine-feed-technician-4-days-on-2-days-off-rotation-at-bakkafrost-scotland-4449657335,"Role
At Bakkafrost Scotland we breed, rear and process superior salmon in the pristine waters of the West Highlands and Islands. If you are an ambitious and motivated person looking for your next challenge in an exciting workplace now is the perfect time to take your next step with Bakkafrost Scotland As a Marine Feed Technician you will work as directed by the Area Manager to implement an effective and efficient feed management operation to optimise fish feeding and growth, ensuring compliance with the highest standards of feed management, fish health and welfare, quality standards and health and safety - click on the job specification link for full details of the role. In addition to a competitive salary, we offer the following:
Share bonus program
Market-leading pension
Non-contributory life insurance and individual critical illness cover
Generous Occupational Sick Pay
29 days’ holiday per year (inclusive of public holidays) and the option to buy or sell up to 3 days’ entitlement (based on 8.5 hours worked per day)
Enhanced relocation support
Discretionary Area Allowance of £2,000
Overtime paid daily (paid after 8.5 hours at x1.5)
Working Away from Home Allowance
Long service award - £500 after 5 years' service, £2,000 after 10 years' service
Employee recognition scheme
Professional development support and employee assistance program
A commitment to health & safety and an excellent occupational health service
Continuing investment in our business, our people and our technology
Wider Wallet Scheme giving access to discounts from over 14,500 retailers in the UK
Cycle to Work Scheme - saving between 25-39% on the cost of a new bike
Show more
Show less",Not Applicable,Internship,Management and Manufacturing,Food and Beverage Manufacturing
4442493768,Bartender,TRGC,"Paisley, Scotland, United Kingdom",3 weeks ago,2026-07-19,https://uk.linkedin.com/jobs/view/bartender-at-trgc-4442493768,"Join one of the UK's leading hospitality businesses as a bartender. In return you'll get free meals on shift, up to 30% discount at all our brands with no limit on number of guests, and excellent career opportunities plus many other benefits.
Create unforgettable guest experiences! From delivering warm welcomes, staying fresh with drink recommendations, preparing the perfect drinks, and maintaining the bar so we are always guest ready. In our busy airports sites teamwork is key, so you'll always step in to support colleagues.
You're someone who can provide excellent hospitality to our guests, no matter what time they are dining with us, airport shifts can start as early as 3am. Early starts mean early finishes!
Join us at The Restaurant Group (TRG) – home to around 300 fabulous restaurants and pubs across the UK, including faves like wagamama’s and Barburrito. With over 40 years in the hospitality game, we're all about creating experiences that wow.
Due to alcohol licensing laws, applicants must be over 18 years of age.
What's In It For You...
Free meal whenever you work.
Up to 30% discount at all our brands and no limit on number of guests, incl. wagamama.
Duty free discounts excluding alcohol and cigarettes.
Access to a great discount platform, saving you money on everyday purchases and so much more.
Wagestream platform to access your wages as they are earned.
Superb training and development, apprenticeships open to all.
What We're Looking For In Our Bartender
Great people skills.
Excellent organisational and multitasking abilities.
Ability to keep a positive attitude in a fast-paced airport environment
Flexibility in hours, airport shifts can start at 3am.
Also be able to provide a 5 year work/education/personal reference history and undertake a criminal record check.
We’re committed to creating an inclusive environment for all, where team members are valued for their unique perspectives. We are proud to celebrate our diverse voices! And we are a disability confident employer.  We want every candidate to have the opportunity to succeed, we will ask if you need any adjustments during the application and interview process to be your best!
Show more
Show less",Not Applicable,Full-time,Management and Manufacturing,Hospitality
4446434394,Floor & Bar Team Member - The Tree House,Buzzworks Holdings,"South Ayrshire, Scotland, United Kingdom",1 week ago,2026-07-28,https://uk.linkedin.com/jobs/view/floor-bar-team-member-the-tree-house-at-buzzworks-holdings-4446434394,"At Buzzworks, we’re more than just a hospitality group; we’re a community. With 22 venues (and counting), we’re a people-focused business that brings positive energy and exceptional experiences to every town, city, and suburb we serve. If you're passionate about great food, great people, and creating memorable moments, you’ll feel right at home with us.
The Buzz
Flexible working - shifts that work around your life
Training & Development, we support your journey.
Stream App - access to pay. retail discounts and great savings
Top 100 Best Companies to work for
40% staff discount across all Buzzworks venues
Internal progression opportunities, we promote from within
Extra holidays after 1, 3, and 5 years' service
Wellbeing support - Employee Assistance, wellness hub, discounted gym.
The Works
As a Floor & Bar Team Member, you will love to meet new people and work as part of a team within a fast-paced environment. You will learn skills that will set you up for your future success, whether you continue your hospitality journey or go on to your dream job. Life experiences are what we do best. Communication, teamwork, organisational, and problem-solving skills are all part of the training, so apply now to start the journey!
Buzzworks is an equal opportunity employer. We believe in an equitable and inclusive work environment and a diverse, empowered team are key to achieving our aim to make people feel great through hospitality.
Show more
Show less",Not Applicable,Full-time,Management and Manufacturing,Food and Beverage Services
4451327826,Coach Driver Kilmarnock/Glasgow ***£2500 SIGN ON BONUS***,s1jobs,"Kilmarnock, Scotland, United Kingdom",7 hours ago,2026-08-09,https://uk.linkedin.com/jobs/view/coach-driver-kilmarnock-glasgow-%C2%A32500-sign-on-bonus-at-s1jobs-4451327826,"Salary
Typical annualised earnings of circa £39,500
Earn £500 of Your £2,500 Joining Bonus After Just 4 Weeks with Stagecoach!
Join Stagecoach as a qualified bus driver and get your career moving with a fantastic £2,500 joining bonus! You’ll receive £500 after a 4-week qualifying period, £1,000 after 12 months, and a further £1,000 after 24 months.
If you’re a skilled driver looking for a rewarding career with great benefits, long-term opportunities and a supportive team, we’d love to have you on board.
Apply today and start driving your future forward with Stagecoach!
Terms and conditions apply. Bonus payments are subject to eligibility criteria and completion of qualifying service periods
Already have your PCV licence? Come drive your future forward with Stagecoach.
We’re looking for skilled, friendly, and reliable drivers to join our team at the Kilmarnock Depot and operate coach services from Glasgow. You’ll play a vital role in keeping our communities connected – safely, smoothly, and with great service.
What’s In It For You
Ongoing 9 week location work cycle: 3x weeks in Glasgow, 3x weeks in Kilmarnock and 3x weeks in Glasgow. Including paid travel time to our Glasgow Depot.
Competitive hourly pay – £15.10/hr in Kilmarnock & £15.75/hr in Glasgow
Guaranteed 39 minimum hours pay in Kilmarnock and 50 hours minimum in Glasgow (plus travel), with overtime for those who want to increase their earnings
£2500 sign on bonus with T&C’s
Earn from £39500+ per year with overtime
Flexible shift patterns
Ongoing CPC training & career progression
Free travel, pension, paid holidays & discounts
Modern, sustainable fleet & supportive team environment
Why Stagecoach?
We don’t just offer jobs – we offer careers with purpose. Whether you're staying behind the wheel or aiming to become an Inspector, Controller, Instructor or team leader, we’ll help you grow.
Benefit Stagecoach Kilmarnock Typical Local Operators
Starting Pay : £15.10 to £15.50 Dom £15.75 EU ❌ Starting rate £13.45
Paid Training ✅ Fully paid + licence ❌ Often unpaid/partial
Pay Increases Agreed ✅ Guaranteed ❌ Not always structured
Pension ✅ Company scheme ✅ Basic
Sick Pay ✅ From day one (above SSP)❌ Often SSP only
Free Travel ✅ Yes ❌ Limited/none
Overtime Opportunities ✅ Available ✅ Varies
Job Security ✅ Major UK operator ⚠️ Varies
Career Progression ✅ Clear pathways ⚠️ Limited
What You’ll Do
Drive safely and confidently
Deliver great journeys & customer service
Be a friendly, trusted presence on the road
Work early mornings, evenings, weekends – flexibly
What You’ll Need
A valid PCV licence
A valid PCV CPC entitlement
A valid Digital Tachograph Card
Aged 18+ with the right to work in the UK
A calm, professional driving style
A people-first attitude and team spirit
Ready to take the next step in your driving career?
Click apply now to start your Stagecoach journey today. We can’t wait to welcome you on board!
Stagecoach is proudly an inclusive employer, striving for a culture where everyone can be themselves and where all the differences people bring are truly appreciated. We welcome applications from all, irrespective of gender, ethnicity, race, religion, beliefs, disability, neurodiversity, sexual orientation or age. We also live by our five values across Stagecoach; We plan for the future, We do the right thing, We are stronger together, We are down to earth and We support communities.
Stagecoach is proudly an inclusive employer, striving for a culture where everyone can be themselves and where all the differences people bring are truly appreciated. We welcome applications from all, irrespective of gender, ethnicity, race, religion, beliefs, disability, neurodiversity, sexual orientation, or age.
Stagecoach is proudly an inclusive employer, striving for a culture where everyone can be themselves and where all the differences people bring are truly appreciated. We welcome applications from all, irrespective of gender, ethnicity, race, religion, beliefs, disability, neurodiversity, sexual orientation, or age.
Location:
Kilmarnock Bus Station Green Street Kilmarnock KA1 1LN
Show more
Show less",Not Applicable,Internship,Management and Manufacturing,Staffing and Recruiting
4338183483,Nuclear Watchkeeper,Babcock International Group,"Faslane Port, Scotland, United Kingdom",1 week ago,2026-07-31,https://uk.linkedin.com/jobs/view/nuclear-watchkeeper-at-babcock-international-group-4338183483,"Job Title: Nuclear Watchkeeper
Location: Helensburgh, Argyll and Bute
Compensation: Competitive + Benefits
Role Type: Full time / Permanent - Part-time and flexible working arrangements will also be considered
Role ID: SF63733
Shape the future of submarine engineering – and your career.
At Babcock we’re working to create a safe and secure world, together, and if you join us, you can play your part as a Nuclear Watchkeeper at our HMNB Clyde Faslane site.
The role
Use Your Expertise. Shape the Next Generation.
We’re looking for experienced Nuclear Watchkeepers to join us as instructors supporting the Royal Navy Submarine Service. This is a unique opportunity to step into a rewarding, shore-based role where you’ll pass on your knowledge and experience to the next generation of engineers.
No prior instructional experience is required we’ll provide full training and support to help you develop into a confident and effective instructor.
Day-to-day you’ll be:
Delivering classroom and simulator-based training to Nuclear Propulsion Plant Operators and Marine Engineering Equipment Maintainers.
Collaborating with training designers to update courseware in line with technical changes.
Delivering additional safety training (e.g. Confined Space, Working at Height) to students outside the ACTS programme.
Providing subject matter expertise to evaluate technical data and course content.
Supporting the routine review and revision of training materials.
This role is full time, 37 hours per week and is based on site at HMNB Clyde Faslane. We welcome applications for part-time roles and are open to discussing alternative working arrangements. A relocation package may be available, subject to eligibility.
Essential experience of the Nuclear Watchkeeper:
Comprehensive knowledge of Naval Nuclear Steam Raising Plant operation.
Ability to work both independently and collaboratively.
Recent hands-on experience in this field with up-to-date technical skills.
Strong communication skills with the ability to engage and inspire learners.
Qualifications for the Nuclear Watchkeeper:
Royal Navy Submarine Service: Category A, B or C Watchkeeping Qualification
Security Clearance
The successful candidate must be able to achieve and maintain Security Check (SC) security clearance for this role.
Many of the positions within our company are subject to national security clearance and Trade Control restrictions. This means that your eligibility for certain roles may be affected by your place of birth, nationality, current or former citizenship, and any residency you hold or have held. Further details are available at United Kingdom Security Vetting: clearance levels - GOV.UK (www.gov.uk) .
What We Offer
Generous holiday allowance
Matched contribution pension scheme, with life assurance
Access to a Digital GP, annual health check, and nutritional consultations through Aviva DigiCare+
Employee share scheme
Employee shopping savings portal
Payment of Professional Fees
Reservists in the armed forces receive 10-days special paid leave
Holiday Trading is a benefit that allows UK Babcock employees to buy additional leave or to sell up to one working week of annual leave from their annual entitlement. This Window opens February through to March annually.
‘Be Kind Day’ enables employees to take one working day's paid leave a year (or equivalent hours) to undertake volunteering work with their chosen organisation or registered charity
Excellent development opportunities and benefits package including an employee assistance programme supporting physical, mental and financial wellbeing.
Babcock
We’re Babcock — a global FTSE 100 organisation with over 26,000 people working together to make a difference.
Here, you’ll be part of something bigger. From initial design to final decommissioning, your work will contribute to products and services that are essential to national security and public infrastructure. Together, we’re building a future that lasts — not just through the impact we make, but through meaningful careers that respect your work-life balance.
We call that lifetime engineering.
Join us and see how far we can go, together.
We are a disability confident committed employer. If you have a disability or need any reasonable adjustments during the application and selection stages, please email careers@babcockinternational.com with the subject header ‘Reasonable adjustments requirement’. We’re committed to building an inclusive culture where everyone’s free to thrive. We are happy to talk about flexible working – please ask about alternative patterns of work at interview.
Closing date: 17/08/2026
Show more
Show less",Not Applicable,Full-time,Other,Defense and Space Manufacturing
4446591728,Artisan (B&C),Network Rail,"Edinburgh, Scotland, United Kingdom",1 week ago,2026-07-29,https://uk.linkedin.com/jobs/view/artisan-b-c-at-network-rail-4446591728,"Who We Are
Join Network Rail - Where People and Connections Matter
At Network Rail, we're dedicated to keeping passengers and freight moving safely and efficiently across the country. When you join us, you're not just part of a team - you're part of something that matters to millions. We believe that our people are at the heart of what we do, and every role plays a vital part in building a better, more connected railway. Click here to learn more.
We're committed to creating a diverse, inclusive workplace that reflects the communities we serve. To discover more about our ED&I commitments click here. We value flexibility and understand the importance of a healthy work-life balance. As a Disability Confident Leader, we'll do everything we can to accommodate any needs throughout the recruitment process.
Safe behaviour
is a requirement of working for Network Rail. Applicants should be able to demonstrate their awareness of our safety vision.
If you're ready to make a real difference, we'd love to hear from you!
Scotland's Railway is part of this large family and it covers a large geographical area from the Borders to Thurso at the far tip of the North East of Scotland, accounting for almost 20 per cent of the UK rail network. We provide rapid access along busy commuter routes to our seven cities, servicing the varied needs of our business and leisure commuter services, including cross border services and rural services. We have up to 50 freight services operating every day and we are steadily building capacity for this to grow. Our ambition to be responsive to passengers and freight users, drives us every day and we're empowered to do the right thing for those who use the rail network. We actively challenge unsafe practices and take responsibility for addressing risks, resolving issues and protecting safety and wellbeing.
About The Role
Our Artisan's in Buildings & Civils undertake inspection, faulting, maintenance and renewal work as allocated. When required - they direct, organise and motivate the team so that work is undertaken safely, efficiently and to the relevant standards.
This role primarily focus joinery however the wider team work together to ensure all necessary works are completed to a high standard and on time, as such this role also offers support to the wider team and requires the successful candidate to be comfortable stepping outside of business as usual duties as and when required. Other trades in the team include electricians, plumbers and groundworkers.
Duties And Responsibilities
Establish and maintain appropriate safety arrangements for staff under your control including Contractors.
Carry out work safely and in accordance with the safe systems of work procedures, method statements or other relevant instructions with minimum disruption to customers and stakeholders.
Undertake work and associated duties for which you are trained and competent.
Undertake and direct work activities in a safe and efficient manner and in accordance with all relevant standards.
Prepare site specific risk assessment in conjunction with risk control manuals. Review safe system of work documentation where required.
Deliver and maintain an effective service to customers and key stakeholders.
Control and check the quality of work undertaken and confirm assets are compliant to standards.
Check that the staff under your control have the appropriate and valid competencies.
Check that vehicles, plant, tools, equipment and materials under your control are fit for use and are used/stored and disposed of correctly.
Accurately report all work completed/not completed and produce/maintain records as required.
Contribute to your own development and that of others.
Adhere to company policies and procedures.
Start your career journey with Network Rail and apply now and submit your CV.
We're dedicated to creating an inclusive environment and we welcome applications from everyone! Our aim is to ensure your candidate experience is as positive as possible. If you require reasonable adjustments at any point, simply let us know-we'll do our best to assist you.
Network Rail is a Disability Confident Leader and we'll try our best to adapt the process and offer a reasonable alternative to help support people with disabilities access, apply and interview for roles.
You can visit Evenbreak's Career Hive for advice on accessibility support if you're unsure of the options available. Should you require any reasonable adjustments/modifications, please contact ScotlandResourcing@networkrail.co.uk.
All offers of employment are conditional upon satisfactory completion of pre-employment checks. Click here for more information
Keeping people safe on the railway is at the heart of everything we do,
safe behaviour
is therefore a requirement of working for Network Rail. Applicants should demonstrate their personal commitment to safety in their application.
Network Rail Benefits
- To find out about what benefits we offer, click here
Grade:
Former IMC Terms & Conditions (IMC33B)
Salary:
£35,175 + roster premium
Closing date:
Midnight on Wednesday 12th August 2026 - late applications will not be accepted.
We retain the right to close the advert before the listed closing date (based on application volumes) so if you are interested in this vacancy, we encourage you to make your application as early as possible.
Here are a few of the benefits we offer
28-day annual leave with the option to buy and sell days
Choice of pension schemes
75% discount of leisure travel for you and your family
Up to 75% subsidised Rail and Underground travel
Private Healthcare
5 days paid volunteer or carers leave
Gym Pass - access to gyms across UK
My Benefits platform - giving national and local retail discount
Some of our roles require face to face Drugs & Alcohol testing. Further details will be shared with you as part of your formal offer.
Our aim is to ensure your candidate experience is as positive as possible. If you require reasonable adjustments at any point, simply let us know-we'll do our best to assist you.
PLEASE NOTE
- all offers of employment are conditional upon satisfactory completion of pre-employment checks: Click here for more information.
Essential Requirements
Your experience and skills
Qualified Joiner holding a recognised City & Guilds qualification (or equivalent).
Extensive experience in a broad range of civil engineering and building maintenance activities, including:
Groundworks
Drainage installation, maintenance and repairs
Concreting and reinstatement works
Excavation and foundation works
Fencing, paving and general external works
Proven ability to undertake joinery works to a high standard while supporting multidisciplinary maintenance and infrastructure projects.
Experience of working in a rail, construction, civil engineering, or similar safety-critical environment.
Good understanding of health, safety and environmental requirements.
Flexible approach to work and willingness to undertake a wide range of station maintenance and operational duties as directed by management or supervisory staff.
Show more
Show less",Not Applicable,Full-time,Management and Manufacturing,Rail Transportation
4422235600,Register your interest in a career at SGN,SGN,"Scotland, United Kingdom",2 weeks ago,2026-07-22,https://uk.linkedin.com/jobs/view/register-your-interest-in-a-career-at-sgn-at-sgn-4422235600,,,,,
3626740465,Face to Face Fundraiser,RNLI,"Edinburgh, Scotland, United Kingdom",3 years ago,2023-06-05,https://uk.linkedin.com/jobs/view/face-to-face-fundraiser-at-rnli-3626740465,,,,,
4433969674,Barista,IHG Hotels & Resorts,"Edinburgh, Scotland, United Kingdom",1 month ago,2026-07-06,https://uk.linkedin.com/jobs/view/barista-at-ihg-hotels-resorts-4433969674,,,,,
4438034218,Hotel Porter,Scotsman Hospitality,"Edinburgh, Scotland, United Kingdom",1 month ago,2026-07-10,https://uk.linkedin.com/jobs/view/hotel-porter-at-scotsman-hospitality-4438034218,"Who we are?
The Scotsman Group is Scotland’s largest and most diverse hospitality group, with a collection of over 40 venues across Scotland including bars, restaurants, hotels and more.
We are looking for an experienced and talented Hotel Porter to join our fantastic venue,
*insert venue name*
What is in it for you?
As part of Scotsman Hospitality, you will have access to the following benefits that include:
TRONC electronic tips – Our staff keep 100% of tips earned in venues.
Wagestream – Stream up to 40% pay as it is earned and set automatic savings to support your financial wellbeing.
30% off of food and cinema tickets in all of our venues across Scotland.
Hotel and Apartment discounts.
Access to Scotsman Perks Benefits Portal.
Staff meals on duty.
Flexible working opportunities.
Career development through our Scotsman Steps training programme.
The Role
As a hotel porter, the right candidate will be responsible for proving a high and professional level of customer service at all times.
Duties Will Include
Escort guests to their rooms, showing them the facilities inside the room (light switches, heating control, TV`s and etc).
Assist customers with their luggage as well as deliver their luggage if early arrivals.
Be responsible for storing guest luggage on check out as well as tagging it correctly is also important within this role.
The main focus of this role will be to ensure all customers have the best possible experience, therefore seeing to every need that is required by the customer.
Directing guests and answering all queries will ensure guests feel welcome and looked after during their stay.
The Person
Must have experience within hospitality or a customer service environment.
The successful applicant must have experience within hospitality or a customer service environment.
The Process
If you think this is the Hotel Porter role for you then apply now and a member of the Hotel team will be in touch
Show more
Show less",Not Applicable,Full-time,Other,Restaurants
4378314837,Facilities Labourer,MacTaggart Scott,"Loanhead, Scotland, United Kingdom",6 months ago,2026-02-01,https://uk.linkedin.com/jobs/view/facilities-labourer-at-mactaggart-scott-4378314837,"Location:
On site - Loanhead, Edinburgh
Working Pattern:
Monday to Thursday
Working Hours:
07:00 a.m - 16:45 p.m.
Contract Type:
Permanent
Shift Pattern:
Dayshift
Join Our Team: Labourer
We are looking for a reliable and hardworking Labourer to join our Facilities team at MacTaggart Scott. This is an important hands-on role supporting both the production and facilities departments to help ensure the smooth, safe, and efficient running of the site.
Working closely with the Facilities Manager, Labouring Team Leader, and wider operational teams, you will provide labouring support across various departments and assist with maintaining high housekeeping and health & safety standards throughout the site.
This role would suit someone who enjoys practical work, can work independently using their own initiative, and is equally comfortable contributing as part of a team within a busy manufacturing environment.
About Us
MacTaggart Scott primarily supports the Naval Defence industry, providing complete solutions to customer needs from analysis of initial customer requirements, to design and manufacture, and right through to commissioning and through life support.
Established in 1898, we are proud of our history and tradition but believe that sustainable competitive advantage can only be achieved through continuous improvement, investment, and a commitment to business excellence at every level within the company.
What is the job about?
As a Labourer within our Facilities team, you will play a key role in supporting operational activities across the site. You will carry out a range of labouring, housekeeping, and equipment operation duties to help maintain safe and efficient working environments for our production teams.
This is a varied and physically active role where flexibility, teamwork, and a strong commitment to health and safety are essential. You will be trusted to work with minimal supervision while supporting colleagues across different departments as required.
Key Responsibilities will include but are not limited to:
Provide labouring support across various production departments as required
Carry out sweeping, cleaning, and general housekeeping duties within workshops and surrounding areas
Ensure department yards, pathways, welfare facilities, and other site areas are kept clean, safe, and tidy
Operate counterbalance forklift trucks when required
Operate overhead cranes as required
Support the wider Facilities and Production teams with additional labouring duties as needed
Work collaboratively with colleagues to ensure efficient and effective labouring support across the site
Adhere to company procedures and site rules, particularly in relation to health and safety
Maintain accurate communication and co-operate effectively with colleagues and supervisors
Support continuous improvement initiatives within the department
Requirements
About You
Ability to work independently using your own initiative
Strong team-working skills with a flexible and positive attitude
Ability to operate equipment safely and responsibly
Reliable, practical, and safety conscious
Comfortable working within a busy manufacturing and engineering environment
Willingness to support different departments and adapt to changing priorities
Essential Skills & Experience
Counterbalance forklift experience
Overhead crane experience
Ability to work safely with minimal supervision
Strong understanding of health & safety responsibilities
Full valid UK driving licence
Desirable
Valid forklift licence
Valid overhead crane licence
Health & Safety
At MacTaggart Scott, health and safety is a top priority. In this role, you will be expected to comply with all company health & safety policies and procedures while helping to maintain safe working practices across the site.
Due to the nature of our business, some work may take place within areas controlled by third parties, where adherence to site-specific rules and regulations is essential at all times
Benefits
Your future at MacTaggart Scott - What we offer
.
Our leave policy brings together leave entitlements which include annual leave,paid parental leave, military reservist leave, plus more
We will provide you with a supportive and engaging environment where you can grow your career, with a dedicated Learning and Development team
A generous referral programme
Your wellbeing is supported through our online wellbeing program as well as our Employee Assistance Programme and an onsite nurse
Onsite Canteen and Car Park
Free onsite parking
Company pension
Cycle to work scheme
Employee discount
Free flu jabs
Health & wellbeing programme
Life insurance
Sick pay
Show more
Show less",Not Applicable,Full-time,Production,IT Services and IT Consulting
4198700281,Career Opportunities within Planning | Expression of Interest,Stantec,"Glasgow, Scotland, United Kingdom",2 weeks ago,2026-07-20,https://uk.linkedin.com/jobs/view/career-opportunities-within-planning-expression-of-interest-at-stantec-4198700281,"The Opportunity
Are you an experienced Town Planner looking for a new opportunity with an established, growing team? Do you want to work on a variety of exciting projects, that offer fantastic career development possibilities? If so, then Stantec could be for you!
We are looking to recruit a number of Planning professionals at various different levels to join our expanding teams across the UK. We have planning teams based in Bristol, Taunton, Cardiff, Birmingham, Reading, Kings Hill, London, Cambridge, Leeds, Manchester, Newcastle, Edinburgh and Glasgow. If you are interested in being considered for our open vacancies or would like to share your interest in Stantec for the future, please submit an application with us.
Click on the link to read more about projects we are involved with: https://www.stantec.com/uk/services/town-planning
About You
You will ideally be a chartered MRTPI town planner, or working towards it.
You will have proven planning experience either from a consultancy, private sector or public sector environment.
We deliver a wide range of projects but a track record in residential, mixed-use, strategic, commercial and energy projects is particularly advantageous.
You will have experience of preparing, submitting and negotiating planning applications of a variety of sizes and type.
For more senior hires, experience of lodging appeals and appearing at informal hearings is advantageous.
You will have proven experience in coordinating internal and external project teams, ensuring quality assurance on projects.
You will have the ability to build and maintain client relationships, providing quality advice and service.
You will ideally have local knowledge of, and a track record of working in the region you are interested in joining. However, relocators will be considered.
Ideally hold a full UK driving licence and have access to a car.
Why join us?
People culture: We're proud of our friendly, inclusive and collaborative environment where everyone feels valued and driven to succeed
Award winning workplace: Named in the top 50 companies to work by Glassdoor 2025. Recognised by Corporate Knights as one of the world's top 10 most sustainable companies 2025. Named ‘Best Place to Work’ and ‘International Consulting Firm of the Year’ at the NCE Awards 2024.
Growth: We're on an exciting growth journey across the UK & Ireland - we want you to be part of it!
Great Benefits: Competitive salary, bonus schemes, enhanced pension plan, annual leave with the option to buy/sell additional days, private medical insurance, group income protection & life assurance included as standard as well as discounted gym membership and lots more
Flexible working: Enjoy a healthy work-life balance with our hybrid approach to flexible working
Professional development: Industry leading training and development as well as paid for professional subscriptions
About Stantec
The Stantec community unites more than 31,000 employees working in over 450 locations across 6 continents. We have been working with our clients and communities in the UK for over 150 years. We plan, design, deliver and manage the development and infrastructure needed to support the creation of sustainable, healthy and prosperous communities.
Our teams provide effective and relevant solutions, translating our clients’ vision into valued consents, deliverable plans for projects and programmes, and efficient designs for delivery, based on technical excellence and deep market insights. We deal with today’s challenges, but also keep a fairer, better tomorrow in sight, looking at how we deliver clean growth, support radical changes in our economy and meet the needs of future communities.
Stantec provides equal employment opportunities to all qualified employees and applicants for future and current employment and prohibit discrimination on the grounds of race, colour, religion, sex, national origin, age, marital status, genetic information, disability, sexual orientation, gender identity or gender expression. We prohibit discrimination in decisions concerning recruitment, hiring, referral, promotion, compensation, fringe benefits, job training, terminations or any other condition of employment. Stantec is in compliance with laws and regulations and ensures equitable opportunities in all aspects of employment.
Building an inspired, inclusive work environment that attracts, supports, and develops world-class talent is a crucial key to our success. If you are excited by this role but worry that your experience doesn’t exactly align, we encourage you to apply.
At Stantec we want you to perform your best at every stage of the recruitment process and are committed to ensuring it is accessible to all. If you need any support or require adjustments to be made then please contact careers.UK& [email protected] we will talk to you about how we can support you.
Show more
Show less",Mid-Senior level,Full-time,Other,Business Consulting and Services
4433951619,Reserve MGV Driver,Royal Mail,"Edinburgh, Scotland, United Kingdom",1 week ago,2026-07-27,https://uk.linkedin.com/jobs/view/reserve-mgv-driver-at-royal-mail-4433951619,"Royal Mail are now recruiting for Reserve MGV Drivers in Edinburgh Mail Centre, Edinburgh, EH11 4YY .
Job Reference Number 339251
As the face of Royal Mail you will work as part of a team ensuring we continue to deliver the high standards of service our customers expect.
When you think of jobs at Royal Mail, the first thing you might think of is the postal workers who deliver mail to your home day in, day out. From exam results and tax returns, to wedding invites or online purchases, joining Royal Mail gives you the opportunity to deliver much more than mail. It allows you the chance to deliver smiles and successes; new toys and old memories – making a real impact in the heart of your community, while working for one of the UK’s most well-loved brands.
About The Role
As a member of our driving team, you will be the public face of Royal Mail and an established part of the community. Much of your day will be spent driving, you will be collecting bulk mail from major customer, Post Offices and transporting mail between our Mail Centres and Delivery offices at prearranged times. Part of the role will be loading and unloading your van and sorting it into correct onward distribution.
About You
Upbeat and self-motivated, you’ll be as happy working alone as you will be working as part of a team and getting to know the different people on your round. You’ll have a strong sense of community and the idea of doing a job that involves flexible shift patterns will appeal. We deliver mail come rain or shine, so we’re looking for people who like being outdoors whatever the weather, and because there is walking involved in every round, you’ll also be someone who likes the idea of doing a job that will help you keep fit. Some experience in a customer facing role would be ideal.
Driving Licence Requirements
Driving Licence Requirements:
A C1 Category licence (in your current UK address), having no more than 6 penalty points and no TT99 (totting up) endorsement is essential. Please note you will be required to show this at assessment.
You must have obtained your Periodic Driver Certificate of Professional Competence qualification (CPC) and hold a valid Drivers Qualification Card (DQC) with 35 hours training to be eligible to apply and will need to be able to present your Digital Tachograph Card, if selected for assessment.
About Us
Five centuries in business has made Royal Mail more than a household name. We connect companies, customers and communities across the country, delivering a ‘one-price-goes-anywhere’, universal postal service to more than 29 million addresses across the UK.
One of the UK’s leading companies, we’re undertaking one of the biggest industrial transformations in the UK in recent history. Letter volumes are declining. So, we are focused on leveraging the increasing number of parcels being driven by the growth of the online shopping industry. We want to be more flexible and efficient and are employing our strong brand and a range of new products and services to achieve this.
We are an inclusive employer with equality, diversity and fairness at the heart of our values. We welcome applications from individuals from all different backgrounds and are committed to promoting fair participation and equality of opportunity for all of our job applicants.
Pay And Benefits
You will be paid weekly, plus overtime and shift allowance if applicable.
Salary:
£646.75 per week pro rata for part time hours
Hours of work:
We are looking to offer permanent full-time contracts working 38 hours per week.
Various shifts available working Earlies, Days, Lates and Nights. More information will be available at the interview.
Other benefits include:
Holiday entitlement starts at 22.5 days on entry rising with length of service (pro-rata)
Contributory Pension Scheme
Excellent career development opportunities
Full uniform provided for contracts of longer than 3 months
Excellent maternity / paternity leave policy.
Cycle2work scheme
Many varied corporate discounts e.g. lifestyle discounts to include high street vouchers. Travel & attraction discounts for family days out. Fashion, gifts and health & wellbeing to include discount on beauty products and gym membership
What happens next?
After this stage, your application will be reviewed and if you are successful you will be invited to a face to face interview and driving assessment.
Please note, once our maximum number of applications has been reached this vacancy will close.
For further information, please click here.
Royal Mail Group is committed to inclusion and representing the diverse communities we serve. We welcome applications from all individuals. As a proud Gold signatory to the Armed Forces Covenant, we especially encourage applications from the Armed Forces community, including cadet instructors and spouses/partners.
We are committed to ensuring an inclusive recruitment process. If you require any adjustments to support you during the hiring process, please discuss these with your recruiter when contacted.
For more information on Royal Mail Group and our values please click here: https://www.internationaldistributionsservices.com/en/about-us/
Show more
Show less",Not Applicable,Full-time,Management and Manufacturing,Freight and Package Transportation
4450727022,Server,TRGC,"Edinburgh, Scotland, United Kingdom",2 days ago,2026-08-07,https://uk.linkedin.com/jobs/view/server-at-trgc-4450727022,"Join one of the UK's leading hospitality businesses as a server. In return you'll get free meals on shift, up to 30% discount at all our brands with no limit on number of guests, and excellent career opportunities plus many other benefits.
Create unforgettable guest experiences! From delivering warm welcomes and rocking your section, to making mouth-watering recommendations and being a supportive team player, let's have fun and celebrate success! We'd love you to have experience in a customer facing role, but it's not essential.
You're someone who can provide excellent hospitality to our guests, no matter what time they are dining with us, airport shifts can start as early as 3am. Early starts mean early finishes!
The Restaurant Group (TRG) has nearly 300 restaurants and pub restaurants throughout the UK, our portfolio includes our Concessions business that trades mostly in UK airports, wagamama's and Barburrito.
At TRG, we believe that our people are our business, and we strive to create great places to work that support our team members to be the best they can be and provide rewarding careers.
What's In It For You...
Free meal whenever you work.
Up to 30% discount at all our brands and no limit on number of guests, incl. wagamama.
Duty free discounts excluding alcohol and cigarettes.
Access to a great discount platform, saving you money on everyday purchases and so much more.
Wagestream platform to access your wages as they are earned.
Superb training and development, apprenticeships open to all.
What We're Looking For In Our Servers
Great people skills.
Excellent organisational and multitasking abilities.
Ability to maintain a positive attitude in a fast-paced airport environment
Flexibility in hours, airport shifts can start at 3am.
Also be able to provide a 5 year work/education/personal reference history and undertake a criminal record check.
We’re committed to creating an inclusive environment for all, where team members are valued for their unique perspectives. We are proud to celebrate our diverse voices! And we are a disability confident employer.  We want every candidate to have the opportunity to succeed, we will ask if you need any adjustments during the application and interview process to be your best!
Show more
Show less",Not Applicable,Full-time,Management and Manufacturing,Hospitality
4448431067,Driver - Home Delivery,Morrisons,"Glasgow, Scotland, United Kingdom",3 days ago,2026-08-06,https://uk.linkedin.com/jobs/view/driver-home-delivery-at-morrisons-4448431067,"Is driving right up your street? Fancy delivering ‘miles’ of smiles to our customers' doors?
Do you have a helpful and friendly style, enjoy meeting new people and going above and beyond for customers?
Our home delivery drivers love their fast paced, varied role where no two days are the same. Thriving on making our customers happy every day by delivering our products fresh and on time!
We would love to hear from you if you’ve had your full driving licence over 1 year, no more than 6 points on your licence and are over 18 years old.
In return for your hard work we will offer you:
Fully flexible shift patterns
Six weeks holiday (including bank holidays)
15% discount in our supermarkets and convenience stores available from the day you join us
Additional 10% discount card for a Friend or Family member
Career progression and development opportunities
Subsidised in store cafe or shop floor ranges
Competitive pension and life assurance
Healthcare/Well-being benefits including Aviva Digital GP
Morrisons MyPerks with discounts at high street shops, cinemas and gyms, and lots more
Optional Payroll charity donations
A range of family friendly policies including 26 weeks maternity and adoption leave along with neonatal and fertility leave
We want to provide everyone with the opportunity to succeed in their role and career with us. It’s one of our main ambitions here at Morrisons, so this could just be the start of your Morrisons journey.
About You
You’ll be the kind of person who:
Loves meeting new people and going above and beyond for our customers
Enjoys being active and working in a fast paced varied environment
Likes to use your own initiative to help support and resolve customer queries
Has the ability to use a range of equipment whilst maintaining high standards of Health & Safety
Is comfortable with lifting and moving our totes which can weigh up to 18kg
What happens next?
Click apply today to join our team - it only takes a couple of minutes! We’ll contact you soon, so please check your emails and phone regularly.
Please note: We will only recruit individuals who are over the school leaver’s age. To find out the school leavers age please visit the following link
At Morrisons, we are committed to ensuring a fair and inclusive recruitment process. You can find answers to common questions on our FAQs page, including how to request reasonable adjustments. Should you need any reasonable adjustments at any stage of the process, please let us know and we'd be happy to support you.
About Us
We love providing our customers with a great shopping experience they won’t find anywhere else. We are one of the UK’s largest supermarkets, we provide great value for money and good quality fresh food and groceries to over 11 million customers every week. Our focus on freshness makes us stand out as we prepare more fresh food in-store than any other supermarket.
We’ve lots of opportunities for you to play your part. So, whether you want to make the freshest food or serve our customers, we’d love to meet you... We're Foodmakers and Shopkeepers and together, we make Morrisons. What we make, makes us who we are
Show more
Show less",Not Applicable,Full-time,Management and Manufacturing,Retail
4443261019,Business & Science: Graduate Scheme,Rentokil Initial Careers,"Musselburgh, Scotland, United Kingdom",1 week ago,2026-07-28,https://uk.linkedin.com/jobs/view/business-science-graduate-scheme-at-rentokil-initial-careers-4443261019,"Rentokil Pest Control - Graduate Pest Control Technician
Join Our Team and Make a Difference!
Enjoy problem-solving and helping customers? Become a Graduate Pest Control Technician with Rentokil in Haddington, North Berwick, Tranent and Musselburgh. Full training provided, no experience necessary. Apply now!
We are currently seeking a Graduate Pest Control Technician to join our dedicated team covering Haddington, North Berwick, Tranent and Musselburgh. Successful individuals in this role have included graduates with a science-based, business management or social science degree. If you're looking for a company that prioritises colleague development, this could be the job for you!
Why Join Rentokil?
Competitive Salary Package: Start with a basic salary of £27,669 per annum
Expected OTE: £32,447 per annum, with bonus and commission schemes available
Benefits: Company vehicle, fuel card, mobile phone, uniform, and RI Rewards
Relocation Package: Moving from more than 2 hours away? We may offer up to £5,000 to help you settle in
Work-Life Balance: Full-time, permanent role, Monday to Friday (40 hr week), with potential for up to 48 hours in the future with an increased salary
Industry-Leading Training: Receive top-notch training to support our customers' pest control needs
Graduate Pest Control Technician Role:
You will start as a Pest Control Technician, with your initial 6-12 months dedicated to covering a specific geographical area. You'll provide invaluable support to customers by resolving their pest control issues while receiving comprehensive industry-recognised training.
Key responsibilities include:
Inspecting customer premises for signs of pests and identifying potential risks
Swiftly tackling pest problems by cleaning and removing evidence of pest behaviour
Offering valuable advice to customers on the maintenance and hygiene of their premises
Completing accurate reports after every visit
Providing exceptional customer service and upholding a professional image at all times
During the next 12-36 months, you will have an exciting opportunity to choose your career path from one of the following roles:
Sales Surveyor
Field Biologist
Service Team Leader
Key Account Manager
Rentokil offers you the platform to follow your own career path while constantly learning on the job and developing your career.
Requirements
A minimum 2.2 degree in a science/BSc related subject including Social Science, or a BA in Business Management, Hospitality or Tourism
A full UK driving licence
A desire to work hard and have fun while meeting and interacting with customers daily
Flexibility with working patterns to support business needs
You may be required to pass a DBS check depending on the role you have applied for
Benefits
Additional opportunities to earn more with regular bonus and commission schemes
Access to a company vehicle and fuel card
Salary grading system - linked to performance for those keen to develop their career within our business
Opportunity to contribute to a Private Healthcare scheme
Enrolment in our company pension scheme
Exciting discounts and cashback offers from over 3,000 retailers with RI Rewards
Overtime opportunities - potential to earn extra in overtime to meet the needs of our customers
Uncapped leads commission - although this isn't a sales job, we appreciate and reward you for passing on sales leads
Employee Assistance Programme (EAP) - free to access and available 24/7 to you, your family, and friends
Long service recognition - includes an extra five days of annual leave entitlement after five years of service
Refer a Friend - earn up to £1,000 for referring someone to work for Rentokil Initial
A Company Putting ""People First""
Rentokil Initial (FTSE100) is one of the largest business services companies in the world, operating in over 90 countries and providing services that protect people and enhance lives. Rentokil is the world's leading commercial pest control services provider, Initial is the world's leading commercial hygiene services provider, and Ambius is the world's leading provider of plants and scenting.
As a business, we focus on the Right People, doing the Right Things, and in the Right Way. We invest a lot of time and money in training and developing all our colleagues to be the best they can be, and we are always looking for talented and driven people to join our Rentokil Initial Family.
Our Social Links
Website
LinkedIn
Facebook
Instagram
Rentokil Initial are an equal opportunities employer and are committed to creating a diverse working environment. To find out how we process your data view our careers privacy policy here
Show more
Show less",Not Applicable,Full-time,Other,IT Services and IT Consulting
4440661705,Labourer,GAP Group Limited,Greater Glasgow Area,3 days ago,2026-08-06,https://uk.linkedin.com/jobs/view/labourer-at-gap-group-limited-4440661705,"About the role
The Role
Ready to join the best team in the industry and make a real impact?
We're looking for a proactive and hardworking Labourer to join our high-performing Plant & Tool Division. If you're someone who takes pride in keeping things organised, enjoys working in a fast-paced environment, and wants to be part of a growing business—this could be the opportunity you've been waiting for.
As a Labourer, you'll play a key role in ensuring our depot runs smoothly and safely. You'll maintain a clean and hazard-free workshop and yard, prepare plant equipment for hire, and support the wider team to deliver exceptional service to our customers across construction, utilities, and infrastructure sectors.
This is a hands-on role offering real career progression in a company that invests in its people.
What You'll Be Doing
•	Keeping the workshop and yard clean, tidy, and hazard-free
•	Cleaning plant equipment and store it in an orderly fashion
•	Refuelling plant and machinery, accurately updating fuel logs
•	Quality-checking equipment before it leaves the depot to ensure it's hire-ready
•	Assisting with general workshop duties as required
•	Carrying out driving duties (subject to licence) and assisting Drivers and customers with loading and unloading vehicles
•	Operating forklift when necessary
About You
What You'll Bring
•	Previous experience in a labourer role, ideally within a hire depot or yard environment
•	Strong team player with a willingness to support colleagues
•	Ability to work independently and use initiative in a busy environment
•	High attention to detail and commitment to safety standards
•	CSCS card is advantageous and a forklift licence is essential
About Us
You'll be joining an industry leader that's growing and genuinely committed to your success. At GAP, we're proud to be the UK's leading equipment hire provider—supporting projects big and small across construction, infrastructure, events, and more. With nearly 200 locations nationwide and a wide range of specialist divisions, we offer exciting opportunities in everything from Plant and Tools to Lifting, Survey, Pumps, Power and Environmental, and Event Services.
As a family-run business with over 50 years of experience, we believe in doing things the right way. That means:
•	More investment in our equipment than anyone else in the industry, so you work with the best tools in the game
•	Remaining fully independent, which lets us make agile, long-term decisions that support your success
•	Offering real career growth, training, and development from day one
•	Support that values you – from generous holidays to Life Assurance and Health & Wellness Support
Whether you're hands-on or customer-focused, there's a place for you at GAP where your work makes a difference. If you're up for the challenge and want to feel valued at work, then we'd love to hear from you! Ready to get started? Upload your CV and complete our short application—we'll take it from there.
We're proud to be an Equal Opportunities employer and embrace the unique contributions each individual brings
Show more
Show less",Not Applicable,Full-time,Other,Construction
4445911300,Oracle Application Developer,E-Solutions,"Edinburgh, Scotland, United Kingdom",1 week ago,2026-07-27,https://uk.linkedin.com/jobs/view/oracle-application-developer-at-e-solutions-4445911300,"MUST BE A British Citizen with a minimum of 5 years residency.
Required skills:
· Experience of BI Publisher, OTBI across HR and/or Finance
· Oracle Cloud Reporting Developer
Show more
Show less",Mid-Senior level,Contract,"Information Technology, Business Development, and Consulting","IT Services and IT Consulting, Business Consulting and Services, and Outsourcing and Offshoring Consulting"
4441898805,Hotel Housekeeper,Scotsman Hospitality,"Edinburgh, Scotland, United Kingdom",2 weeks ago,2026-07-24,https://uk.linkedin.com/jobs/view/hotel-housekeeper-at-scotsman-hospitality-4441898805,"We are looking for a talented Hotel Housekeeper to join our fantastic venue.
Benefits Available For You
As part of Scotsman Hospitality, you will have access to the following benefits that include:
TRONC customer electronic tips – Our staff keep 100% of tips earned if applicable to thier venue.
Wagestream – Stream up to 40% pay as it is earned and set automatic savings to support your financial wellbeing.
30% off of food and cinema tickets in all of our venues across Scotland.
Hotel and Apartment discounts.
Cashback and discount in retails stores
Staff meals on duty.
Flexible working opportunities.
Career development through our Scotsman Steps training programme.
The Role
As a Housekeeper, your role will include:
Cleaning bedrooms and public areas on a daily basis
Maintain high levels of cleanliness and presentation of both public areas and our rooms.
Completing extra cleaning tasks for the hotel on a monthly basis
The Person
The ideal candidate will have:
Experience in a similar role would be desirable but full training will be given
Excellent time keeping skills and able to work in a fast paced environment
Flexible and available for weekend work as necessary
The Process
If you think this is the role for you then apply now and a member of the venue
team will be in touch.
Show more
Show less",Not Applicable,Full-time,Management and Manufacturing,Restaurants
4437279197,Market Street Baker,Morrisons,"Glasgow, Scotland, United Kingdom",6 days ago,2026-08-03,https://uk.linkedin.com/jobs/view/market-street-baker-at-morrisons-4437279197,"Do you want to join an organisation where you can ‘prove’ yourself?
Are you are passionate about baking, either working as a trained baker or in a bakery or in a professional kitchen. If so, this is an opportunity you ‘Doughnut’ want to miss!
Do you have a naturally helpful and friendly style, enjoy meeting new people and going above and beyond for customers?
As a Market Street Baker you are the face of our fresh bakery in store and as part of your role you will:
Ensure customer confidence in availability of fresh bakery products
Maintain quality, fresh and attractive displays of food throughout the trading day to promote sales
Prepare bakery products for sale to company specification, using the appropriate equipment (e.g. prover, oven, mixer) and bakery skills. This will include a variety of bread, rolls, doughnuts, and fruited products
Deliver outstanding, friendly and helpful service, helping remove barriers and creating moments that matter for our customers, highlighting the traditional skills and fresh products we offer
In return for your hard work we will offer you:
Fully flexible shift patterns
Six weeks holiday (including bank holidays)
15% discount in our supermarkets and convenience stores available from the day you join us
Additional 10% discount card for a Friend or Family member
Career progression and development opportunities
Subsidised in store cafe or shop floor ranges
Competitive pension and life assurance
Healthcare/Well-being benefits including Aviva Digital GP
Morrisons MyPerks with discounts at high street shops, cinemas and gyms, and lots more
Optional Payroll charity donations
A range of family friendly policies including 26 weeks maternity and adoption leave along with neonatal and fertility leave
We want to provide everyone with the opportunity to succeed in their role and career with us. It’s one of our main ambitions here at Morrisons, so this could just be the start of your Morrisons journey.
About You
You’ll be the kind of person who:
Is friendly and supportive, loves meeting new people and going above and beyond for our customers
Enjoys being active and working in a fast paced varied environment
Likes to use your own initiative to help support and resolve customer queries
Has the ability to use a range of equipment whilst maintaining high standards of Health & Safety
Has competent Baker skills, mix and mould dough to make bakery products
Enjoys working flexibly across other fresh counters to ensure our customers are catered for across Market Street
What happens next?
Click apply today to join our team - it only takes a couple of minutes! We’ll contact you soon, so please check your emails and phone regularly.
Please note: We will only recruit individuals who are over the school leaver’s age. To find out the school leavers age please visit the following link
At Morrisons, we are committed to ensuring a fair and inclusive recruitment process. You can find answers to common questions on our FAQs page, including how to request reasonable adjustments. Should you need any reasonable adjustments at any stage of the process, please let us know and we'd be happy to support you.
About Us
We love providing our customers with a great shopping experience they won’t find anywhere else. We are one of the UK’s largest supermarkets, we provide great value for money and good quality fresh food and groceries to over 11 million customers every week. Our focus on freshness makes us stand out as we prepare more fresh food in-store than any other supermarket.
We’ve lots of opportunities for you to play your part. So, whether you want to make the freshest food or serve our customers, we’d love to meet you... We're Foodmakers and Shopkeepers and together, we make Morrisons. What we make, makes us who we are.
Show more
Show less",Not Applicable,Full-time,Management and Manufacturing,Retail
4436370482,Driver,ABM UK,"Paisley, Scotland, United Kingdom",1 month ago,2026-07-02,https://uk.linkedin.com/jobs/view/driver-at-abm-uk-4436370482,"LOCATION: Glasgow Airport
SHIFT PATTERN: 4 on 4 off, 40 hours per week
PAY RATE: Competitive
If you require any additional support or adjustments during the recruitment process, please don't hesitate to contact our Recruitment Department at
recruitment@abm.com
. We're here to help!
Purpose:
Working as a member of the PRM Airside Driver Team, you will drive the Company's specialist vehicles on the airfield to transfer passengers with reduced mobility (PRM's) from the aircraft to the terminal building or from the terminal building to the aircraft. The Vehicles range from Minibuses to Class 2 rigid heavy good type vehicles, for which full training and instruction would be given. You will also be required to assist PRM's onto the aircraft, to their seat or into the ABM vehicles or terminal buildings which involves passenger and manual handling techniques.
Key Responsibilities:
Complete the daily Vehicle Check Sheet, to maintain the operational reliability of the vehicle, reporting when necessary any vehicle defaults in line with the Vehicle Inspection procedure
Drive the Company vehicles ensuring that the vehicle is safe and secure at all times
Operate the vehicle safely within close proximity to the aircraft using all safety systems of the vehicle
Maintaining a clean and tidy vehicle at all times
Deliver or collect the passengers at the aircraft door and assist with the transfer into their seat or wheelchair through safe manual handling techniques
Complete Customer Care Agent (CCA) duties within the terminal when demand requires, this may include escorting passengers through the terminal/security and boarding flights or meeting arriving flights and assisting PRM's through to baggage reclaim
Ensure that the Allocator is updated on progress of jobs at all times using PDA's and Radio
Observe all Manchester airport airside driving requirements
Promote a safe and secure environment at all times
Carry out any reasonable task requested. This description is an outline of the role and it is expected that key task will vary with the demand of our client and operation base.
Required Experience for the Customer Service Host role:
Maintain a professional image at all times
Ability to deal calmly and reasonably in pressurised situations
We are seeking candidates who have a real passion for people, delivering excellent customer service on a daily basis
Set a good example at all times
Previous Airline &/or Airport experience is desired although not essential as full training will be provided
Experience in a similar role or driving larger vehicles would be an advantage
Excellent communication skills
Demonstrate reliability including the ability to deliver high standards of both punctuality and attendance
Ability to deal calmly and confidently with all demands from the public
Champion principles of equality, inclusion and diversity
Essential Skills for the Customer Service Host role:
Valid Right to work documentation
5-year checkable employment/education history, ideally with a maximum of 5 references for vetting purposes
Must pass a basic DBS check
Overseas Criminal Record Check (if applicable)
Available for very early morning shifts, outside of normal public transport times
Able to obtain an airside pass that allows you access to security restricted areas
Must be willing to work weekend and shifts
Full clean UK driving license
Please note that any applicant that has spent more than 6 months in any country other than the UK in the last 5 years; will need a police clearance from all countries that this would apply to.
The police clearance will need to cover the full date range the applicant was in the specific country, furthermore, the police clearance needs to be obtained before the applicant attending any interview with ABM.
Benefits
We're proud to offer a great range of benefits including:
24/7 GP: Both you and your immediate family can speak to a UK-based GP from the comfort of your own home
Mental Health support and Life Event Counseling
Get Fit Programme
Financial and legal support
Cycle to work scheme
Access Perks at Work, our innovative employee app where you can find:
Perks: discounts, gift cards, cashback, and exclusive offers
Life: Search for resources and tools on topics ranging from family and life to health, money and work
Support: Online chat or telephone service for urgent support in a crisis
For More Information About ABM's Benefits, Visit Our
About ABM:
ABM (NYSE: ABM) is one of the world's largest providers of integrated facility, engineering, and infrastructure solutions. Every day, over 100,000 team members deliver essential services that make spaces cleaner, safer, and efficient, enhancing the overall occupant experience.
ABM serves a wide range of market sectors including commercial real estate, aviation, mission critical, and manufacturing and distribution. With over $8 billion in annual revenue and a blue-chip client base, ABM delivers innovative technologies and sustainable solutions that enhance facilities and empower clients to achieve their goals. Committed to creating smarter, more connected spaces, ABM is investing in the future to meet evolving challenges and build a healthier, thriving world. ABM: Driving possibility, together.
For more information, visit .
ABM are committed to employment practices that promote diversity and inclusion in employment regardless of age, disability, gender reassignment, sex, marriage and civil partnership status, pregnancy and maternity status, race, religion or belief. We are proud members of the Armed Forces Covenant Employer Recognition Scheme.
Show more
Show less",Not Applicable,Full-time,Other,IT Services and IT Consulting
4448577861,Kitchen Porter,W Hotels,"Edinburgh, Scotland, United Kingdom",4 days ago,2026-08-05,https://uk.linkedin.com/jobs/view/kitchen-porter-at-w-hotels-4448577861,"Additional Information
Job Number
26097359
Job Category
Food and Beverage & Culinary
Location
1 St James Square, Edinburgh, Scotland, United Kingdom, EH1 3AXVIEW ON MAP
Schedule
Full Time
Located Remotely?
N
Position Type
Non-Management
W Edinburgh is hiring a Kitchen Porter to join our team! We invite you to play an integral part in bringing to life this unique brand with Edinburgh!
Explore an exciting new career path at W Hotels where your natural talent is celebrated. W Hotel’s work culture is uniquely designed to spark your imagination and curiosity while bringing the W experience to life for guests.
About w Hotels
Ignite Curiosity, Expand Worlds. W Hotels are a place to experience life. We’re here to open doors and open minds. With us, there’s always more. We dare to deliver a different kind of luxury. One that revels in bold ideas and indulges in the unexpected. We believe luxury is the freedom to be yourself and explore desires: whatever, whenever.
About w Edinburgh Kitchen
W Edinburgh brings exciting new culinary destinations to the capital of Scotland. Situated on the 10th and 11th floors of the hotel, the spaces offer unrivalled panoramic view across the city, making it one of the most beautiful places in Edinburgh to dine.
Our signature restaurant is a partnership with SUSHISAMBA, which celebrates the culture and cuisine of Japan, Brazil and Peru. The menus are a mix of new and signature dishes with an emphasis on bold flavours, the finest ingredients and artful presentations.
W Lounge is W Edinburgh’s social hub for guests and locals alike. Open from 9am until late, W Lounge will showcase the best of Gaelic produce in its food offering, complimented with innovative beverage concepts.
Furthermore, there is innovative Breakfast, Room Service and Event menus. Supporting all aspects of the kitchen operation will give you the opportunity to find where your passion truly lies.
About The Role
Joining the team means you will be instrumental to the success of the hotel and the restaurant’s operation and beyond. We are looking for someone who is passionate about hospitality, eager to learn and committed to excellence!
As Kitchen Porter, key aspects of your role will include:
Operate and maintain cleaning equipment and tools, including the dish washing machine, hand wash stations pot-scrubbing station, and trash compactor
Wash and disinfect kitchen and store room areas, tables, tools, knives, and equipment
Receive deliveries, store perishables properly, and rotate stock
Ensure clean wares are stored in appropriate areas
Inspect, pull, and stack cleaned items, send soiled items back for re-scrubbing and re-washing
Clean and mop all areas in assigned departments
Our ideal Kitchen Porter is someone who has:
Follow all company and safety and security policies and procedures
A warm, people-oriented demeanour
A team-first attitude
Protect company assets
Develop and maintain positive working relationships with others
Ensure adherence to quality expectations and standards
In return for your hard work, we give you:
World class training and development, including leadership development
Unlimited career opportunities (internationally and locally)
Wellness and mental health programmes
Discounted accommodation, food and beverage in over 9,000 hotels all over the world!
Discounts for your friends and family
Specially curated discounts in thousands of shops
About The Property
W Edinburgh brings bold architecture and a vibrant lifestyle offering to the Scottish capital. Behind a façade featuring a winding steel ribbon – reflecting the city’s festival spirit – this 12-storey structure is the centerpiece of Edinburgh St James Quarter, incorporating retail, leisure and entertainment facilities along with residential apartments.
This W hotel helps redefine the city’s hospitality landscape. Accordingly, it fuses the brand’s signature amenities with modern design and W Happenings, highlighting what’s new in design, fashion, music and culture.
Built in 2023, this new W hotel accommodates guests across 244 stylish guestrooms, including 45 suites. While staying here, guests benefit from the brand’s signature Whatever / Whenever service philosophy.
A real highlight of this property is its rooftop bar and outdoor terrace, pairing exciting cocktails and cuisine with 360-degree views over the historic city. Among the other noteworthy amenities are the W Lounge, a restaurant collaboration with SUSHISAMBA, a FIT workout facility and an AWAY spa, with special functions hosted in 2,450 sq ft of modern event space.
If this sounds like the perfect place for you, apply to be a Kitchen Porter with us today!
At Marriott International, we are dedicated to being an equal opportunity employer, welcoming all and providing access to opportunity. We actively foster an environment where the unique backgrounds of our associates are valued and celebrated. Our greatest strength lies in the rich blend of culture, talent, and experiences of our associates. We are committed to non-discrimination on any protected basis, including disability, veteran status, or other basis protected by applicable law.
W Hotels’ mission is to Ignite Curiosity, Expand Worlds. We are a place to experience life. We’re here to open doors and open minds. We are constantly inspired by new faces and new experiences. A tuned-in, up-for-anything spirit is at our core and has made us renowned for reinventing the norms of luxury around the globe. Whatever/Whenever is our culture and service philosophy that brings our guests’ passions to life. If you are original, innovative, and always looking towards the future of what’s possible, welcome to W Hotels. In joining W Hotels, you join a portfolio of brands with Marriott International.
Be
where you can do your best work,
begin
your purpose,
belong
to an amazing global team, and
become
the best version of you.
Show more
Show less",Not Applicable,Full-time,Management and Manufacturing,Hospitality
4450089821,Boning Hall General Operative,Dunbia Group,"Saltcoats, Scotland, United Kingdom",2 days ago,2026-08-07,https://uk.linkedin.com/jobs/view/boning-hall-general-operative-at-dunbia-group-4450089821,"Dunbia, is one of Europe’s leading and respected suppliers of top-quality Beef, Pork and Lamb products for the national and international retail, commercial and foodservice markets. At Dunbia, we are unashamedly passionate about our business, and we welcome progressive individuals who will share our passion and contribute positively to the further success of the Company.
At our Highland site we process beef only and have over 300 employees. We’re based in Saltcoats with strong transport links.
We are currently recruiting for permanent general operatives to work in the Boning Hall. It’s a fast-paced environment, with targets and customer specifications to achieve.
All PPE equipment will be supplied at no extra cost to you.
Shift Type:
Monday – Friday
6.30am – 3.10pm
Starting rate:
£12.71 per hour
Weekly paid
Benefits:
Access to staff sales
Free parking
Discounted food
Subsidized canteen
Responsibilities
Packaging beef
Measuring and weighing products
Moving and lifting products up to 25kg
Operating packaging machine equipment
Reporting any potential problems to supervisory staff and onsite meat hygiene inspectors
Keeping abreast of all food safety and hygiene rules
Qualifications
Good time management skills.
Work as part of a team in the factory, packing meat cuts and trims to customer specification on a paced production line to fulfil production targets on a daily and weekly basis.
Assist on the production area & provide support to the production team.
Potentially work in other areas of the factory
Keep good housekeeping standards in all areas
Keep up to date knowledge of all products.
Keep up to date with all training to ensure you are trained to complete your day to day role.
Follow work instructions in all areas.
Ensure you comply with Health & Safety regulations.
Ensure all data to be recorded is accurate and upto date.
Ensure quality guidelines are followed for all areas.
Undertake flexible working hours to meet deadline.
No company sponsorship is available to overseas applicants for this position.
Show more
Show less",Not Applicable,Full-time,Management and Manufacturing,Food and Beverage Manufacturing
4445232812,Grounds Person,"ESS – Defence, Energy and Government Services","Helensburgh, Scotland, United Kingdom",2 weeks ago,2026-07-24,https://uk.linkedin.com/jobs/view/grounds-person-at-ess-%E2%80%93-defence-energy-and-government-services-4445232812,"Location:
Helensburgh
Pay rate:
£15.67 per hour
Hours:
36 hours per week, Monday to Friday
Contract:
Full-time, Permanent
Are you hands-on, hardworking, and enjoy working outdoors? We’re looking for a
Grounds Person
to join our team and help ensure our outdoor areas are maintained to a high standard, remaining clean, safe and well-presented all year round.
What You’ll Be Doing
Maintaining lawns, hedges, shrubs and flower beds
Carrying out grass cutting, weeding and litter picking duties
Operating grounds maintenance tools and machinery safely
Supporting seasonal activities such as planting, leaf clearance, gritting and snow clearing
Working to high standards while following health & safety requirements at all times
What We’re Looking For
Previous grounds maintenance or landscaping experience (preferred)
A positive, proactive attitude with a strong work ethic
Ability to work independently and as part of a team
Full UK driving licence (desirable)
Willingness to work outdoors in all weather conditions
Flexibility for early starts, seasonal overtime and winter on-call duties
What We Offer
Full training and ongoing development
A supportive team environment
Uniform and PPE provided
Opportunities for progression
Join us and take pride in creating outdoor spaces everyone can enjoy.
Apply today.
Our Benefits
We ensure you're rewarded for all your hard work, which is why we offer a comprehensive benefits package which includes but is not limited to:
Contributory pension scheme
Grow your career with our Career Pathways and MyLearning programmes
Quick access for you and your immediate family to a Digital GP, and wider healthcare benefits
Exclusive travel discounts with TUI, Expedia, Booking.com and many more
Save money on your food shop with discounts on Tesco, Sainsbury's, Morrisons and many more
Up to 44% off cinema tickets to enjoy your favourite blockbuster
Receive cash rewards every time you spend and use them on a wide range of brands
Un-wind with us with free wellness, mindfulness and exercise classes
You can share all discounts and offers with your friends and families
Please note: This role is contracted to weeks per year
About Us
Part of Compass Group UK&I, ESS is the Defence, Government, and Energy services sector of Compass Group UK & Ireland. We support 250+ UK military establishments, high profile police, secure environments and government sites, along with a range of onshore and offshore facilities including platforms, drilling rigs, floatels and offices for the energy sector. We know that a friendly face makes all the difference, so we look for people who are passionate about delivering excellent customer service, at all levels, to join our teams.
Job Reference: com/2407/43853001/52786533/R/SU #SCOT #Defence
Compass Group UK&I is committed to fostering an environment where every individual can truly be themselves at work and has equal opportunities to advance in their careers. We strive to build a culture that respects and celebrates the unique talents, beliefs, backgrounds, and abilities of all our team members. We want our colleagues to feel valued, empowered to reach their full potential, and to thrive - because diversity is our strength!
Show more
Show less",Not Applicable,Full-time,Other,Food and Beverage Services
