Job ID,Title,Company,Location,Posted Date,Date Posted ISO,Job URL,Description,Seniority Level,Employment Type,Job Function,Industries
4450679704,Software Engineer 2,Stage 2 Capital,"Hyderabad, Telangana, India",2 days ago,2026-08-07,https://in.linkedin.com/jobs/view/software-engineer-2-at-stage-2-capital-4450679704,"Join the Team Modernizing Medicine
At
ModMed
, we’re not just building software—we’re reimagining the healthcare experience. Founded in 2010 by a practicing physician and a successful tech entrepreneur, we took a radically different approach:
we hired doctors and taught them how to code.
This ""for doctors, by doctors"" philosophy has allowed us to create an AI-enabled, specialty-specific cloud platform that places patients at the center of care.
A Culture of Excellence
When You Join ModMed, You’re Joining An Award-winning Team Recognized For Innovation And Employee Satisfaction. From Our Global Headquarters In Boca Raton Florida, And Extensive Employee Base In Hyderabad India, We Are a Team Of 4,500+ Passionate Problem-solvers On a Mission To Increase Medical Practice Success And Improve Patient Outcomes
Consistently ranked as a Top Place to Work
2025 Globee Business Awards: Gold Globee for “Technology Team of the Year”
2025 Black Book Awards: Ranked #1 EHR in 11 Specialties
Florida Venture Forum: Venture-Backed Company of the Year
We are growing fast, thinking big, and we are just getting started.
Ready to modernize medicine with us?
Job Description Summary
TBD
ModMed Benefits Highlight:
At ModMed, we believe it’s important to offer a competitive benefits package designed to meet the diverse needs of our growing workforce. Eligible Modernizers can enroll in a wide range of benefits:
Meals & Snacks: Enjoy complimentary office lunches & dinners on select days and healthy snacks delivered to your desk,
Insurance Coverage: Comprehensive health, accidental, and life insurance plans, including coverage for family members, all at no cost to employees,
Allowances: Annual wellness allowance to support your well-being and productivity,
Earned, casual, and sick leaves to maintain a healthy work-life balance,
Bereavement leave for difficult times and extended medical leave options,
Paid parental leaves, including maternity, paternity, adoption, surrogacy, and abortion leave,
Celebration leave to make your special day even more memorable, and company-paid holidays to recharge and unwind.
PHISHING SCAM WARNING:
ModMed is among several companies recently made aware of a phishing scam involving imposters posing as hiring managers recruiting via email, text and social media. The imposters are creating misleading email accounts, conducting remote ""interviews,"" and making fake job offers in order to collect personal and financial information from unsuspecting individuals. Please be aware that no job offers will be made from ModMed without a formal interview process, and valid communications from our hiring team will come from our employees with a ModMed email address (first.lastname@modmed.com). Please check senders’ email addresses carefully. Additionally, ModMed will not ask you to purchase equipment or supplies as part of your onboarding process. If you are receiving communications as described above, please report them to the FTC website.
ModMed Technologies India Private Limited
follows a strict, merit-based and transparent recruitment process conducted only through official and authorized channels.
We Do Not
Charge any fees, processing charges, or amount by any nomenclature, whether as a fee or deposit at any stage of the recruitment process;
Authorise any individual, employee, or third party to collect any such payments (regardless of nomenclature) to offer or facilitate or recruitment opportunities; or
Conduct hiring via informal messaging apps or personal email IDs.
All official communication is made only through verified channels, our website, and recognised recruitment platforms.
We strongly advise candidates not to share personal/financial information or make any payments in response to suspicious communications. Any such instances may be reported to us at hrcompliance@modmed.com .
ModMed Technologies India Private Limited
will not be responsible for any loss arising from fraudulent or unauthorised communications.
Show more
Show less",Not Applicable,Full-time,Engineering and Information Technology,Venture Capital and Private Equity Principals
4448355943,Custom Software Engineer,Accenture in India,"Hyderabad, Telangana, India",6 days ago,2026-08-03,https://in.linkedin.com/jobs/view/custom-software-engineer-at-accenture-in-india-4448355943,"Project Role :
Custom Software Engineer
Project Role Description :
Develop custom software solutions to design, code, and enhance components across systems or applications. Use modern frameworks and agile practices to deliver scalable, high-performing solutions tailored to specific business needs.
Must have skills :
Environment Health and Safety
Good to have skills :
NA
Minimum 2 Year(s) Of Experience Is Required
Educational Qualification :
15 years full time education
Summary:
As a Custom Software Engineer, your day involves creating tailored software solutions by designing, coding, and improving various components within systems or applications. You engage in collaborative environments that utilize modern development frameworks and agile methodologies to ensure the delivery of scalable and efficient software. Your work focuses on meeting unique business requirements by continuously refining and enhancing software performance and functionality, contributing to the overall success of projects and organizational goals.
Roles & Responsibilities:
Expected to perform independently and become an SME.
Required active participation/contribution in team discussions.
Contribute in providing solutions to work related problems.
Collaborate with cross-functional teams to understand project requirements and deliver effective software solutions.
Maintain and update existing software components to improve reliability and performance.
Document development processes and code changes to support knowledge sharing and future maintenance.
Assist junior team members by providing guidance and support to foster their professional growth.
Professional & Technical Skills:
Must To Have Skills: Proficiency in Environment Health and Safety.
Strong knowledge of software development life cycle and agile methodologies.
Experience with coding standards, version control systems, and debugging techniques.
Ability to analyze complex problems and develop innovative software solutions.
Familiarity with software testing and quality assurance practices.
Effective communication skills to collaborate with diverse teams and stakeholders.
Additional Information:
The candidate should have minimum 2 years of experience in Environment Health and Safety.
This position is based at our HDC3B - SEZ office.
A 15 years full time education is required.
Show more
Show less",Not Applicable,Full-time,Engineering and Information Technology,IT Services and IT Consulting
4449395417,Software Engineer 2,ModMed India,"Hyderabad, Telangana, India",3 days ago,2026-08-06,https://in.linkedin.com/jobs/view/software-engineer-2-at-modmed-india-4449395417,"Join the Team Modernizing Medicine
At
ModMed
, we’re not just building software—we’re reimagining the healthcare experience. Founded in 2010 by a practicing physician and a successful tech entrepreneur, we took a radically different approach:
we hired doctors and taught them how to code.
This ""for doctors, by doctors"" philosophy has allowed us to create an AI-enabled, specialty-specific cloud platform that places patients at the center of care.
A Culture of Excellence
When You Join ModMed, You’re Joining An Award-winning Team Recognized For Innovation And Employee Satisfaction. From Our Global Headquarters In Boca Raton Florida, And Extensive Employee Base In Hyderabad India, We Are a Team Of 4,500+ Passionate Problem-solvers On a Mission To Increase Medical Practice Success And Improve Patient Outcomes
Consistently ranked as a Top Place to Work
2025 Globee Business Awards: Gold Globee for “Technology Team of the Year”
2025 Black Book Awards: Ranked #1 EHR in 11 Specialties
Florida Venture Forum: Venture-Backed Company of the Year
We are growing fast, thinking big, and we are just getting started.
Ready to modernize medicine with us?
Job Description Summary
TBD
ModMed Benefits Highlight:
At ModMed, we believe it’s important to offer a competitive benefits package designed to meet the diverse needs of our growing workforce. Eligible Modernizers can enroll in a wide range of benefits:
Meals & Snacks: Enjoy complimentary office lunches & dinners on select days and healthy snacks delivered to your desk,
Insurance Coverage: Comprehensive health, accidental, and life insurance plans, including coverage for family members, all at no cost to employees,
Allowances: Annual wellness allowance to support your well-being and productivity,
Earned, casual, and sick leaves to maintain a healthy work-life balance,
Bereavement leave for difficult times and extended medical leave options,
Paid parental leaves, including maternity, paternity, adoption, surrogacy, and abortion leave,
Celebration leave to make your special day even more memorable, and company-paid holidays to recharge and unwind.
PHISHING SCAM WARNING:
ModMed is among several companies recently made aware of a phishing scam involving imposters posing as hiring managers recruiting via email, text and social media. The imposters are creating misleading email accounts, conducting remote ""interviews,"" and making fake job offers in order to collect personal and financial information from unsuspecting individuals. Please be aware that no job offers will be made from ModMed without a formal interview process, and valid communications from our hiring team will come from our employees with a ModMed email address (first.lastname@modmed.com). Please check senders’ email addresses carefully. Additionally, ModMed will not ask you to purchase equipment or supplies as part of your onboarding process. If you are receiving communications as described above, please report them to the FTC website.
ModMed Technologies India Private Limited
follows a strict, merit-based and transparent recruitment process conducted only through official and authorized channels.
We Do Not
Charge any fees, processing charges, or amount by any nomenclature, whether as a fee or deposit at any stage of the recruitment process;
Authorise any individual, employee, or third party to collect any such payments (regardless of nomenclature) to offer or facilitate or recruitment opportunities; or
Conduct hiring via informal messaging apps or personal email IDs.
All official communication is made only through verified channels, our website, and recognised recruitment platforms.
We strongly advise candidates not to share personal/financial information or make any payments in response to suspicious communications. Any such instances may be reported to us at hrcompliance@modmed.com .
ModMed Technologies India Private Limited
will not be responsible for any loss arising from fraudulent or unauthorised communications.
Show more
Show less",Not Applicable,Full-time,Engineering and Information Technology,Software Development
4448318719,Software Development Engineer,Accenture in India,"Hyderabad, Telangana, India",6 days ago,2026-08-03,https://in.linkedin.com/jobs/view/software-development-engineer-at-accenture-in-india-4448318719,"Project Role :
Software Development Engineer
Project Role Description :
Analyze, design, code and test multiple components of application code across one or more clients. Perform maintenance, enhancements and/or development work.
Must have skills :
Hexagon Enterprise Asset Management
Good to have skills :
NA
Minimum 2 Year(s) Of Experience Is Required
Educational Qualification :
15 years full time education
Summary: As a Software Development Engineer, you will engage in a dynamic work environment where you will analyze, design, code, and test various components of application code for multiple clients. Your day will involve collaborating with team members to ensure the successful implementation of software solutions, while also performing maintenance and enhancements to existing applications. You will be responsible for delivering high-quality code and contributing to the overall success of the projects you are involved in, ensuring that client requirements are met effectively and efficiently. Roles & Responsibilities: - Expected to perform independently and become an SME. - Required active participation/contribution in team discussions. - Contribute in providing solutions to work related problems. - Collaborate with cross-functional teams to gather requirements and provide technical insights. - Conduct code reviews to ensure adherence to best practices and coding standards. Professional & Technical Skills: - Must To Have Skills: Proficiency in Hexagon Enterprise Asset Management. - Strong understanding of software development life cycle methodologies. - Experience with application coding and testing frameworks. - Familiarity with version control systems such as Git. - Ability to troubleshoot and resolve software issues efficiently. Additional Information: - The candidate should have minimum 2 years of experience in Hexagon Enterprise Asset Management. - This position is based at our Hyderabad office. - A 15 years full time education is required.
Show more
Show less",Not Applicable,Full-time,Engineering and Information Technology,IT Services and IT Consulting
4443046119,SDE2,Amazon,"Hyderabad, Telangana, India",2 weeks ago,2026-07-20,https://in.linkedin.com/jobs/view/sde2-at-amazon-4443046119,"Description
This role is for the AFT Inbound Foundations and Routing team (IBFR) team which is responsible to build core software components/services that orchestrate the movement of inventory within a warehouse and interfacing with sortation and SCOT systems for high fidelity promise and planning decisions. Worldwide, the IBFR team supports 570+ FCs across NA, EU and JP regions.
With rapid expansion into new geographies, innovations in supply chain, delivery models and customer experience, increasingly complex transportation network, ever expanding selection of products and growing number of shipments worldwide, we have an opportunity to build software that scales the business, leads the industry through innovation and delights millions of customers worldwide. We have challenging problems (both business and technical) that leverages new technologies that support our high volume, low latency and high availability services.
If you are looking for an opportunity to solve deep technical problems and build innovative solutions in a fast paced environment working with smart, passionate software developers, this might be the role for you. A successful candidate for this position will be able to build new software from the ground up, create pragmatic solutions for complex business problems, enjoy working closely with operations staff in Amazon fulfillment centers around the world.
Key job responsibilities
3+ years of non-internship professional software development experience
2+ years of non-internship design or architecture (design patterns, reliability and scaling) of new and existing systems experience
Experience programming with at least one software programming language
Basic Qualifications
3+ years of non-internship professional software development experience
2+ years of non-internship design or architecture (design patterns, reliability and scaling) of new and existing systems experience
3+ years of Video Games Industry (supporting title Development, Release, or Live Ops) experience
Experience programming with at least one software programming language
Preferred Qualifications
3+ years of full software development life cycle, including coding standards, code reviews, source control management, build processes, testing, and operations experience
Bachelor's degree in computer science or equivalent
Our inclusive culture empowers Amazonians to deliver the best results for our customers. If you have a disability and need a workplace accommodation or adjustment during the application and hiring process, including support for the interview or onboarding process, please visit https://amazon.jobs/content/en/how-we-hire/accommodations for more information. If the country/region you’re applying in isn’t listed, please contact your Recruiting Partner.
Company
- Amazon Dev Center India - Hyderabad
Job ID: A3115510
Show more
Show less",Not Applicable,Full-time,"Information Technology, Consulting, and Engineering",Software Development
4443044855,"Software Dev Engineer, Ship With Amazon, Ship With Amazon",Amazon,"Hyderabad, Telangana, India",2 weeks ago,2026-07-21,https://in.linkedin.com/jobs/view/software-dev-engineer-ship-with-amazon-ship-with-amazon-at-amazon-4443044855,"Description
Amazon’s global fulfillment network enables any merchant to ship items that are ordered on Amazon to any place on earth. There is a complex network of ways in which items move between vendor locations, Amazon warehouses, and customer locations as well as several intermediate locations through which packages travel before reaching the customer. With a scale of millions of packages, each with different attributes and delivery requirements, what results is a highly dense graph of nodes.
We have built a highly respected software engineering team which is focused on solving complex problems in worldwide transportation using workflows, optimization algorithms, and machine learning systems. These are large-scale distributed systems handling millions of packages being shipped through the Amazon logistics network.
You will be working with senior SDEs and principals to solve problems of scale, improve existing services & build new ones, and work on deep and complex algorithms to improve the experience of our customers globally while optimizing network operations.
Basic Qualifications
3+ years of non-internship professional software development experience
2+ years of non-internship design or architecture (design patterns, reliability and scaling) of new and existing systems experience
3+ years of Video Games Industry (supporting title Development, Release, or Live Ops) experience
Experience programming with at least one software programming language
Preferred Qualifications
3+ years of full software development life cycle, including coding standards, code reviews, source control management, build processes, testing, and operations experience
Bachelor's degree in computer science or equivalent
Our inclusive culture empowers Amazonians to deliver the best results for our customers. If you have a disability and need a workplace accommodation or adjustment during the application and hiring process, including support for the interview or onboarding process, please visit https://amazon.jobs/content/en/how-we-hire/accommodations for more information. If the country/region you’re applying in isn’t listed, please contact your Recruiting Partner.
Company
- ADCI HYD 13 SEZ
Job ID: A3203200
Show more
Show less",Not Applicable,Full-time,"Information Technology, Consulting, and Engineering",Software Development
4440949245,Software Engineer,The Depository Trust & Clearing Corporation (DTCC),"Hyderabad, Telangana, India",4 days ago,2026-08-05,https://in.linkedin.com/jobs/view/software-engineer-at-the-depository-trust-clearing-corporation-dtcc-4440949245,"Are you ready to make an impact at DTCC?
Do you want to work on innovative projects, collaborate with a dynamic and supportive team, and receive investment in your professional development? At DTCC, we are at the forefront of innovation in the financial markets. We are committed to helping our employees grow and succeed. We believe that you have the skills and drive to make a real impact. We foster a thriving internal community and are committed to creating a workplace that looks like the world that we serve.
The Information Technology group delivers secure, reliable technology solutions that enable DTCC to be the trusted infrastructure of the global capital markets. The team delivers high-quality information through activities that include development of essential, building infrastructure capabilities to meet client needs and implementing data standards and governance.
Pay And Benefits
Competitive compensation, including base pay and annual incentive
Comprehensive health and life insurance and well-being benefits, based on location
Pension / Retirement benefits
Paid Time Off and Personal/Family Care, and other leaves of absence when needed to support your physical, financial, and emotional well-being.
DTCC offers a flexible/hybrid model of 3 days onsite and 2 days remote (onsite Tuesdays, Wednesdays and a third day unique to each team or employee).
The Impact You Will Have In This Role
The Development family is responsible for creating, designing, deploying, and supporting applications, programs, and software solutions. May include research, new development, prototyping, modification, reuse, re-engineering, maintenance, or any other activities related to software products used internally or externally on product platforms supported by the firm. The software development process requires in-depth subject matter expertise in existing and emerging development methodologies, tools, and programming languages.
Software Developers work closely with business partners and / or external clients in defining requirements and implementing solutions. The Software Engineering role specializes in planning, documenting technical requirements, designing, developing, and testing all software systems and applications for the firm. Works closely with architects, product managers, project management, and end-users in the development and enhancement of existing software systems and applications, proposing and recommending solutions that solve complex business problems.
Your Primary Responsibilities
Develop applications in compliance with functional and non-functional requirements
Construct unit test cases that ensure compliance with functional and non-functional requirements
Follow design and code standards, contributing to continuous improvement discussions
Create and maintain system documentation
Align risk and control processes into day to day responsibilities to monitor and mitigate risk; escalates appropriately
Contribute to the design of components or individual programs
Provide production support for applications as needed
Work with subject matter experts reviewing technical designs and specifications
Apply different software development methodologies dependent on project needs
Work with peers to mature ways of working, continuous integration, and continuous delivery
Aligns risk and control processes into day to day responsibilities to monitor and mitigate risk; escalates appropriately
Qualifications
Minimum of 4 years of related experience
Bachelor's degree preferred or equivalent experience
Talents Needed For Success
Align risk and control processes into day to day responsibilities to monitor and mitigate risk; escalates appropriately
Contribute to the design of components or individual programs
Provide production support for applications as needed
Fosters a culture where honesty and transparency are expected.
Stays current on changes in his/her own specialist area and seeks out learning opportunities to ensure knowledge is up-to-date.
Collaborates well within and across teams.
Communicates openly with team members and others.
Resolves disagreements between colleagues effectively, minimizing the impact on the wider team.
Actual salary is determined based on the role, location, individual experience, skills, and other considerations. We are an equal opportunity employer and value diversity at our company. We do not discriminate on the basis of race, religion, color, national origin, sex, gender, gender expression, sexual orientation, age, marital status, veteran status, or disability status. We will ensure that individuals with disabilities are provided reasonable accommodation to participate in the job application or interview process, to perform essential job functions, and to receive other benefits and privileges of employment. Please contact us to request accommodation.
Show more
Show less",Not Applicable,Full-time,Engineering and Information Technology,Financial Services
4306113544,Software Developer,Truminds Software Systems,"Hyderabad, Telangana, India",10 months ago,2025-09-30,https://in.linkedin.com/jobs/view/software-developer-at-truminds-software-systems-4306113544,"Mandatory Skills
C/C++ Programming
Linux System concepts
Good Written and verbal communication skills
Good problem-solving skills
Python scripting experience
Prior experience in Continuous Integration and Build System is a plus
SCM tools like git, perforce etc is a plus
Repo, Git and Gerrit tools
Android Build system expertise
Automation development experience with like Electric Commander, Jenkins, Hudson
Skills:- C, C++, Linux/Unix, Python, Git and Gerrit
Show more
Show less",Associate,Full-time,Engineering and Information Technology,Software Development
4437800925,Software Engineer,GE Vernova,Greater Hyderabad Area,1 week ago,2026-07-29,https://in.linkedin.com/jobs/view/software-engineer-at-ge-vernova-4437800925,"Job Description Summary
The role entails advanced software development for Power Systems Applications, with a focus on delivering specific functionalities to meet corporate project and product objectives. Responsibilities include collaborating with team working with Electric Utilities or Independent System Operators (ISOs) and Transmission and Distribution System Operators to develop functional software specifications, followed by designing, coding, testing, integration, application tuning, and delivery.
Job Description
Roles and Responsibilities
As a team member of the Software Center of Excellence, exemplifying high-quality development, testing, and delivery practices.
Responsible for enhancing, evolving, and supporting high-availability Electricity Energy Market Management System (MMS).
Responsible for development, testing, integration, and tuning of advanced Power Systems Application software to fulfill project and product commitments.
Develop and evolve software in a dynamic and agile environment using the latest technologies and infrastructure.
Provide domain knowledge and/or technical support to a team of electricity markets application software engineers.
Understand customers’ needs and focus throughout the project lifecycle to ensure software quality and functionality meet standards and requirements.
Interact with Product Development Teams, Customers, Solution Providers, and cross-functional teams as needed.
Apply SDLC principles and methodologies like Lean/Agile/XP, CI, software and product security, scalability, and testing techniques.
Provide maintenance of power systems application functionality, including code fixes, creating tools for model conversion, documentation, and user interfaces.
Basic Qualification
Master’s degree in Electrical Power Systems with thesis or related work in power systems
3 to 5 years of experience in development or project delivery, preferably in Power Systems Analysis, Security Constrained Unit Commitment and Economic Dispatch using Mixed Integer Programming (MIP)/Optimization, or Applied Mathematics and Operations Research.
Desired Characteristics
Continuous improvement mindset; drives change initiatives and process improvements
Highly organized and efficient; adept at prioritizing and executing tasks.
Experience in the power systems domain.
Proficiency in testing and test automation.
Experience in programming skills such as C++ or Java or other related language, as required. Knowledge on Perl, PowerShell and SQL (MSSQL and/or T-SQL) scripting languages. Good understanding of database operation
Strong knowledge of source control management, particularly GitHub.
Demonstrated ability to learn new development practices, languages, and tools.
Self-motivated; able to synthesize information from diverse sources.
Continuously measures the completion rate of personal deliverables and compares them to the scheduled commitments.
Transparent in problem-solving approaches and options; determines fair outcomes with shared trade-offs.
Capable of defining requirements and collaborating on solutions using technical expertise and a network of experts.
Effective communication style for engaging with customers and cross-functional teams; utilizes product knowledge to mitigate risks and drive outcomes.
Strong verbal, written, and interpersonal communication skills; able to produce professional and technical reports and conduct presentations.
Innovates and integrates new processes or technologies to add significant value; advises on change cost versus benefits and learns new solutions to address complex problems
Additional Information
Relocation Assistance Provided:
Yes
Show more
Show less",Not Applicable,Full-time,Engineering and Information Technology,Energy Technology
4028615754,Technology Specialist,Broadridge India,"Hyderabad, Telangana, India",4 days ago,2026-08-05,https://in.linkedin.com/jobs/view/technology-specialist-at-broadridge-india-4028615754,"At Broadridge, we've built a culture where the highest goal is to empower others to accomplish more. If you’re passionate about developing your career, while helping others along the way, come join the Broadridge team.
Experience in Java technologies
Core Java, J2EE, Webservices(SOAP , REST), Spring, Hibernate, Groovy ,Drools
Microservice , Spring boot, Apache Camel
Good knowledge on AWS and LAMBDA functions
Good to have Gradle/Maven, Git, Log4J, Mockito, Kafka
DynamoDB or any other NoSQL Database experience
Experience working in Agile methodology
Show more
Show less",Not Applicable,Full-time,Information Technology,Financial Services and IT Services and IT Consulting
4446294838,Incident Management Specialist,ADP,"Hyderabad, Telangana, India",5 days ago,2026-08-04,https://in.linkedin.com/jobs/view/incident-management-specialist-at-adp-4446294838,"Shift Timing - UK - 1 shift (7AM IST)
Key Responsibilities
Lead and coordinate the end-to-end incident management process including detection, triage, escalation, resolution, and closure
Manage and drive incidents effectively to ensure minimum downtime and business impact
Actively engage all teams until resolution and communicate status to all stakeholders in a timely manner
Conduct post-incident reviews, root cause analysis, and analyze incident data to identify trends and patterns
Define, implement, and continuously improve incident management policies, procedures, and tools
Collaborate with all stakeholders to ensure quick resolutions and effective communication of incidents
Implement end-to-end automation solutions to reduce manual efforts and involvement
Design, develop, and maintain documentation for incident management processes and procedures
Track and report on KPIs and SLAs and train teams on incident management best practices
Required Skills
6+ years of experience in Incident Management
Strong knowledge of ITIL framework and GenAI tools and concepts
Good experience in ServiceNow and Jira
Proficiency in MS Teams
Experience with CoPilot, Amazon Q.
Excellent communication, collaboration, and stakeholder management skills
Strong analytical and problem-solving skills with ability to work under pressure
Self-motivated and ownership-driven with ability to take initiatives
Tech savvy with openness to learn new technologies as needed
Experience with on-call rotations and support environments
Show more
Show less",Mid-Senior level,Full-time,Information Technology,Human Resources Services and IT System Custom Software Development
4435591985,Device Expert (VDI),Opella,"Hyderabad, Telangana, India",2 weeks ago,2026-07-23,https://in.linkedin.com/jobs/view/device-expert-vdi-at-opella-4435591985,"Job title
: Device Expert (VDI)
Location: Hyderabad
Opella is the self-care challenger with the purest and
third-largest portfolio in the Over-The-Counter (OTC) & Vitamins, Minerals & Supplements (VMS) market globally
.
Our mission is to bring health in people’s hands by
making self-care as simple as it should be
. For half a billion consumers worldwide – and counting.
At the core of this mission is our
100 loved brands
, our
11,000-strong global team, our 13 best-in-class manufacturing sites
and 4 specialized science and innovation development centers. Headquartered in France, Opella is the proud maker of many of the world’s most loved brands, including Allegra, Buscopan, Doliprane, Dulcolax, Enterogermina, Essentiale and Mucosolvan.
As a globally certified B Corp company,
we are active players in the journey towards healthier people and planet. Find out more about our mission at www.opella.com.
About The Job
Our team is engaged in designing, delivering and supporting Digital Tech Services for all CHC worldwide.
We deliver our solutions in a highly competitive market answering FMCH needs and sometimes supporting regulated environments (GxP, SoX and other regional or local regulations).
Our team operates in an international context, serving all markets in most of the countries around the world.
Digital Technology & Architecture organization encompasses following capabilities: Integration, Enterprise Architecture, Cloud engineering, Platform Engineering (e.g. DevOps & related framework), Platforms (ServiceNow, Observability, Chatbots, SAP, Commercial, RPA, …), Digital Workplace and more “classical” infrastructures (hosting, servers, …).
Digital Workplace & Facilities
team manages all Digital Workplace capabilities (all devices, collaboration, communication, printing, software management & deployment, …) and makes the bridge between global standards designed by global infrastructure & workplace teams and their implementation on our 60+ sites (incl. 12 plants) across the globe.
Are you passionate about delivering secure, high-performing Windows 365 Cloud PC services that enable users to work from anywhere?
Join us as a
Digital Workplace Windows 365 Expert
within our Digital Workplace & Facilities crew, with a strong focus on Windows 365 product ownership, Cloud PC lifecycle management, user experience and operational excellence. Azure Virtual Desktop knowledge is considered an optional additional skillset.
As Part Of The Device Team, You Will Own And Evolve The Windows 365 Cloud PC Capability With The Following Focus Areas
Windows 365 Product Ownership and Cloud PC lifecycle management.
Cloud PC architecture, governance, performance and cost optimization.
Microsoft Intune, Entra ID and security integration for Windows 365.
Application delivery, image management and Cloud PC user experience optimization.
Digital Employee Experience monitoring for Windows 365 users.
Automation, reporting and operational excellence.
Azure Virtual Desktop as an optional complementary skillset.
We are looking for a VDI expert, mainly on Windows 365, in our Device team to own and mature our Cloud PC service. The role is primarily focused on Windows 365 strategy, operations, governance and user experience. Azure Virtual Desktop experience is welcome but not mandatory.
Main Responsibilities
Windows 365 Product Ownership:
Own the Windows 365 Cloud PC product lifecycle, including strategy, roadmap, provisioning, operations, adoption and continuous improvement.
Define Cloud PC personas, sizing standards, entitlement models and usage policies aligned with business needs.
Manage Windows 365 provisioning policies, images, network connectivity, security baselines and device configuration through Microsoft Intune.
Optimize Windows 365 cost, license allocation, utilization and performance through regular governance and reporting.
Drive user experience improvements for Cloud PC users, including login performance, application responsiveness and supportability.
Coordinate incident, problem and change management activities with service desk, endpoint, identity, network and security teams.
Define adoption plans, operating procedures and knowledge articles for Windows 365 support teams and end users.
Cloud PC Architecture, Governance and Operations:
Define the Windows 365 service model, architecture principles, provisioning standards and Cloud PC operating model.
Create standards for Cloud PC images, device configuration, access, monitoring, resilience, support and lifecycle management.
Establish governance for capacity, licenses, consumption, performance, service quality and continuous improvement.
Own Windows 365 service KPIs, including availability, sign-in experience, performance, adoption, incident trends and user satisfaction.
Maintain clear documentation, operational runbooks, support handover materials and service reporting.
Microsoft Endpoint, Identity and Security Integration:
Integrate Windows 365 with Microsoft Intune, Microsoft Entra ID, conditional access, endpoint security and Microsoft 365 services.
Define and manage configuration profiles, security baselines, compliance policies and access controls for Cloud PCs.
Partner with identity, network, endpoint, security and application teams to ensure a secure and reliable Windows 365 service.
Support vulnerability management, patching, update rings and audit readiness for Cloud PCs.
Ensure Windows 365 aligns with Zero Trust principles and corporate security standards.
Application Delivery and User Experience:
Define application delivery approaches for Windows 365, working with application, packaging and endpoint teams.
Ensure virtual desktop images and application sets meet user persona requirements while remaining secure, supportable and optimized.
Improve user experience through monitoring, troubleshooting and optimization of sign-in times, profile behavior, network latency and application performance.
Integrate VDI services with Microsoft 365, identity, endpoint management, security tooling and ITSM processes.
Support specialized use cases such as contractors, secured access scenarios, remote workers, factory supervisors and temporary workers.
Digital Employee Experience for VDI:
Monitor and analyse end-user experience across Windows 365 Cloud PCs using available Microsoft and DEX tooling.
Create dashboards and reports covering Cloud PC health, session quality, application performance, user satisfaction and service adoption.
Develop proactive alerting, remediation and continuous improvement actions based on experience data.
Identify recurring pain points and coordinate improvements across endpoint, identity, network, security and application teams.
Automation & Integration:
Develop PowerShell and Microsoft Graph automation for Windows 365, Intune, reporting and operational activities.
Automate provisioning, configuration checks, compliance reporting, remediation and lifecycle tasks for Cloud PCs.
Create integration workflows between VDI platforms, ServiceNow, monitoring, identity and endpoint management systems.
Build operational dashboards and management reports using Power BI or equivalent reporting tools.
Product Roadmap & Stakeholder Management:
Define and maintain the Windows 365 roadmap, prioritizing Cloud PC adoption, governance, service maturity and user experience improvements.
Manage relationships with Microsoft, internal infrastructure teams, security teams, application owners and business stakeholders.
Gather requirements and prioritize enhancements from business teams, IT support, security and end users.
Conduct service reviews and communicate roadmap, risks, KPIs and improvement plans to stakeholders.
Drive adoption and change management for new VDI capabilities and operating models.
Security & Compliance:
Implement Zero Trust principles for Windows 365, including identity, conditional access, device compliance and least-privilege access.
Ensure VDI services comply with corporate security standards, GxP, SoX and applicable regional or local regulations.
Coordinate vulnerability management, patching, security baselines and audit readiness for Cloud PCs.
Define disaster recovery, resilience and business continuity requirements for critical VDI use cases.
About You
Technical background required.
Bachelor’s degree in Computer Science, Information Technology, Engineering, or related field, with proven experience in international and global organizations.
Deep hands-on experience with Windows 365 Cloud PCs, including provisioning policies, Cloud PC sizing, Intune management, image strategy, monitoring and lifecycle operations.
Strong understanding of Microsoft Intune, Microsoft Entra ID, conditional access, hybrid identity, modern authentication and endpoint security baselines.
Experience designing Windows 365 personas, service models, access patterns and governance for enterprise-scale environments.
Understanding of Cloud PC image management, application delivery, update management, monitoring and user experience optimization.
Experience integrating Windows 365 with Microsoft 365, ServiceNow, monitoring platforms, security tooling and business applications.
Ability to analyse Windows 365 performance, capacity, cost, adoption and user experience metrics, and translate insights into improvement plans.
Advanced PowerShell scripting skills; experience with Microsoft Graph, Azure Automation, Logic Apps or similar orchestration tools is preferred.
Knowledge of Azure Virtual Desktop, including host pools, session hosts, application groups, scaling plans and FSLogix profile management, is optional and considered a plus.
Knowledge of security, compliance and regulated environments such as GxP, SoX, ISO or similar standards is preferred.
General.
Bachelor's degree in computer science, Information Technology, or related field
5+ years of experience in device management and product ownership roles.
Strong understanding of Azure AD, conditional access, and modern authentication
Experience with ITSM platforms (ServiceNow, Jira Service Management).
Power BI or similar reporting tool expertise is good to have
Some experience managing vendor relationships and contracts.
Soft Skills Required.
Fluent in English.
Curious and open-minded, « out of the box » thinking with growth mindset, willing to stay up to date with emerging trends and technologies in device management and automation.
Proven experience working & performing in global team, in a matrix organization, with strong capacity to manage activities across web meetings and collaborative solutions.
Ability to lead & take ownership even in unclear situations. Contribute to clear the unclearAbility to provide innovative solutions, propose ideas to solve a problem by implementing them.
Agile and continuous improvement mindset, with critical-thinking and root-cause-analysis paradigms.Able to write and speak fluently in English for any audience
Why us?
At Opella, you will enjoy doing challenging, purposeful work, empowered to develop consumer brands with passion and creativity. This is your chance to grow new skills and be part of a bold, collaborative, and inclusive culture where people can thrive and be at their best every day.
We Are Challengers.
We Are Dedicated To Making Self-care As Simple As It Should Be. That Starts With Our Culture. We Are Challengers By Nature, And This Is How We Do Things
All In Together:
We keep each other honest and have each other's backs.
Courageous:
We break boundaries and take thoughtful risks with creativity.
Outcome-Obsessed:
We are personally accountable, driving sustainable impact and results with integrity.
Radically Simple:
We strive to make things simple for us and simple for consumers, as it should be.
Join us on our mission. Health. In your hands.
www.opella.com/en/careers
Show more
Show less",Not Applicable,Full-time,Other,Retail Health and Personal Care Products
4441157017,Senior IT Generalist,IntouchCX,"Hyderabad, Telangana, India",3 weeks ago,2026-07-17,https://in.linkedin.com/jobs/view/senior-it-generalist-at-intouchcx-4441157017,"About IntouchCX
IntouchCX is a global leader in digital customer experience management, back office processing, trust & safety solutions, and AI services. For over 25 years, we’ve scaled with soul, building trusted long-term partnerships and empowering our people to drive positive change.
About The Job
We are looking for a Senior IT Generalist who will be responsible for administering and managing regional technology activities. This person will also oversee the maintenance and repair of computer hardware and software in a break/fix environment.
As Senior IT Generalist, You Will…
Complete projects by coordinating resources and timetables with different IT stakeholders and non-IT departments
Work collaboratively with different clients, team members and other stakeholders across the company to achieve desired results
Interpret and validate technical issues, test solutions, follow-up and escalate when necessary
Solve complex problems in a technical service-oriented environment
Comprehend, capture and interpret basic information and work within a team in a fast-paced call center environment
Work hand in hand with the IT Site Supervisor and act as a primary back-up when necessary
Install and test workstations (break/fix), fix performance issues, diagnose/replace hardware and software related problems
Ensure workstations are functional (computer hardware peripherals/components)
Troubleshoot/report specific line of business program issues (Logical Agent/LivePerson/third-party applications)
Verify application results, conduct system audits
Be accountable for tracking and organization of physical hardware and other IT assets
Develop and manage organizational and IT standards
Maintain cleanliness and organization of the IT department and stations
Engage with internal and external clients providing updates and solutions, as well as ensuring compliance relating to all IT components
Interpret service delivery key metrics to problem solve
Verify application results by conducting system audits of technologies implemented
Preserve assets by adhering to disaster recovery and backup procedures and information security and control structures
Maintain quality service by establishing and enforcing organization standards
Provide support for the entire IT department and company as needed
As Senior IT Generalist, You Have…
Post-secondary or completion of post-secondary schooling preferred
Minimum of 1-3 years of experience will be required, experience in the BPO industry will be an added advantage
Adaptability to learn a variety of software programs
Strong analytical and problem-solving skills
The ability to multitask and self-manage your work day is crucial
The ability to work in a fast paced and time sensitive environment
The ability to lift 50LBs
Excellent time and project management skills
Fluent English language skills with the ability to communicate with customer relations & presentation skills
The ability to work flexible hours, including weekends and Public Holidays if required, with an ‘on-standby’ basis during critical business periods
Show more
Show less",Not Applicable,Full-time,Information Technology,Outsourcing and Offshoring Consulting
4451308399,TECHNOLOGY ARCHITECT L1,Wipro,"Hyderabad, Telangana, India",19 hours ago,2026-08-09,https://in.linkedin.com/jobs/view/technology-architect-l1-at-wipro-4451308399,"Job description:
Job Description
Role Purpose
The purpose of this role to analyse client technology environments, create low-level design inputs, and integrate technology components to existing client environment for a specific technology.
͏
Area of Responsibility
Requirement Analysis-Participate in client discussions to gather information regarding platform constraints, technology stacks, and performance expectations of a specific technology.
Designing-Create low-level design inputs for assigned technology and provides technical viewpoints for specific components as per the standards and best practices.
Integration assessment and support-Assess and evaluate client technology environment to support integration of technology components and ensure system-level technical compatibility.
Troubleshooting-Support testing activities for technology components and work with developers and infrastructure teams to troubleshoot errors during deployment phases.
͏ ͏ ͏
Mandatory Skills: AI Cognitive .
Experience: 8-10 Years
.
Reinvent your world. We are building a modern Wipro. We are an end-to-end digital transformation partner with the boldest ambitions. To realize them, we need people inspired by reinvention. Of yourself, your career, and your skills. We want to see the constant evolution of our business and our industry. It has always been in our DNA - as the world around us changes, so do we. Join a business powered by purpose and a place that empowers you to design your own reinvention.
Show more
Show less",Not Applicable,Full-time,Information Technology,IT Services and IT Consulting
4449906860,"Specialist, Technical Analyst",MSD,"Hyderabad, Telangana, India",3 days ago,2026-08-05,https://in.linkedin.com/jobs/view/specialist-technical-analyst-at-msd-4449906860,"Job Description
Specialist- Technical Analyst
The Opportunity
Based in Hyderabad, join a global healthcare biopharma company and be part of a 130- year legacy of success backed by ethical integrity, forward momentum, and an inspiring mission to achieve new milestones in global healthcare.
Be part of an organisation driven by digital technology and data-backed approaches that support a diversified portfolio of prescription medicines, vaccines, and animal health products.
Drive innovation and execution excellence. Be a part of a team with passion for using data, analytics, and insights to drive decision-making, and which creates custom software, allowing us to tackle some of the world's greatest health threats.
Our Technology Centers focus on creating a space where teams can come together to deliver business solutions that save and improve lives. An integral part of our companys’ IT operating model, Tech Centers are globally distributed locations where each IT division has employees to enable our digital transformation journey and drive business outcomes. These locations, in addition to the other sites, are essential to supporting our business and strategy.
A focused group of leaders in each Tech Center helps to ensure we can manage and improve each location, from investing in growth, success, and well-being of our people, to making sure colleagues from each IT division feel a sense of belonging to managing critical emergencies. And together, we must leverage the strength of our team to collaborate globally to optimize connections and share best practices across the Tech Centers.
Role Overview
We are looking for a highly skilled
Developer/Configuration Engineers
specialized in the
Signals One (Research Suite)
, including but not limited to modules such as Notebook, VitroVivo, Inventa, Synergy, and any other components within the suite. The ideal candidate will have end-to-end ownership of platform configuration and development activities, ensuring seamless delivery and support of this research platform.
Primary Skills Signals One (Research Suite)/notebook/synergy/
Platform configuration.
Scripting language for automation.
What Will You Do In This Role
Responsible for the configuration, customization, and development of the Signals One Research Suite modules to meet evolving research and business needs.
Manage the full Software Development Life Cycle (SDLC) including
Requirement gathering and analysis
Solution design and configuration
Development, configuration and scripting
Collaboration with testing and User Acceptance Testing (UAT) teams
Deployment using Configuration Transfer Tool or equivalent mechanisms
Production release and hypercare support
Implement and adhere to IT Service Management (ITSM) best practices, covering
Incident, Request, and Problem Management
Change Management
Knowledge Management
Release Management
Understand and maintain integrations between Signals One and internal/external systems, including SaaS and cloud applications, leveraging APIs and middleware.
Utilize scripting languages (e.g., Python, PowerShell, Bash) to automate platform/integration tasks, process/data workflows, and deployment processes.
Work with cloud platforms (AWS, Azure, or GCP) to deploy, monitor, and optimize platform components.
Employ monitoring and logging tools to proactively identify and resolve platform issues, ensuring high availability and performance.
Collaborate closely with cross-functional teams including Product Owner, Technical Lead, Quality Unit, infrastructure, and support to deliver robust platform solutions.
Document configurations, processes, and troubleshooting guides to support knowledge sharing and compliance requirements.
Mentor junior/support engineers and contribute to continuous improvement initiatives.
Work as part of an experienced team, and globally in a virtual team.
Work in Product model structure and follow Agile development practices.
What Should You Have
Bachelor’s degree in Computer Science, Engineering, or related field; advanced degree preferred.
Minimum 3 -7 years of relevant experience in platform development/configuration roles.
Extensive hands-on experience with Signals One Research Suite and its modules (Notebook, VitroVivo, Inventa, CD, Synergy, etc.). and Spotfire.
Strong understanding of the complete SDLC process from requirements through production release and hypercare.
Proven expertise in ITSM processes including Incident, Request, Problem, Change, Knowledge, and Release Management.
Experience with cloud platforms (AWS, Azure, GCP) and cloud-native deployment models.
Proficiency in scripting languages (such as Python [Streamlit], C#, GitHub and Git Hub Actions) for automation, process or integration tasks. And also SQL and Python (Pandas) for data querying and manipulation.
Solid knowledge of API design and integration patterns, including RESTful services and middleware solutions. Knowledge of basic integration patterns.
Familiarity with monitoring and logging tools (e.g., Splunk, Dynatrace, Grafana.
Strong problem-solving skills and ability to work in a fast-paced, collaborative environment. Focus on debugging and root cause analysis following Six Sigma principles.
Excellent communication skills to effectively interact with technical teams and end-users.
Preferred Qualifications
Experience working in regulated environments (e.g., pharmaceutical, life sciences).
Our technology teams operate as business partners, proposing ideas and innovative solutions that enable new organizational capabilities. We collaborate internationally to deliver services and solutions that help everyone be more productive and enable innovation.
Who We Are
We are known as Merck & Co., Inc., Rahway, New Jersey, USA in the United States and Canada and MSD everywhere else. For more than a century, we have been inventing, bringing forward medicines and vaccines for many of the world's most challenging diseases. Today, our company continues to be at the forefront of research to deliver innovative health solutions and advance the prevention and treatment of diseases that threaten people and animals around the world.
What We Look For
Imagine getting up in the morning for a job as important as helping to save and improve lives around the world. Here, you have that opportunity. You can put your empathy, creativity, digital mastery, or scientific genius to work in collaboration with a diverse group of colleagues who pursue and bring hope to countless people who are battling some of the most challenging diseases of our time. Our team is constantly evolving, so if you are among the intellectually curious, join us—and start making your impact today.
Required Skills
Agile Application Development, Amazon Web Services (AWS), Cross-Functional Collaboration, Cross-Team Collaboration, Custom Application Development, Data Engineering, Data Visualization, Debugging, Design Applications, Information Technology (IT) Services, IT Service Management (ITSM), Power Shell Scripting, Scripting Languages, Software Configurations, Software Development, Software Development Life Cycle (SDLC), Software Project Management, Solution Architecture, System Designs, System Integration, Teamwork, Testing
Preferred Skills
Current Employees apply HERE
Current Contingent Workers apply HERE
Secondary Language(s) Job Description
#MSDHYDIT
Search Firm Representatives Please Read Carefully
Merck & Co., Inc., Rahway, NJ, USA, also known as Merck Sharp & Dohme LLC, Rahway, NJ, USA, does not accept unsolicited assistance from search firms for employment opportunities. All CVs / resumes submitted by search firms to any employee at our company without a valid written search agreement in place for this position will be deemed the sole property of our company. No fee will be paid in the event a candidate is hired by our company as a result of an agency referral where no pre-existing agreement is in place. Where agency agreements are in place, introductions are position specific. Please, no phone calls or emails.
Employee Status
Regular
Relocation
Domestic
VISA Sponsorship
No
Travel Requirements
No Travel Required
Flexible Work Arrangements
Hybrid
Shift
Not Indicated
Valid Driving License
No
Hazardous Material(s)
n/a
Job Posting End Date
08/12/2026
A job posting is effective until 11 59 59PM on the day BEFORE the listed job posting end date. Please ensure you apply to a job posting no later than the day BEFORE the job posting end date.
Requisition ID
R408311
Show more
Show less",Not Applicable,Full-time,Information Technology,"Biotechnology Research, Pharmaceutical Manufacturing, and Veterinary Services"
4414474703,Application support engineer,Apple,"Hyderabad, Telangana, India",2 months ago,2026-05-14,https://in.linkedin.com/jobs/view/application-support-engineer-at-apple-4414474703,"Summary
Do you want to help build some of the largest and most consequential enterprise and customer technology systems in the world? Join Apple’s Information Systems and Technology (IS&T) organization. IS&T is the engine behind everything Apple does for customers and for the people who build for them. It’s Apple’s central nervous system. Supporting 2.5 billion active Apple devices, processing billions of secure transactions, and keeping the technology that defines modern life running flawlessly, IS&T makes the impossible feel effortless.Do you love building solutions to handle global complexity and immense scale? Imagine what you could do here.
G&A Solutions Engineering (GSE) is IS&T's dedicated technology partner for Apple's general and administrative functions — including people, finance, facilities, legal, and security. The team builds and delivers integrated technology solutions that keep these functions running efficiently and securely at global scale. GSE also works closely with business teams to develop custom tools that improve productivity and bring greater automation and consistency to G&A operations across Apple.
The Employee Systems team is responsible to build Employee related business applications. You will be a generalist, able to be flexible in roles yet have an in-depth knowledge of enterprise systems and platforms to build innovative applications and custom solutions that serve all Apple Employees.
Description
Imagine what you could do here. At Apple, great ideas have a way of becoming great products, services, and customer experiences very quickly. Bring passion and dedication to your job and there's no telling what you could accomplish. Apple Employee Systems team is seeking a Software Application Support Engineer who has a proven track record in developing and managing high quality enterprise software solutions. Our group is responsible for building and managing a suite of core application services for a number of applications. We do all this with an exceptional group of software engineers, dev-ops engineers and technical project managers, working to make a difference for our customers. To run our environment efficiently, we drive for automation and build frameworks which help ease both the end user experience and the manageability by our team. The teams direction is to strive for automation to ensure reliability at the highest level. You will work with some of the coolest people and technologies on the planet, including: GenAI, OS X, iOS, Oracle, MongoDB, Restful web services, and web platform technologies including Spring, Apache, and more. This is an exciting role, demanding a strong technology background.
Responsibilities
You will help engineer and maintain innovative software applications. The Application Support Engineer will not only support operations, but also work closely with the development engineers within the team to aid in architectural design and assist with implementation of complex features/fixes. You will be responsible to improve the performance, availability, scalability and monitoring of all of Employee Systems. You will work closely with business partners, other engineering teams, quality assurance and management. This is a hands on support and coding role and you must be able to coordinate with a global team. At Apple, code quality and functional quality is always at the forefront and one of the keys measures of Success. Be able to work well in a fast paced environment.
Minimum Qualifications
5+ years experience supporting mission critical production applications in an enterprise environment AND 3+ years of Software development experience building highly scalable RESTful web services, or some combination of both.
Java development, J2EE, and related experience is critical for this role.
Knowledge of databases like Oracle and MongoDB, and capable of understanding SQL and query tuning as well as database performance optimization.
Demonstrable track record of using a logical debugging methodology to solve complex production issues in a customer-facing role.
Strong and proven track record of incident management, configuration/change management
Passionate and inquisitive to solve everyday problems in innovative ways.
Preferred Qualifications
Strong knowledge of SOAP and RESTful web services
Knowledge in frameworks like Spring
Knowledge of messaging services like Kafka
Strong experience with monitoring tools like Splunk, Nagios, AppDynamics, Dynatrace, or similar.
Track record in troubleshooting complex problems with a cross-functional team and multiple stakeholders to solve large scale production issues.
Python development experience would be a plus
Knowledge in workflow automation systems like Temporal (Autoflow) and Flink is a plus
Functional knowledge with HR and/or Payroll products such as Workday, Oracle HCM, Salesforce, PeopleSoft, SAP Success Factors, or ADP
Good Oral and written english communication skills
At Apple, we believe accessibility is a fundamental human right. You’ll find that idea reflected in everything here — in our culture, our benefits and our digital tools. By welcoming as many perspectives as possible, we help you build a career where you feel like you belong.
Learn about accessibility in Apple’s workplace
Role Number: 200658531-1052
Show more
Show less",Not Applicable,Full-time,Information Technology,Computers and Electronics Manufacturing
4448840826,Technology Provisioning Consultant [T500-28159],CIBC India,"Hyderabad, Telangana, India",5 days ago,2026-08-04,https://in.linkedin.com/jobs/view/technology-provisioning-consultant-t500-28159-at-cibc-india-4448840826,"About CIBC:
CIBC is a leading North American bank, with a history of more than 150 years of living our purpose - to help make your ambition a reality. Client relationships are at the center of our strategy, and our growth is enabled by a highly engaged and connected global team. From digital banking to community impact, we’re proud to drive progress for our clients and our communities. Recognized for our culture, award-winning innovation and community investment, CIBC continues to evolve by putting people and progress at the centre of everything we do.
About CIBC India:
CIBC India is a technology and operations hub in Hyderabad, where you’ll be part of our highly engaged and global team, and play a central role in supporting our growth. Whether you’re driving innovation in digital banking or streamlining client onboarding, you’ll be part of a culture recognized for excellence and investment in people. At CIBC India, people and progress are at the center of what we do: you’ll develop skills, collaborate with industry leaders, and see your ideas realized in a culture that values progress and belonging. We provide cutting-edge resources, ongoing learning, and a supportive environment where people come first. If you’re ready to create meaningful change and build your future, CIBC India is where your ambition meets opportunity.
What CIBC India Offers:
At CIBC India, your goals are a priority. We start with your strengths and ambitions and strive to create opportunities to tap into your potential. We aspire to give you a career that goes well beyond your compensation.
We work to recognize you in meaningful, personalized ways including competitive fixed pay, performance-based incentive programs, a family-first benefits program, employer contributions for your retirement, attractive time off and leave offerings, wellbeing support, and MomentMakers, our social, points-based recognition program.
Our spaces and technological toolkit will make it simple to bring together great minds to create innovative solutions that make a difference for our clients worldwide
We cultivate a culture where you can express your ambition through initiatives like Purpose Day, a paid day off dedicated for you to use to invest in your growth and development.
What You’ll Be Doing (position summary):
The Specialist Technology Provisioning is responsible for supporting access provisioning within the organization. This role reviews and processes end-user access requests based on business needs, ensuring compliance with guidelines, controls, policies, and standards while maintaining accurate communication and contributing to continuous process improvement.
At CIBC India we enable the work environment most optimal for you to thrive in your role. Details on your work arrangement (including on-site and remote work) will be discussed at the time of your interview.
How You’ll Succeed (responsibilities):
KEY ACCOUNTABILITIES:
Efficiently perform review and process access requests submitted via ServiceNow.
Perform add, modify, and revoke access, accurately and within established timelines.
Perform provisioning activities in accordance with knowledge base guidelines.
Adhere to established controls, policies, and standards.
Maintain clear and accurate communication notes within ServiceNow.
Effectively communicate any gaps identified against established processes.
Contribute to continuous improvement of the service request management process.
People Management:
Reiterate the appropriate context once work is assigned by People manager (CAN) to ensure that individuals’ roles support the achievement of the business unit’s priorities and CIBC’s overall goals.
Build team and individual capabilities by providing development opportunities such as job shadowing, special projects, and training.
Manage performance by providing fair and accurate formal and informal feedback, identifying and removing obstacles to performance, and explaining how performance expectations align with business priorities.
Create a positive work environment and act as an effective role model by championing CIBC’s mission, vision, and values.
Ensure compliance with policies, standards, guidelines, and controls by applying the policies and controls fairly and consistently so employees understand what to expect.
Hire the right people in the right jobs to align individual capabilities with job requirements and business unit goals.
CROSS-FUNCTIONAL RELATIONSHIPS:
Collaborates with business units, IT, and application owners to ensure accurate and timely provisioning.
COMPLIANCE REQUIREMENTS/RESPONSIBILITIES:
As an employee of CIBC, the incumbent must comply with all applicable CIBC and Line of Business policies, standards, guidelines and controls.
As a manager of people, this job must ensure all employees within the business unit comply with all applicable CIBC and Line of Business policies, standards, guidelines and controls.
AUTHORITIES/DECISION RIGHTS:
As a key contributor to the business unit, this job has the authority to recommend changes to business processes in order to enhance operational efficiency and effectiveness.
As a manager of people, this job has the authority to assign tasks to employees within their span of control and in coordination with the SR Manager, select individuals for hire, assess individual performance, make employee compensation decisions and take disciplinary measures up to and including termination
JOB DIMENSIONS:
Complete provisioning for multiple business units and applications.
Responsible for timely and accurate fulfillment of access requests.
Adhere to compliance and operational excellence
Experience: 7+ years of experience
Who You Are (skills/qualifications):
Must Have Skills:
7+ years’ experience in the technology field, with a focus on end user access.
Experience with ServiceNow, Active Directory, Microsoft Azure, Microsoft Exchange.
Proficient with Microsoft Office suite.
Strong organizational skills and attention to detail.
Excellent written and verbal communication skills.
Strong analytical and problem-solving skills.
Ability to work collaboratively with cross-functional teams.
Experience with PowerShell and Power BI scripting.
Familiarity with regulatory and compliance considerations in application access.
Privacy:
By proceeding with the creation of a profile and submitting an application in response to this job posting, you acknowledge and agree that your personal data will be collected, used, retained and disclosed by CIBC India and its affiliates, as described in the Candidate Privacy Statement.
Show more
Show less",Mid-Senior level,Full-time,Engineering and Information Technology,Banking and Insurance
4403427031,Command Centre Specialist,insightsoftware,Greater Hyderabad Area,1 week ago,2026-08-02,https://in.linkedin.com/jobs/view/command-centre-specialist-at-insightsoftware-4403427031,"About Us:
insightsoftware is a global provider of reporting, analytics, and performance management solutions that unlock the potential of business data and transform the way finance and data teams operate. We empower leaders from over 32,000 organizations to make timely and intelligent decisions. Our comprehensive solutions span Financial Planning and Analysis (FP&A), Controllership, and Data and Analytics. We deliver finance teams the insights required to navigate any economic climate and drive greater financial intelligence, while increasing productivity, visibility, accuracy, and compliance. Learn more at
insightsoftware.com.
Job Description:
insightsoftware
Job Description
Job Title
Command Centre Specialist
Department
IT — Command Centre (DevOps)
Location
Hyderabad, India (On-site for the first 3–6 months; remote thereafter)
Reports To
Senior Manager / Director, Command Centre
Employment Type
Full-time, Permanent
Shift Pattern
24×7 rotational shifts
About Insightsoftware
insightsoftware is a global provider of connected solutions for the Office of the CFO. We empower business leaders with accessible insights and connected solutions to drive actionable business strategy. With operations spanning 40+ countries, we help finance and IT teams work smarter, faster, and with greater confidence.
Role Overview
We are establishing a new Command Centre in Hyderabad to provide around-the-clock monitoring, incident response, and operational support for our global multi-cloud infrastructure, including AWS, Azure, and on-premises environments. The Command Centre Specialist will serve as an active operator, responsible for system monitoring, incident triage and resolution, execution of runbooks, and escalation of issues in accordance with established procedures. This role is highly execution-oriented and supports DevOps teams worldwide, adhering to ITIL best practices. The initial three to six months require on-site presence in Hyderabad for environment familiarization and team integration, after which the position will transition to remote work.
Key Responsibilities
Incident Response and Troubleshooting
Monitor alerts and triage incoming incidents—classify, prioritize, and document in Jira Service Management per ITIL guidelines.
Troubleshoot issues across multi cloud infrastructure (EC2, VPC, VPN, load balancers), identity and access management (IAM, SSO, directory services), networking (DNS, firewalls, routing), databases, and application layers.
Execute established runbooks and standard operating procedures to resolve or contain incidents within SLA targets.
Escalate unresolved or high-severity incidents to senior specialists or engineering teams with clear, accurate context.
Monitoring and Alerting
Monitor multi-cloud infrastructure, network, and security tooling 24×7 using enterprise observability platforms.
Identify anomalies, threshold breaches, and potential security events; take first-response action or escalate per SOPs.
Flag false positives and noisy alerts to senior specialists for threshold tuning and runbook updates.
Shift Operations
Participate in 24×7 rotational shifts; execute clean handoffs with detailed shift logs.
Follow escalation matrices and communication protocols during all incidents.
Maintain accurate, real-time operational logs throughout each shift.
Documentation and Knowledge Contribution
Update and maintain runbooks, troubleshooting guides, and SOPs in Confluence as issues are resolved.
Document recurring incidents and known workarounds to build the Command Centre knowledge base.
Log all actions taken during incidents for post-incident reviews and audit trails.
SLA Tracking and Reporting
Track incident response and resolution times against defined SLAs; flag breaches or at-risk tickets promptly.
Contribute to operational dashboards and shift reports as directed by senior specialists.
Required Qualifications
3–5 years in a Command Centre, NOC, or equivalent 24×7 operations environment.
1–2 years of hands-on exposure to AWS and/or Azure—working familiarity with EC2, VPC, VPN, and IAM basics.
Practical troubleshooting skills across cloud, identity, network, database, and application layers.
Awareness of Kubernetes and containerized workloads sufficient to interpret alerts.
Networking fundamentals—TCP/IP, DNS, DHCP, firewalls, and basic routing.
Familiarity with ITIL concepts (Incident, Problem, Change Management).
Experience with at least one monitoring/alerting tool—PagerDuty, Opsgenie, Datadog, Grafana, CloudWatch, or Azure Monitor.
Clear written and verbal communication skills for shift logs, incident documentation, and escalations.
Preferred Qualifications
ITIL V4 Foundation certification; any AWS or Azure foundational/associate certification.
Experience with Jira Service Management and Confluence.
Basic scripting skills (Bash, Python, or PowerShell) for log analysis or simple automation.
Prior experience in a global, multi-time-zone support environment.
What We Offer
Be part of a greenfield Command Centre build in a high-growth global software company.
Hands-on exposure to a modern multi-cloud tech stack (AWS, Azure, SaaS, enterprise platforms).
Clear growth path—learn from senior specialists and grow into advanced operational roles.
Collaborative, results-oriented culture underpinned by our core values of Winning Attitude, One Team, and Disciplined Execution.
Competitive compensation, benefits, and professional development opportunities.
Additional Information
All your information will be kept confidential according to EEO guidelines.
Learn more about our high-energy, high-performance global team: Work With Us
insightsoftware About Us: Hear From Our Team
Background checks are required for employment with insightsoftware, where permitted by country, state/province.
At insightsoftware, we are committed to equal employment opportunity regardless of race, color, ethnicity, ancestry, religion, national origin, gender, sex, gender identity or expression, sexual orientation, age, citizenship, marital or parental status, disability, veteran status, or other class protected by applicable law. We are proud to be an equal opportunity workplace.
Show more
Show less",Not Applicable,Full-time,Other,Software Development
4436058064,IT Consultant,Runcode Software Solutions,"Hyderabad, Telangana, India",1 month ago,2026-07-05,https://in.linkedin.com/jobs/view/it-consultant-at-runcode-software-solutions-4436058064,"At RunCode, we deliver cutting-edge software solutions to businesses worldwide. With our solutions, we enable companies to optimize their operations and improve efficiency. We are seeking talented individuals with a deep understanding of IT systems and excellent problem-solving skills who can expertly navigate complex technical challenges and provide innovative solutions and advice to our clients.
As an IT Consultant at RunCode, you will be the bridge between our software products and clients’ IT systems. You will provide strategic guidance, implement software solutions, troubleshoot issues, and help clients achieve their business goals using our technology. You will work closely with clients, sales, and development teams to deliver seamless, customized solutions and ensure a high level of customer satisfaction.
Job Type:
Full Time
Job Location:
Hyderabad
Apply for this position
Full Name *
Email *
Phone *
Bio *
Upload CV/Resume *Allowed Type(s): .pdf, .doc, .docx
By using this form you agree with the storage and handling of your data by this website. *
Author
admin
Customer Service Representative
December 23, 2024
Marketing Specialist
December 23, 2024
Show more
Show less",Not Applicable,Full-time,Information Technology,IT Services and IT Consulting
4439069760,Systems Integration Advisor,NTT DATA North America,"Hyderabad, Telangana, India",1 week ago,2026-08-01,https://in.linkedin.com/jobs/view/systems-integration-advisor-at-ntt-data-north-america-4439069760,"Req ID:
343599
NTT DATA strives to hire exceptional, innovative and passionate individuals who want to grow with us. If you want to be part of an inclusive, adaptable, and forward-thinking organization, apply now.
We are currently seeking a Systems Integration Advisor to join our team in Hyderabad, Telangana (IN-TG), India (IN).
Position Description
Seeking an experienced professional to support the migration of Finance and Payroll systems from Infor Lawson to Workday.
5+ years of experience with Lawson Finance and Payroll systems.
3+ years of hands-on Workday implementation and support experience
3+ years experience in data conversion, ETL tools and system integrations.
Strong Knowledge of Finance/Payroll business processes and system configurations.
Strong Collaboration with business stake holders , IT teams and external vendors to ensure smooth transition.
Strong written and verbal communication skills
Strong working knowledge in insurance industry is a plus
Job Duties
Work and support the end-to-end migration of Lawson Finance/Payroll modules to Workday
Perform data extraction, transformation and validation from Lawson to Workday
Collaborate with Finance , Payroll and IT teams to understand current process and map them to Workday capabilities
Work closely with Workday implementation partners and internal teams to design and configure Workday solutions
Develop, document and execute test plans (Unit Testing, integration testing, UAT)
Support integrations between Workday and other enterprise applications like payroll, time tracking etc.
Ensure compliance with data security , governance and audit requirements.
Providing training and knowledge transfer to business users and IT support staff
Troubleshoot migration issues and resolve them.
About NTT DATA
NTT DATA is a $30+ billion business and technology services leader, serving 75% of the Fortune Global 100. We are committed to accelerating client success and positively impacting society through responsible innovation. We are one of the world’s leading AI and digital infrastructure providers, with unmatched capabilities in enterprise-scale AI, cloud, security, connectivity, data centers and application services. Our consulting and industry solutions help organizations and society move confidently and sustainably into the digital future. As a Global Top Employer, we have experts in more than 50 countries. We also offer clients access to a robust ecosystem of innovation centers as well as established and start-up partners. NTT DATA is part of NTT Group, which invests over $3 billion each year in R&D.
Whenever possible, we hire locally to NTT DATA offices or client sites. This ensures we can provide timely and effective support tailored to each client’s needs. While many positions offer remote or hybrid work options, these arrangements are subject to change based on client requirements. For employees near an NTT DATA office or client site, in-office attendance may be required for meetings or events, depending on business needs. At NTT DATA, we are committed to staying flexible and meeting the evolving needs of both our clients and employees. NTT DATA recruiters will never ask for payment or banking information and will only use @nttdata.com and @talent.nttdataservices.com email addresses. If you are requested to provide payment or disclose banking information, please submit a contact us form, https://us.nttdata.com/en/contact-us.
NTT DATA endeavors to make https://us.nttdata.com accessible to any and all users. If you would like to contact us regarding the accessibility of our website or need assistance completing the application process, please contact us at https://us.nttdata.com/en/contact-us.
This contact information is for accommodation requests only and cannot be used to inquire about the status of applications. NTT DATA is an equal opportunity employer. Qualified applicants will receive consideration for employment without regard to race, color, religion, sex, sexual orientation, gender identity, national origin, disability or protected veteran status. For our EEO Policy Statement, please click here. If you'd like more information on your EEO rights under the law, please click here. For Pay Transparency information, please click here.
Show more
Show less",Not Applicable,Full-time,Information Technology,IT Services and IT Consulting
4447983465,Senior Software Consultant,Epiq,"Hyderabad, Telangana, India",6 days ago,2026-08-03,https://in.linkedin.com/jobs/view/senior-software-consultant-at-epiq-4447983465,"At
Epiq
, your work contributes to complex, global legal outcomes. You’ll join a values‑driven community where integrity guides decisions,
relentless service
sets the bar, and we
thrive on big challenges
together. We invest in your growth with enterprise‑wide learning and mobility. We celebrate who you are, and we respect life beyond work with flexibility that’s recognized externally. Enabled by modern platforms and AI,
you’ll do the most meaningful work of your career
and see your impact at scale.
Job Description:
Summary
The CLM Consultant / Configuration Engineer is responsible for configuring and maintaining Contract Lifecycle Management (CLM) environments to meet customer requirements and project specifications. This role involves setting up workflows, templates, roles, and permissions within the CLM platform. The Configuration Engineer will work closely with the Technical Lead, business analysts, and project teams to ensure that CLM configurations are accurately executed and meet business and compliance requirements.
Job Responsibilities:
Configure CLM to meet client specifications, including creating templates, workflows, and approval hierarchies.
Implement roles, permissions, and user access policies in CLM.
Collaborate with business analyst and technical lead to translate business requirements into technical configurations.
Test and validate configurations to ensure they meet functional requirements and provide a seamless user experience.
Troubleshoot configuration issues and work with the Technical Lead to resolve complex problems.
Maintain and update documentation on all configurations, ensuring accuracy and availability for future reference.
Assist in user training and provide post-implementation support as needed.
Qualification / Skills :
Bachelor’s degree in Computer Science, Information Systems, or related field; or equivalent experience.
3+ years of relevant experience configuring contract lifecycle management (CLM) solutions, with a focus on any CLM platform preferred.
Strong understanding of Agiloft CLM’s configuration capabilities, including workflows, templates, and approval processes.
In addition nice to have experience on one or more CLM products such as Ironclad / Conga / DocuSign .
Familiarity with CLM best practices, compliance requirements, and process optimization.
Experience in technical documentation, testing, and validation of configurations.
Strong attention to detail and problem-solving skills, with a focus on customer success.
Good communication skills and the ability to work collaboratively with cross-functional teams.
Competencies
Integrity –
Behaves in an honest, fair, and ethical manner; shows consistency in words and actions; does what she/he commits to doing; respects the confidentiality of information or concerns shared by others; is honest and forthright with people; carries his/her fair share of the workload; takes responsibility for own mistakes.
Client Focus –
Takes action with the clients, both internal and external, and sees their needs as a primary focus; builds a sustaining collaborative and productive relationship with clients; seeks to understand client situations, issues, expectations, etc.; takes appropriate action to meet client needs and address concerns; implements or utilizes methods to monitor and evaluate client feedback.
Results-Driven
– Sets stretch goals for personal and team accomplishment and works tenaciously to achieve those goals; acts with a sense of urgency; takes the initiative on actions; identifies what needs to be done and takes action before being asked; does more than what is normally required in a situation; establishes metrics to monitor progress and measure success; maintains focus by avoiding or overcoming roadblocks.
Entrepreneurial Orientation
– Proposes innovative business opportunities/ideas to customers and business partners; encourages and supports entrepreneurial behavior in others; demonstrates willingness to take calculated risks to achieve business goals.
Decisiveness
– Makes well-informed, effective, and timely decisions even when data is limited, or solutions produce unpleasant consequences; perceives the impact and implications of decisions; can make tough decisions.
Your specific salary will be determined based on several factors:
Location-based market rate for the role
Your abilities in relation to the job specification
Performance during screening and interview
Pay parity with the wider team in the considered location
Further details about the package will be provided during the initial screening call with the Talent Acquisition Team.
Click Here To Learn About Epiq's Benefits.
Epiq Leadership Compass
Fosters Relationships & Collaboration
Builds trust and alignment through open communication, shared goals, and strong partnerships to drive collective success.
Build trust-based partnerships
Nurture long-term relationships
Remove collaboration barriers
Celebrate cross-team success
Engages & Influences
Inspires action and alignment through clear communication, purposeful influence, and a compelling vision.
Use storytelling to build buy-in
Align communication with organizational goals
Guild alignment through strong engagement
Maximizes Performance
Sets and reinforces performance standards that drive results, ensure accountability, and align with Epiq’s goals.
Use data to identify improvement opportunities
Make informed decisions
Align team goals with boarder strategy
Empower teams to manage their own goals
Translate vision into clear priorities
Prepare for disruptions with strong change management
Achieves Operational Success
Drives continuous improvement and operational excellence through smart processes, data insights, and quality execution.
Improve workflows for team efficiency
Use clear documentation and expectations
Resolve issues quickly using data and feedback
It is Epiq’s policy to comply with all applicable equal employment opportunity laws by making all employment decisions without unlawful regard or consideration of any individual’s race, religion, ethnicity, color, sex, sexual orientation, gender identity or expressions, transgender status, sexual and other reproductive health decisions, marital status, age, national origin, genetic information, ancestry, citizenship, physical or mental disability, veteran or family status or any other basis protected by applicable national, federal, state, provincial or local law. Epiq’s policy prohibits unlawful discrimination based on any of these impermissible bases, as well as any bases or grounds protected by applicable law in each jurisdiction. In addition Epiq will take affirmative action for minorities, women, covered veterans and individuals with disabilities. If you need assistance or an accommodation during the application process because of a disability, it is available upon request. Epiq is pleased to provide such assistance and no applicant will be penalized as a result of such a request. Pursuant to relevant law, where applicable, Epiq will consider for employment qualified applicants with arrest and conviction records.
Show more
Show less",Not Applicable,Full-time,Engineering and Information Technology,Law Practice
4448209127,"Technical Solutions Consultant, PDM-PLM",Google,"Hyderabad, Telangana, India",6 days ago,2026-08-03,https://in.linkedin.com/jobs/view/technical-solutions-consultant-pdm-plm-at-google-4448209127,"Note: By applying to this position you will have an opportunity to share your preferred working location from the following:
Bengaluru, Karnataka, India; Hyderabad, Telangana, India
.
Minimum qualifications:
Bachelor’s degree or equivalent practical experience.
3 years of experience troubleshooting technical issues for internal/external partners or customers.
Experience in either system design or reading code (e.g., Java, C++, Python).
Preferred qualifications:
Master’s degree in Engineering, Computer Science, Business, or related field.
5 years of Siemens teamcenter experience and 1 year of experience in technical leadership.
Proficient in ITK, Java, ReactJS, JavaScript, with experience in developing extensions, workflow handlers, and services.
In-depth knowledge of PLM servers/APIs, RDBMS, and infrastructure scaling frameworks, and adept at navigating ambiguity, fostering creativity, and driving operational efficiency.
Strong problem-solving, leadership, and communication skills for effective global team collaboration.
Expertise in cloud platforms, preferably Google Cloud Platform (GCP), for deploying and scaling PLM solutions.
About The Job
As a Technical Solutions Consultant, you will be responsible for the technical relationship of our largest advertising clients and/or product partners. You will lead cross-functional teams in Engineering, Sales and Product Management to leverage emerging technologies for our external clients/partners. From concept design and testing to data analysis and support, you will oversee the technical execution and business operations of Google's online advertising platforms and/or product partnerships.
You will be able to balance business and partner needs with technical constraints, develop innovative, cutting edge solutions and act as a partner and consultant to those you are working with. You will also be able to build tools and automate products, oversee the technical execution and business operations of Google's partnerships, as well as develop product strategy and prioritize projects and resources.
As a Technical Solution Consultant you will help refine and grow the capabilities of current Product Data Management (PDM) and Product Lifecycle Management (PLM) systems, driving continuous improvement to meet our engineering needs. You will design, develop and sustain Product Lifecycle Management (PLM), New Product Introduction (NPI) and supply chain related application systems.
In this role, you will also promote best practices and internal business processes. You will be responsive and able to adapt quickly to succeed within an open collaborative peer environment. You will work in a data driven environment, have a desire to drive change, and are excited by the opportunity to analyze systematic issues and implement solutions to challenging problems.
Google's mission is to organize the world's information and make it universally accessible and useful. Our Devices & Services team combines the best of Google AI, Software, and Hardware to create radically helpful experiences for users. We research, design, and develop new technologies and hardware to make our user's interaction with computing faster, seamless, and more powerful. Whether finding new ways to capture and sense the world around us, advancing form factors, or improving interaction methods, the Devices & Services team is making people's lives better through technology.
Responsibilities
Architect and optimize Siemens team center solutions, managing the configuration, installation, maintenance, and ongoing support of teamcenter PLM application, including integrations with CAD applications.
Manage, optimize and support cloud infrastructure for teamcenter, leveraging GCP technologies to ensure scalability, high availability, and security compliance.
Collaborate with global teams to deliver tailored solutions, providing implementation and configuration expertise.
Design robust application architectures, including microservices and scalable frameworks, while aligning with development best practices.
Author and review technical documentation, drive design/code reviews, and identify opportunities to enhance functionality with cloud technologies.
Google is proud to be an equal opportunity workplace and is an affirmative action employer. We are committed to equal employment opportunity regardless of race, color, ancestry, religion, sex, national origin, sexual orientation, age, citizenship, marital status, disability, gender identity or Veteran status. We also consider qualified applicants regardless of criminal histories, consistent with legal requirements. See also Google's EEO Policy and EEO is the Law. If you have a disability or special need that requires accommodation, please let us know by completing our Accommodations for Applicants form .
Show more
Show less",Not Applicable,Full-time,"Project Management, Consulting, and Engineering","Information Services and Technology, Information and Internet"
4444349083,Pre-Sales Consultant,P99SOFT,"Hyderabad, Telangana, India",2 weeks ago,2026-07-24,https://in.linkedin.com/jobs/view/pre-sales-consultant-at-p99soft-4444349083,"Job Title: Pre-Sales Consultant
Experience:
4–8 Years
Location:
Hyderabad
Employment Type:
Full-Time
About The Role
P99Soft is looking for a highly motivated
Pre-Sales Consultant
to support the sales cycle by qualifying opportunities, conducting customer discovery, coordinating solution development, and preparing compelling proposals. The role acts as a bridge between
Sales, SDRs, Solution Architects, Practice Heads, Marketing, Delivery, Partnerships, and Leadership
to ensure qualified opportunities progress efficiently through the sales pipeline. The ideal candidate should possess strong business analysis, stakeholder management, solution coordination, and proposal development skills, with experience supporting enterprise sales engagements.
Key Responsibilities
Lead Qualification & Opportunity Management
Review and qualify leads generated through SDRs, Marketing, Partners, Referrals, and Founder-led initiatives.
Conduct account, industry, competitor, and stakeholder research before discovery sessions.
Understand customer business challenges, technology landscape, buying intent, and commercial priorities.
Prepare discovery questions, document customer requirements, timelines, decision-makers, and business objectives.
Coordinate follow-up activities, maintain CRM updates, and recommend whether opportunities should be progressed, nurtured, or disqualified based on qualification criteria.
Solution Development & Proposal Management
Collaborate with Solution Architects and Practice Heads to develop customer-specific solution strategies.
Coordinate technical discovery workshops and solution discussions.
Prepare and manage proposals, solution presentations, scope documents, capability responses, and pre-sales collateral.
Ensure proposals clearly communicate customer challenges, proposed solutions, business outcomes, scope, assumptions, and next steps.
Maintain reusable proposal templates, case studies, solution narratives, and capability documents.
Sales, Marketing & GTM Collaboration
Partner with SDRs to improve lead quality and qualification processes.
Support Marketing with campaign feedback, webinar follow-ups, customer insights, and lead prioritization.
Prepare customer briefs and account insights for Sales Leadership and executive meetings.
Identify recurring customer requirements, objections, market trends, and competitive insights to strengthen Go-to-Market (GTM) strategies.
Work closely with partner teams to support partner-generated opportunities and improve opportunity progression.
Pipeline Management & Governance
Track opportunity stages, proposal timelines, technical dependencies, and customer follow-ups.
Maintain CRM accuracy, sales documentation, action trackers, and opportunity records.
Monitor proposal status, identify bottlenecks, escalate delays, and provide regular pipeline updates.
Support sales forecasting by ensuring accurate opportunity tracking and reporting.
Analyze proposal conversion, opportunity progression, and loss reasons to improve pre-sales effectiveness.
Required Skills
Pre-Sales Consulting
Solution Consulting
Lead Qualification
Opportunity Management
Customer Discovery
Business Analysis
Requirement Gathering
Account Research
Stakeholder Management
Proposal Development
Solution Design Coordination
Sales Enablement
CRM Management
Pipeline Management
GTM (Go-to-Market) Support
Technical Documentation
Solution Presentations
Customer Engagement
Commercial Awareness
Analytical & Problem-Solving Skills
Communication & Presentation Skills
Cross-functional Collaboration
Time Management
Documentation & Reporting
Preferred Experience
4–8 years of experience in Pre-Sales, Solution Consulting, IT Services, Digital Engineering, Cloud, Data & AI, SaaS, or Enterprise Solutions.
Experience collaborating with Sales, SDRs, Solution Architects, Practice Heads, Marketing, Delivery, Partnerships, and Leadership.
Strong understanding of enterprise sales cycles, customer discovery, solution development, proposal management, and CRM tools.
Ability to manage multiple opportunities, coordinate cross-functional teams, and support strategic customer engagements.
Key Performance Indicators (KPIs)
Lead Qualification & Opportunity Progression
Proposal Conversion Rate
Proposal Turnaround Time
Solution Readiness
Opportunity Quality
Marketing Lead Conversion
Sales Enablement
CRM Accuracy & Documentation
Pipeline Visibility & Forecast Accuracy
Customer & Market Insights
GTM Collaboration & Pre-Sales Effectiveness
P99soft is an equal-opportunity employer
P99soft is an equal-opportunity employer. At P99soft, we are committed to providing equal employment opportunities regardless of job history, disability, gender identity, religion, race, color, caste, marital/parental status, veteran status, or any other special status. We stand against the discrimination of employees and individuals and are proud to be an equitable workplace that welcomes individuals from all walks of life if they fit the designated roles and responsibilities.
Life@P99soft
At P99soft, we believe in creating a work environment that balances professional excellence with personal well-being. Our vibrant office culture is built on mutual respect, inclusivity, and a shared passion for innovation. We host regular team-building activities, workshops, and social events to foster a sense of community and collaboration among our employees. Join us and be part of a team that values your contributions and supports your growth
About Us
P99soft is a leading IT Services and IT Consulting company dedicated to making our customers' business operations seamless by providing them with digital services and applications using the latest technologies. We are committed to bringing excellence to all our creations. We need passion, empathy, and being customer-focused to achieve technical excellence. We believe in transparency through open communication and work with honesty and integrity while dealing with our customers and partners.
Our Vision:
“To lead digital transformation for our customers, delighting them at every step, while empowering our employees and fostering success.”
Our Mission:
“To attain our objectives within a framework of integrity, transparency, and respect for our clients, employees, partners, and the community, fostering mutual trust and sustainable growth.”
Journey towards digital transformations begins here. Our talented teams help you make informed decisions, enhance operation efficiencies, create state-of-the-art visual interfaces, and design dynamic workflows to bring a better customer experience. Our engineering teams take complete ownership of assigning the right talent and architecting solutions using the latest technologies.
Show more
Show less",Mid-Senior level,Full-time,Sales,IT Services and IT Consulting
4448396543,Kneat Admin/Consultant,NTT DATA North America,"Hyderabad, Telangana, India",6 days ago,2026-08-03,https://in.linkedin.com/jobs/view/kneat-admin-consultant-at-ntt-data-north-america-4448396543,"Req ID:
380775
NTT DATA strives to hire exceptional, innovative and passionate individuals who want to grow with us. If you want to be part of an inclusive, adaptable, and forward-thinking organization, apply now.
We are currently seeking a Kneat Admin/Consultant to join our team in Hyderabad, Telangana (IN-TG), India (IN).
Required Skills
Strong understanding of regulated GxP/GMP environments and controlled system operations.
Experience supporting validation platforms, digital quality systems, or comparable enterprise/business applications.
Knowledge of platform governance (Kneat platform), application administration, service management, change management, incident management, and audit readiness.
Experience coordinating platform upgrades, patches, and releases in a controlled environment.
Familiarity with user access management and compliance-driven operational processes.
Strong stakeholder management, communication, and coordination skills.
Ability to work with cross-functional IT, business, and vendor teams.
Experience supporting audit and inspection activities, including documentation and compliance requirements.
Analytical mindset with the ability to track operational performance, incidents, and service trends.
Job Responsibilities
Manage and oversee platform governance and operational controls to ensure stable and compliant system operations.
Provide administration oversight, including access management, configuration monitoring, and operational continuity.
Perform user management activities such as user onboarding, role/access modifications, and deactivation of user accounts.
Coordinate platform patching, upgrades, and release activities with vendors and internal stakeholders.
Raise and track change requests, tickets, and approvals required for implementation activities.
Monitor service levels and support operations, ensuring timely issue resolution and escalation management.
Track and manage incidents, user requests, operational risks, deviations, and corrective actions.
Support audit and inspection readiness by maintaining required documentation and ensuring adherence to controlled processes.
Collaborate with IT and business stakeholders on platform changes, compliance requirements, risk management, and periodic reviews.
Prepare and maintain operational reports, governance updates, and platform health metrics.
Drive continuous improvement initiatives through analysis of service trends and operational performance data.
Ensure platform operations align with business objectives, compliance expectations, and established support processes.
About NTT DATA
NTT DATA is a $30 billion business and technology services leader, serving 75% of the Fortune Global 100. We are committed to accelerating client success and positively impacting society through responsible innovation. We are one of the world's leading AI and digital infrastructure providers, with unmatched capabilities in enterprise-scale AI, cloud, security, connectivity, data centers and application services. our consulting and Industry solutions help organizations and society move confidently and sustainably into the digital future. As a Global Top Employer, we have experts in more than 50 countries. We also offer clients access to a robust ecosystem of innovation centers as well as established and start-up partners. NTT DATA is a part of NTT Group, which invests over $3 billion each year in R&D.
Whenever possible, we hire locally to NTT DATA offices or client sites. This ensures we can provide timely and effective support tailored to each client’s needs. While many positions offer remote or hybrid work options, these arrangements are subject to change based on client requirements. For employees near an NTT DATA office or client site, in-office attendance may be required for meetings or events, depending on business needs. At NTT DATA, we are committed to staying flexible and meeting the evolving needs of both our clients and employees. NTT DATA recruiters will never ask for payment or banking information and will only use @nttdata.com, @nttdatafed.com and @talent.nttdataservices.com email addresses. If you are requested to provide payment or disclose banking information, please submit a contact us form, https://us.nttdata.com/en/contact-us.
NTT DATA endeavors to make https://us.nttdata.com accessible to any and all users. If you would like to contact us regarding the accessibility of our website or need assistance completing the application process, please contact us at https://us.nttdata.com/en/contact-us.
This contact information is for accommodation requests only and cannot be used to inquire about the status of applications. NTT DATA is an equal opportunity employer. Qualified applicants will receive consideration for employment without regard to race, color, religion, sex, sexual orientation, gender identity, national origin, disability or protected veteran status. For our EEO Policy Statement, please click here. If you'd like more information on your EEO rights under the law, please click here. For Pay Transparency information, please click here.
Show more
Show less",Not Applicable,Full-time,Management and Manufacturing,IT Services and IT Consulting
4447968069,Senior Consultant AIM,AVEVA,"Hyderabad, Telangana, India",6 days ago,2026-08-03,https://in.linkedin.com/jobs/view/senior-consultant-aim-at-aveva-4447968069,"AVEVA is creating software trusted by over 90% of leading industrial companies.
Looking for Sr AIM Consultant to join Delivery Team in AVEVA , India.
You will be involved in implementing projects in Information Management / Digital twin domain for customers.
Senior AIM Consultant is responsible for working as part of a team that delivers and supports software implementations, which meet our customer’s requirements using AVEVA AIM (Asset Information Management) or any other similar software.
Responsibilities:
Configure projects in Information management / AIM
Training of key users
Customer Interaction to understand their business processes
System integration to 3’rd party systems or other in-house system
Migration of legacy data
Knowledge, Skills and Experience required:
Master’s / Bachelor’s degree either in Computer Sciences or Engineering
A minimum of 10 years of experience in the implementation of information management solutions to plant operation (OO) and engineering design companies (EPC)
Knowledge of O&G Plant Engineering and Operations (Process, Maintenance, Safety etc.) Digital Twin covering complete life cycle of the plant.
Experience in Conducting requirement gathering and design sessions
Conduct User Acceptance test
Business Analysis skills and project coordination/management
Proven experience of AVEVA products, primarily in AVEVA NET (AIM) or similar technologies
Demonstrates a sound background in several of the following: C#, .NET framework, JavaScript, XML, PowerShell, SQL, SSRS/SSIS, MS Office tools.
Working knowledge of CAD file formats such as PDMS/DGN/DWG/PDS/SmartPlant authoring Apps would be an advantage
Be able to work with members of product development and sales managers to develop solution positioning and client support
Good verbal and written communication skills in English. Demonstrates sound presentation skills, creates concise and clear documentation.
Knowledge about basic Network, Windows Server, Cloud, DB, Oracle, SQL server etc.
India Benefits include:
Gratuity, Medical and accidental insurance, very attractive leave entitlement, emergency leave days, childcare support, maternity, paternity and adoption leaves, education assistance program, home office set up support (for hybrid roles), well-being support
It’s possible we’re hiring for this position in multiple countries, in which case the above benefits apply to the primary location. Specific benefits vary by country, but our packages are similarly comprehensive.
Find out more: aveva.com/en/about/careers/benefits/
Hybrid working
We work in a hybrid way at AVEVA. Most roles are based at a local AVEVA office, with an expectation of being on-site 50% of your working hours to support collaboration and connection. Some positions are fully office-based depending on the nature of the work, and certain roles that support specific customers or markets may be remote. The working arrangement for this position will be confirmed during the hiring process.
Hiring process
Interested? Great! Get started by submitting your cover letter and CV through our application portal. AVEVA is committed to recruiting and retaining people with disabilities. Please let us know in advance if you need reasonable support during your application process.
Find out more: aveva.com/en/about/careers/hiring-process
About AVEVA
AVEVA is a global leader in industrial software with more than 6,500 employees in over 40 countries. Our cutting-edge solutions are used by thousands of enterprises to deliver the essentials of life – such as energy, infrastructure, chemicals, and minerals – safely, efficiently, and more sustainably.
We are committed to embedding sustainability and inclusion into our operations, our culture, and our core business strategy. Learn more about how we are progressing against our ambitious 2030 targets: sustainability-report.aveva.com/
Find out more: aveva.com/en/about/careers/
AVEVA requires all successful applicants to undergo and pass a drug screening and comprehensive background check before they start employment. Background checks will be conducted in accordance with local laws and may, subject to those laws, include proof of educational attainment, employment history verification, proof of work authorization, criminal records, identity verification, credit check. Certain positions dealing with sensitive and/or third-party personal data may involve additional background check criteria.
AVEVA is an Equal Opportunity Employer. We are committed to being an exemplary employer with an inclusive culture, developing a workplace environment where all our employees are treated with dignity and respect. We value diversity and the expertise that people from different backgrounds bring to our business. AVEVA provides reasonable accommodation to applicants with disabilities where appropriate. If you need reasonable accommodation for any part of the application and hiring process, please notify your recruiter. Determinations on requests for reasonable accommodation will be made on a case-by-case basis.
Show more
Show less",Not Applicable,Full-time,"Consulting, Information Technology, and Sales",Software Development
4445599234,SAP ILM Consultant,HCLTech,"Hyderabad, Telangana, India",1 week ago,2026-08-01,https://in.linkedin.com/jobs/view/sap-ilm-consultant-at-hcltech-4445599234,"Greetings from HCLTech
Job Title: SAP ILM Consultant
Experience: 5+ years
Location: PAN India
Job Description:
Design and develop SAP Information Lifecycle Management (ILM) solutions for BRIM archiving requirements.
Configure and manage ILM policies, retention rules, and variants aligned with business and legal compliance needs.
Implement archiving and deletion frameworks for BRIM‑related data objects in SAP.
Support historical data handling and migration activities related to archiving initiatives.
Perform data validation and reconciliation post‑archiving or migration.
Support SIT and UAT testing for ILM and archiving scenarios, including defect analysis and fix validation.
Collaborate with functional, Basis, and testing teams to ensure smooth execution of ILM jobs and archiving cycles.
Monitor and support ILM job execution, scheduling, and issue resolution in coordination with Basis teams.
Prepare technical documentation, configuration details, and KT artifacts.
Support go‑live and post‑go‑live stabilization activities.
Show more
Show less",Mid-Senior level,Full-time,Information Technology,Information Services
4443959821,Senior ServiceNow Consultant,INRY,"Hyderabad, Telangana, India",2 weeks ago,2026-07-22,https://in.linkedin.com/jobs/view/senior-servicenow-consultant-at-inry-4443959821,"Cprime is an AI-first, human-centered partner, combining strategic consulting with industry-leading platforms to drive innovation, enhance efficiency, and shift enterprise toward AI native thinking.  Founded in 2003 and headquartered in the US, our clients span the globe and include more than 300 of the Fortune 500 companies.  We bring deep expertise across Atlassian, IBM Apptio, ServiceNow, cloud, data, and enterprise agility to enable intelligent enterprises where people and AI orchestrate as one.
What We Believe In
At Cprime we believe in facilitating social justice action internally, in industry, and within our communities. We believe part of our mission is to expand the minds, hearts, and opportunities of our Cprime teammates and within the broader community to include those who have been historically marginalized.
Equal Employment Opportunity Statement
Cprime is an equal-opportunity employer that is committed to diversity and inclusion in the workplace. All qualified applicants will receive consideration for employment without regard to race, color, religion, sex, national origin, disability status, protected veteran status, or any other characteristic protected by federal, state, or local laws.
Show more
Show less",Not Applicable,Full-time,Engineering and Information Technology,"Business Consulting and Services, IT Services and IT Consulting, and Professional Training and Coaching"
4435510881,Value Consultant,HighRadius,"Hyderabad, Telangana, India",1 month ago,2026-07-01,https://in.linkedin.com/jobs/view/value-consultant-at-highradius-4435510881,"About Us
HighRadius provides a single Agentic AI platform for the Office of the CFO. It integrates 180+ agents that orchestrate end-to-end processes across Order-to-Cash, Close & Reconciliation, Consolidation & Reporting, Accounts Payable, B2B Payments, and Treasury. HighRadius guarantees operational KPI improvements by mapping them to specific agents on the platform. With a 3-6 month go-live period, HighRadius drives value creation at 1300+ enterprises such as 3M, Unilever, Bristol-Myers Squibb Company, Red Bull, Lufthansa, and more. HighRadius has been consistently recognized as a market leader by Gartner, IDC, and Forrester..
Job Summary
The Value Consultant at HighRadius is a high-impact, analytical role dedicated to the post-implementation phase. Your primary objective is to drive Value Creation by conducting proactive ""Health Checks"" on Fortune 1000 client accounts. You will identify systemic automation bottlenecks, quantify the business impact of underperforming metrics, and execute configuration changes to return ""Red"" status accounts to peak performance.
Core Responsibilities
Value Identification & Health Checks
Proactive Monitoring: Analyze the Value Dashboard to identify ""Red"" accounts (automation drops >20%) and prioritize them based on Value360 stats, churn risk, or NPS.
Diagnostic Deep-Dives: Lead technical health checks to identify top categories for automation improvement across simple (Single ERP) and complex (Multi-ERP/IR) environments.
Impact Modeling: Quantify the business impact and ROI of proposed improvements, providing effort estimations for project execution.
Client Engagement & Strategy
Strategic Representation: Develop and present data-driven decks to clients highlighting performance gaps and ""To-Be"" automation targets.
Commercial Alignment (VC3): Lead interactions regarding Business Cases, price alignment, and ROI presentations to executive stakeholders.
Stakeholder Management: Act as the primary consultant for the client during optimization, ensuring all ""delta changes"" align with their business objectives and managing any escalations.
Technical Execution & Deployment
Rule Configuration: Design, configure, and validate automation logic and rules within the client environment to solve systemic delivery issues.
UAT & Enablement: Lead the User Acceptance Testing (UAT) process, configure rules, and get client sign-off. Oversee final training execution for strategic accounts.
Production Deployment: Clone Logical Function Units (LFUs) and validated rules to the Production environment once approved.
Project Governance & Operations
Internal Collaboration: Partner with Product, Technical Consultants (TC), and Data & Technology Associates (DTA) to manage dependencies and secure signed Change Orders (COs).
Project Oversight: Initialize and manage projects in RocketLane, ensuring value improvement is delivered within defined timelines and quality standards.
Requirements & Competencies
Education: Bachelor’s or Master’s degree from a premier institute (IIT/NIT/BITS or equivalent) preferred.
Experience: 1–6 years in Professional Services or Consulting.
Analytical Rigor: Exceptional ability to translate complex data sets and ""Red"" metrics into clear, actionable technical configuration strategies.
Technical Toolkit: Proficiency in SQL, Advanced Excel, and Project Management tools (e.g., RocketLane).
Communication: Strong ability to build rapport and influence senior stakeholders across North America and Europe.
Domain Expertise: Understanding of Finance/Accounting workflows (Order-to-Cash, AP, or Treasury) is a significant advantage.
Value Creation Framework (The Process)
Identification: Use Value360 stats (Proactive), Client Temperature/NPS (Reactive), or DTA/TAM inputs (Requested).
Alignment: Secure initial client buy-in for a diagnostic deep-dive.
The Health Check: Technical audit of current system configurations.
Project Creation: Formalize findings into a RocketLane project.
Execution: Rule configuration, UAT, and Production Go-Live.
What You’ll Get
Competitive salary.
Fun-filled work culture (https://www.highradius.com/culture/)
Equal employment opportunities.
Opportunity to build with a pre-IPO Global SaaS Centaur.
Show more
Show less",Not Applicable,Full-time,Project Management and Consulting,Software Development
4448867538,Architect - Infra,Microsoft,"Hyderabad, Telangana, India",5 days ago,2026-08-04,https://in.linkedin.com/jobs/view/architect-infra-at-microsoft-4448867538,"Overview
Microsoft Industry Solutions Delivery (ISD) is a global organization hosting over 6,000 strategic sellers, industry and security experts, elite engineers, world-class data scientists and architects, consultants, and delivery specialists. Together with our partners, we help Microsoft’s most strategic customers worldwide to address their specific challenges and provide comprehensive and industry-specific solutions that meet their unique needs. ISD is at the forefront of innovation, driving value across the entirety of the customers’ digital and AI transformation journey through repeatable and customized cutting-edge solutions through strategic engagements with customers across the globe powered by Microsoft Cloud and AI.
Responsibilities
Understanding Customer/Partner Technical Environment
Gathers customer/partner insights from a broad range of stakeholders as well as the main business sponsor to shape and form both the definition and ongoing execution of projects. Identifies and evaluates industry trends (customer industry verticals, information technology [IT] industry). Adapts business models, plans, and solutions to insights.
Works with customer/partner stakeholders (e.g., Enterprise Architects, Security Team, Development Team, Operations Team) and business sponsor to socialize both the business solution and the project approach to determine if changes are needed to the business solution. Where the cost of change is accepted by the customer, shares this feedback with the project team and the broader account team to make the necessary adjustments using mechanisms such as updating the solution approach and projected costs in presales and change requests in delivery. Contributes to Microsoft-centric operations and cadences to align with customer feedback.
Uses evidence-based approach to represent the customer/partner as a customer advocate and shares insights with Product Engineering teams and the business with a view to improving Microsoft technologies, products, services, and offerings such that they can better meet customer/partner needs across a territory.
Architecture Design and Deployment
Leverages a structured approach to Architecture Projects using existing methodologies (e.g., Waterfall, Agile, Iterative) that make use of existing reference architecture and established architectural styles and design patterns. Proposes and develops new solutions to scale across multiple customers/partners. Builds and maintains an architecture description document, an architecture decisions log, and a requirements/constraints traceability matrix to ensure the rationale for the business solution's Architecture is known and understood.
Defines and documents the architecture through an architecture description document, an architecture decisions log, and a requirements/constraints traceability matrix to communicate the value proposition of the business solution along with the project approach. Leads complex cost-based and technology-based discussions to explain the Architecture in terms of its build, deployment, and ongoing operational use to determine customer appetite for the business solution. Uses a business-value approach that values return on investment (ROI) and customer costs-savings over technical ease of execution.
Collaborates with the Project Manager to jointly drive project/technical governance of the design, build, and deployment into use of proof of concepts (POCs) and pilots, using enterprise architecture processes and ensuring quality control through peer review. Works with customers to understand and demonstrate business value (e.g., release of revenue, cost savings) that the business solution realize.
Works with the business sponsor and customer/partner stakeholders (e.g., Business users, Enterprise Architects, Security Team, Operations Team) to gather and ratify requirements and constraints. Manages and resolves complex ambiguity in the requirements and constraints and documents assumptions and implications where it cannot be resolved. Maintains the requirements/constraints traceability matrix to prove that solution components have a rationale/justification for inclusion in the architecture of the business solution. Drives development and execution of test plans to prove that each requirement/constraint has been implemented as expected by the customer. Where there are defects, works in close collaboration with the Project Manager and Customer to redress or accept and document the status of the test results.
Collaborates with the Account Team and/or Bid Team to understand the business solution/problem. Drives agreement, based on the customer’s priorities, requirements/constraints, approach, principles, concepts, and expectations. Builds and documents a realistically costed, advanced/complex Solution Approach with traceability of requirements, constraints, decisions, and tradeoffs that balances risk, technical credibility, and technical innovation to meet customer need, predominantly based on existing solution offerings and/or reference architecture. Jointly leads the implementation in close partnership with the Project Manager. Leads oversight and governance and establishment of quality practices and standards to realize the business solution. Uses a cohesive build methodology with an agreed release schedule and timeline so the solution can be transitioned to live operations, leveraging solution expertise. Ensures communication of and adherence to the pre-sales value proposition. Works with the Project Manager to highlight where assumptions have proven false. Uses change requests to modify the Solution/project approach when needed. As needed, collaborates with subject matter experts to receive specialized advice that can help define the Solution and project approach and increase the time to value for the customer.
Anticipates and identifies scenarios that could slow or impede pre-sales/delivery. Orchestrates the broader Microsoft team to address technical blockers and works with account/project team to resolve non-technical issues. Reports significant problems to Microsoft management and resolves escalations when needed. Plans a way forward in complex and ambiguous situations with an innovative approach and durable design. Delegates and leverages specialist skills of others to drive technical alignment across internal/external teams. Coordinates disparate approaches into a single plan of action for complex scenarios.
Works in close collaboration with the Project Manager and Account Team to identify, categorize, and communicate business and technical risks. Defines risk mitigation activities that are foundational to the project plan. Defines risk contingency plans for invocation should the risk occur. When appropriate, oversees a broad portfolio of accounts. Manages and ensures the all-up delivery of consulting engagements, as necessary.
Practice Development
Generates new and/or improvements to existing intellectual property. Connects gaps and patterns across business and technology areas to drive changes. Identifies which ideas should be culled, with consideration for scale across customers. Drives the re-use of intellectual property and recommends practices in both pre-sales and delivery. Participates and contributes to internal/external communities.
Trusted Advisor
Develops a network of internal/external relationships with senior-level decision makers to build influence in addressing problems/blockers and facilitating additional views on the matter of interest. Acts as an advisor to external stakeholders. Provides direction to facilitate relationships between others. Stays up to date on Microsoft’s technologies, products, and services in order to communicate Microsoft's mission, strategy, and capabilities. When appropriate, develops a strategic relationship with key stakeholders within the customer portfolio, often as part of a steering committee, to ensure service delivery is on track and major issues are being anticipated, identified, and managed.
Uses evidence-based arguments that articulate complex concepts in a simple manner to respectfully challenge Microsoft and customers/partners when a decision or course of action will not produce optimal results. Leverages strategic expertise to encourage alternative approaches where applicable. Serves as the ""technical conscience"" to challenge the status quo and unrealistic expectations. Proactively resolves conflicts and seeks resolution to balance the overall outcome. Drives consensus where possible and leads decisions to resolve conflict when needed.
Leads the adoption of Microsoft solutions technologies based on understanding of competitor solutions and how customer business value can be driven through Microsoft's offerings. Differentiates Microsoft's solutions in customer/partner conversations to influence the industry-wide direction for specific architecture(s).
Thought Leadership
Leads virtual teams around technologies and customer/partner challenges by sharing ideas, insight, and strategic, technical input with technical teams, internal communities across the field, and the larger virtual team across Microsoft using knowledge of Microsoft architectures and their context in the competitive landscape.
Participates in external architect community events (e.g., conferences, seminars, technical meetups, Webcasts, blogs, hackathons) and shares learnings with internal team. Acts a mentor to less experienced colleagues by educating them on technical and non-technical concepts and sharing best practices. Demonstrates deep industry knowledge and drives recognition for Microsoft solutions through presentations and engagements with external audiences.
Other
Embody our culture and values
Qualifications
Bachelor’s degree (or equivalent work experience) relevant to Information Technology, Computer Science/Engineering.
At least 12-14+ years related IT experience with Solution Architecture having experience in enterprise-scale technical experience with cloud and hybrid infrastructures, architecture designs, database migrations, and technology management.
Work experience should involve pre-sales support on large deals in technical consulting, solution design of complex solutions, project envisioning, planning, development, deployment, and Team management.
Must have a proven record of delivering business value and proven trust-relationships with CxO, ITDM, BDM
The job may require travel.
Fluent English verbal and written communications skills are a must.
Microsoft is an equal opportunity employer. All qualified applicants will receive consideration for employment without regard to age, ancestry, color, family or medical care leave, gender identity or expression, genetic information, marital status, medical condition, national origin, physical or mental disability, political affiliation, protected veteran status, race, religion, sex (including pregnancy), sexual orientation, or any other characteristic protected by applicable laws, regulations and ordinances. We also consider qualified applicants regardless of criminal histories, consistent with legal requirements. If you need assistance and/or a reasonable accommodation due to a disability during the application or the recruiting process, please send a request via the Accommodation request form.Benefits/perks listed below may vary depending on the nature of your employment with Microsoft and the country where you work.
#GCID
This position will be open for a minimum of 5 days, with applications accepted on an ongoing basis until the position is filled.
Microsoft is an equal opportunity employer. All qualified applicants will receive consideration for employment without regard to age, ancestry, citizenship, color, family or medical care leave, gender identity or expression, genetic information, immigration status, marital status, medical condition, national origin, physical or mental disability, political affiliation, protected veteran or military status, race, ethnicity, religion, sex (including pregnancy), sexual orientation, or any other characteristic protected by applicable local laws, regulations and ordinances. If you need assistance with religious accommodations and/or a reasonable accommodation due to a disability during the application process, read more about
requesting accommodations.
Show more
Show less",Not Applicable,Full-time,Consulting,Software Development
4439086869,Product Architect - Appian & AWS,Vanguard,"Hyderabad, Telangana, India",3 weeks ago,2026-07-14,https://in.linkedin.com/jobs/view/product-architect-appian-aws-at-vanguard-4439086869,"Works closely with product owner(s) and product team(s) in the definition of roadmaps and architectures for a product or product family, according to business strategies and enterprise architecture
About Vanguard
Founded in 1975, Vanguard is one of the world's leading investment management companies. The firm offers investments, advice, and retirement services to tens of millions of individual investors around the globe—directly, through workplace plans, and through financial intermediaries.
Vanguard’s India Office
Vanguard’s office in India is a significant milestone in our global expansion. We are committed to establishing an enduring technology center in Hyderabad, Telangana and are excited to be adding talent who will focus on Artificial Intelligence (AI), mobile, and cloud-based technologies that drive our business outcomes and deliver a world-class experience for our clients.
Role Summary
This role works closely with product owners and teams to define roadmaps and architectures aligned with business strategies, while leading scalable system design, SDLC oversight, and architectural alignment across advisory platforms.
Responsibilites
Owns the ongoing product roadmaps and architecture, according to business strategies and enterprise architecture.
Collaborates with the broader architecture community to ensure that their products align with target architectures and technology roadmaps and provides input on required platform capabilities and improving development tools/processes.
Works with other product teams, technology experts, and business stakeholders to provide functional support.
Assists in the evaluation of vendors and products and participates in build vs. buy discussions with the product teams.
Acts as highest-level technical expert, resolving issues, assessing any potential risks and identifying solutions.
Provides technical guidance to product team(s) as appropriate.
Performs feasibility analysis on potential future projects.
Assists in the development of and management of architecture governance process(es).
Tracks industry trends and maintains knowledge of new technologies.
Prepares and presents product-related documentation.
Mentors less experienced crew members and contributes to overall development of the organization.
Participates in special projects and performs other duties as assigned.
Leads the design and review of scalable system architectures, APIs, and data models tailored to the advisory platforms.
Provides architectural oversight throughout the Software Development Life Cycle (SDLC), ensuring consistent quality from ideation through deployment.
Supports alignment and reuse of architecture across multiple products and platforms to ensure cohesive user and technical experiences.
Partners with product managers to prioritize architectural features and address technical doubt.
Qualifications And Skills
Minimum 8+ years of related work experience, with at least 3 years as a technology architect designing and implementing enterprise solutions.
Bachelor’s degree (B.E./B.Tech) in Computer Science or IT, or Bachelor’s in Computer Applications (BCA) from a recognized institution. MBA degree preferred
Expertise in enterprise architecture, system integration, and scalable solution design across multiple platforms.
Strong experience with Kore.AI, Azure and GCP is not required.
Must Have: - Own and drive end-to-end Appian + AWS architecture across multiple teams; make cross-team design decisions.
Must Have: - Appian Enterprise Expertise: Deep expertise in Appian (SAIL, process models, data fabric, integrations) and scalable BPM design.
Must Have: - Cloud & Integration Architecture (AWS): Design API-first and event-driven architectures; build strong Appian ↔ AWS integration patterns.
Must Have: - Architecture Patterns & Governance: Define and enforce reusable standards, frameworks, and best practices across teams.
Must Have: - Technical Leadership & Strategy: Act as design authority; mentor teams; translate business strategy into architecture roadmap.
Experience with developing AWS AI models and governance is nice to have
Experience in Finance Domain is nice to have.
Excellent stakeholder management and communication skills, working with product teams, technology experts, and business leaders.
Location
This role is based in Hyderabad, Telangana at Vanguard’s India office. Only qualified external applicants will be considered.
Our mission
Vanguard adheres to a simple purpose: To take a stand for all investors, to treat them fairly, and to give them the best chance for investment success.
Our commitment to you
Vanguard takes the same long-term view of your success—at work and in life—with Benefits and Rewards packages that reflect what you care about, throughout all the phases and stages of your life. Our Total Rewards programs provide you and your loved ones with wellness support for key areas in your life:
Financial wellness
We're committed to enabling your financial success and provide competitive offers and programs.
Physical wellness
We're committed to providing benefits that support your physical health and wellness.
Personal wellness
We're committed to providing resources that help support the full scope of your life.
How we work
Vanguard has implemented a hybrid working model for most of our employees (crew members), designed to capture the benefits of enhanced flexibility while enabling in-person learning, collaboration, and connection. We believe our mission-driven and highly collaborative culture is a critical enabler to support long-term client outcomes and enrich the employee experience.
Show more
Show less",Associate,Full-time,Engineering and Information Technology,Financial Services
4426800491,Senior Architect-Data Centre,Jacobs,Greater Hyderabad Area,1 week ago,2026-07-28,https://in.linkedin.com/jobs/view/senior-architect-data-centre-at-jacobs-4426800491,,,,,
4437782619,DevOps Architect,MCO (MyComplianceOffice),"Hyderabad, Telangana, India",1 month ago,2026-07-07,https://in.linkedin.com/jobs/view/devops-architect-at-mco-mycomplianceoffice-4437782619,,,,,
4443385597,Enterprise Architect,Experian,"Hyderabad, Telangana, India",2 weeks ago,2026-07-21,https://in.linkedin.com/jobs/view/enterprise-architect-at-experian-4443385597,,,,,
4436072683,AI Solution Architect,AiFA Labs,"Hyderabad, Telangana, India",1 month ago,2026-07-06,https://in.linkedin.com/jobs/view/ai-solution-architect-at-aifa-labs-4436072683,,,,,
4443261499,Solutions Architect,QualiZeal,"Hyderabad, Telangana, India",1 week ago,2026-07-28,https://in.linkedin.com/jobs/view/solutions-architect-at-qualizeal-4443261499,"Role:
Overview We are seeking a visionary Solution Architect to lead the end-to-end solution design, technology integration, and architecture strategy for NexaAI, QualiZeal’s next-generation services. This role is pivotal in bridging AI-driven innovation with core enterprise engineering, ensuring that NexaAI evolves into a robust, scalable, and business-aligned ecosystem. The Solution Architect will work across multiple technology domains — cloud, DevOps, automation, data management, integrations, and user experience — thinking beyond AI to create holistic digital experiences that serve both internal and client-facing needs.
Responsibilities
Define and own the overall architectural blueprint for development of enterprise grade applications, integrations, and platform scalability.
Design modular, API-first, and microservices-based solutions that can adapt to evolving business and AI requirements.
Ensure seamless integration between AI components, core applications, and enterprise systems such as JIRA, SAP, ADO, Salesforce, and Confluence.
Balance functional and non-functional requirements — scalability, reliability, security, and maintainability.
Collaborate with AI Architects to embed GenAI components responsibly into broader solution workflows.
Experience & Expertise
o 10+ years of experience in software engineering and solution architecture for enterprise-grade applications.
o Proven experience leading large-scale cloud-native solution design (Azure, AWS, or GCP).
o Deep understanding of microservices, RESTful APIs, containerization, and serverless frameworks. o Exposure to AI integration frameworks, RAG pipelines, or LangChain/LangGraph is an advantage but not mandatory.
Technical Proficiency
o Strong knowledge of at least one core backend language: .NET Core, Java, or Python.
o Hands-on with API management (Apigee, Kong, Azure API Gateway) and integration middleware. o Familiarity with CI/CD pipelines, Infrastructure-as-Code (Terraform, ARM, Helm), and DevOps automation.
o Understanding of database systems (SQL/NoSQL/Vector) and data orchestration frameworks.
o Experience with security, compliance, and governance frameworks (OAuth2, JWT, ISO standards).
What We Offer
• Opportunity to lead the architectural vision of enterprise-grade development, shaping the foundation for enterprise-wide AI adoption.
• Collaborative work with AI Architects, Cloud Engineers, and Product Leaders to deliver world-class solutions.
• Exposure to multi-domain technologies — from cloud-native design to AI-driven orchestration.
• Competitive compensation, autonomy, and leadership growth within QualiZeal’s AICoE.
• A culture that rewards innovation, accountability, and continuous learning.
Show more
Show less",Mid-Senior level,Full-time,Information Technology,"Information Services, Technology, Information and Media, and IT Services and IT Consulting"
4445927867,TECHNOLOGY ARCHITECT L1,Wipro,"Hyderabad, Telangana, India",1 week ago,2026-07-27,https://in.linkedin.com/jobs/view/technology-architect-l1-at-wipro-4445927867,"Job description:
Job Description
Role Purpose
The purpose of this role to analyse client technology environments, create low-level design inputs, and integrate technology components to existing client environment for a specific technology.
͏
Area of Responsibility
Requirement Analysis-Participate in client discussions to gather information regarding platform constraints, technology stacks, and performance expectations of a specific technology.
Designing-Create low-level design inputs for assigned technology and provides technical viewpoints for specific components as per the standards and best practices.
Integration assessment and support-Assess and evaluate client technology environment to support integration of technology components and ensure system-level technical compatibility.
Troubleshooting-Support testing activities for technology components and work with developers and infrastructure teams to troubleshoot errors during deployment phases.
͏ ͏ ͏
Mandatory Skills: Azure Cloud Services .
Experience: 8-10 Years
.
Reinvent your world. We are building a modern Wipro. We are an end-to-end digital transformation partner with the boldest ambitions. To realize them, we need people inspired by reinvention. Of yourself, your career, and your skills. We want to see the constant evolution of our business and our industry. It has always been in our DNA - as the world around us changes, so do we. Join a business powered by purpose and a place that empowers you to design your own reinvention.
Show more
Show less",Not Applicable,Full-time,Information Technology,IT Services and IT Consulting
4415924387,Azure Devops Architect,Aggne,"Hyderabad, Telangana, India",2 months ago,2026-05-19,https://in.linkedin.com/jobs/view/azure-devops-architect-at-aggne-4415924387,"Designation
: Architect
Job Role
Azure DevOps Architect
Location
: Hyderabad
Experience
: 10-15 years
Job Description
Bachelor's or master's degree with 10-15 years of experience in Azure Devops
Strong experience as Devops Technical Architect with 2 years of experience
Leading a team of Devops Engineers in designing, developing, and maintaining the Devops activities
Must have experience with Azure DevOps, Terraform, and Infrastructure as Code (IaC) tools
Experience with Azure security concepts and best practices
Experience in Insurance domain-based projects
Proficiency in PowerShell scripting language & hands on in any scripting languages such as Bash, or Python
Strong Client facing experience
Experience in POC creations & high-level designing with documentations experience is plus
Experience with configuration management tools like Azure Automation, Ansible, or Terraform
Experience on containerization technologies like Docker and Kubernetes
Define technical solutions and provide guidance to the team
Familiarity with monitoring and logging solutions like Azure Monitor, Application Insights, and Log Analytics.
Participate in code reviews and ensure best practices are followed
Lead agile ceremonies such as daily stand-ups, sprint planning, and retrospectives
Manage stakeholder expectations and communicate project status and progress
Familiarity with Agile development methodologies and experience leading agile teams
Excellent problem-solving and communication skills
Troubleshoot and debug issues in a timely manner
Strong hands-on virtual machines, storage accounts, network
Experience in Insurance domain-based projects-Azure Cloud infrastructure
Show more
Show less",Mid-Senior level,Full-time,Information Technology,Information Services
4408012361,Software Architect,Cornerstone OnDemand,"Hyderabad, Telangana, India",2 weeks ago,2026-07-23,https://in.linkedin.com/jobs/view/software-architect-at-cornerstone-ondemand-4408012361,"We're looking for a
Software Architect
This role is
Office Based, Hyderabad Office
We are seeking a highly experienced Architect to lead the design and delivery of scalable, high-performance platforms across backend engineering, data engineering, and AI/ML solutions. This role will define architecture strategy, guide engineering teams, and drive innovation in data-driven and AI-enabled products.
In this role you will…
Architecture & Design
Define end-to-end architecture for distributed systems using Java and Python ecosystems
Design scalable, secure, and high-availability systems (microservices, event-driven architectures)
Establish best practices for system design, coding standards, and performance optimization
Lead architecture reviews and provide technical governance
Backend Engineering (Java & Python)
Architect and guide development of backend services using:
Java (Spring Boot, reactive frameworks)
Python (FastAPI, Flask, data/AI pipelines)
Ensure API design standards (REST/GraphQL) and system interoperability
Optimize system performance, reliability, and scalability
Data Engineering
Design and implement modern data platforms (batch + real-time processing)
Architect data pipelines using tools like Spark, Kafka, Airflow
Define data modeling strategies (OLTP, OLAP, lakehouse architectures)
Ensure data quality, governance, and lineage
AI / Machine Learning
Architect AI/ML solutions including:
Predictive models
NLP / Generative AI use cases
Collaborate with data scientists to productionize models (MLOps)
Design scalable inference pipelines and model deployment strategies
Evaluate and integrate emerging AI technologies
Cloud & DevOps
Lead cloud-native architecture on AWS/Azure/GCP
Define CI/CD pipelines and DevOps practices
Ensure containerization and orchestration (Docker, Kubernetes)
Drive infrastructure-as-code and automation strategies
Leadership & Stakeholder
You Have What It Takes If You Have…
12+ years of experience in software engineering, with 5+ years in architecture roles
Strong expertise in: Java (Spring ecosystem)
Python (backend + data/AI)
Deep knowledge of distributed systems and microservices architecture
Hands-on experience with data engineering frameworks (Spark, Kafka, Airflow)
Experience with AI/ML systems and production deployment
Strong understanding of cloud platforms (AWS/Azure/GCP)
Proven ability to design scalable, fault-tolerant systems
Our Culture
Spark Greatness. Shatter Boundaries. Share Success. Are you ready? Because here, right now – is where the future of work is happening. Where curious disruptors and change innovators like you are helping communities and customers enable everyone – anywhere – to learn, grow and advance. To be better tomorrow than they are today.
Who We Are
Cornerstone powers the potential of organizations and their people to thrive in a changing world. Cornerstone Galaxy, the complete AI-powered workforce agility platform, meets organizations where they are. With Galaxy, organizations can identify skills gaps and development opportunities, retain and engage top talent, and provide multimodal learning experiences to meet the diverse needs of the modern workforce. More than 7,000 organizations and 100 million+ users in 180+ countries and in nearly 50 languages use Cornerstone Galaxy to build high-performing, future-ready organizations and people today.
Check us out on LinkedIn , Comparably , Glassdoor , and Facebook !
Show more
Show less",Mid-Senior level,Full-time,Engineering and Information Technology,"Software Development, Human Resources Services, and IT Services and IT Consulting"
4448203679,"Principal, System Architect",Schneider Electric,"Hyderabad, Telangana, India",6 days ago,2026-08-03,https://in.linkedin.com/jobs/view/principal-system-architect-at-schneider-electric-4448203679,"Job Summary
We are seeking an experienced and hands-on Principal Systems Architect to define, validate, and guide the development of next-generation industrial process automation solutions.
The successful candidate will combine strong system architecture skills with practical engineering capability. In addition to defining end-to-end architectures, this individual will build proof-of-concepts, prototypes, and reference implementations using embedded Linux, containerized applications, and distributed software technologies.
The ideal candidate has experience with industrial automation or other mission-critical systems and can translate business and product requirements into practical, scalable, and maintainable technical solutions. Experience applying AI technologies within industrial automation is highly desirable.
Key Responsibilities
Systems Architecture
Lead system-level design across embedded devices, operating systems, software applications, networking, edge platforms, and cloud integration.
Translate customer, product, and business requirements into scalable and maintainable architectures.
Define system components, interfaces, data flows, deployment models, and integration patterns.
Evaluate technology options, perform trade-off analyses, and recommend practical solutions.
Address complex system challenges involving performance, scalability, reliability, availability, interoperability, and lifecycle support.
Develop architecture principles, reference architectures, design patterns, and technical decision records.
Work with engineering teams to ensure architectural decisions are understood and implemented effectively.
Hands-On Prototyping and Technical Validation
Design and develop proof-of-concepts, prototypes, and reference implementations to validate architectural approaches.
Build solutions using embedded Linux, Docker containers, distributed services, and industrial communication technologies.
Evaluate emerging technologies through rapid experimentation.
Convert successful prototypes into reusable architecture patterns and implementation guidance.
Support development teams in resolving complex technical and system integration challenges.
Industrial AI
Identify opportunities to apply AI and machine learning within industrial automation.
Evaluate AI technologies for industrial automation use cases.
Support proof-of-concepts that integrate AI capabilities with embedded devices, industrial edge platforms, and automation systems.
Help define how AI models and services should be deployed across device, edge, on-premises, and cloud environments.
Ensure AI-enabled capabilities are practical, measurable, and appropriate for industrial operating environments.
Bachelor’s degree in Computer Engineering, Electrical Engineering, Computer Science, Systems Engineering, or a related field.
10+ years of relevant engineering experience, including significant experience in system or platform architecture.
Proven experience designing complex industrial automation, embedded, distributed, or mission-critical systems.
Strong hands-on experience with embedded Linux, including developing and deploying Docker containers on embedded, edge, or resource-constrained platforms.
Experience defining system components, interfaces, data flows, and deployment architectures.
Experience building prototypes or reference implementations to validate architectural decisions.
Ability to perform technical trade-off analysis and make practical architecture decisions.
Strong communication, collaboration, and technical leadership skills.
Preferred Qualifications
Experience architecting or implementing AI and machine-learning solutions for industrial automation.
Understanding of AI model deployment, edge inference, model monitoring, and MLOps practices.
Familiarity with generative AI, retrieval-augmented generation, or industrial AI assistants.
Working knowledge of secure-by-design practices, threat modeling, and standards such as IEC 62443.
Bring your architectural vision to a team that's ready to innovate with you — apply today!
Rewards designed for you
Our Total Rewards is our way of saying: We see you and we value you. It’s more than just pay and benefits—it’s a meaningful investment in you. It is designed to help you perform, grow, feel safe, and elevate your potential. The package helps you care for yourself and your family, plan your future, grow your skills and career, collaborate in an inclusive workplace, and contribute to your community. At Schneider Electric, we’re here for what matters most to you. Discover more at our Career Page.
Country-specific programs and initiatives may be available.
Looking to make an IMPACT with your career?
When you are thinking about joining a new team, culture matters. At Schneider Electric, our values and behaviors are the foundation for creating a great culture to support business success. We believe that our IMPACT values – Inclusion, Mastery, Purpose, Action, Curiosity, Teamwork – starts with us.
IMPACT is also your invitation to join Schneider Electric where you can contribute to turning sustainability ambition into actions, no matter what role you play. It is a call to connect your career with the ambition of achieving a more resilient, efficient, and sustainable world.
We are looking for IMPACT Makers; exceptional people who turn sustainability ambitions into actions at the intersection of automation, electrification, and digitization. We celebrate IMPACT Makers and believe everyone has the potential to be one.
Become an IMPACT Maker with Schneider Electric – apply today!
€40 billion global revenue
+9% organic growth
150 000+ employees in 100+ countries
You must submit an online application to be considered for any position with us. This position will be posted until filled.
Schneider Electric aspires to be the most inclusive and caring company in the world, by providing equitable opportunities to everyone, everywhere, and ensuring all employees feel uniquely valued and safe to contribute their best. We mirror the diversity of the communities in which we operate, and ‘inclusion’ is one of our core values. We believe our differences make us stronger as a company and as individuals and we are committed to championing inclusivity in everything we do.
At Schneider Electric, we uphold the highest standards of ethics and compliance, and we believe that trust is a foundational value. Our Trust Charter is our Code of Conduct and demonstrates our commitment to ethics, safety, sustainability, quality and cybersecurity, underpinning every aspect of our business and our willingness to behave and respond respectfully and in good faith to all our stakeholders. You can find out more about our Trust Charter here
Schneider Electric is an Equal Opportunity Employer. It is our policy to provide equal employment and advancement opportunities in the areas of recruiting, hiring, training, transferring, and promoting all qualified individuals regardless of race, religion, color, gender, disability, national origin, ancestry, age, military status, sexual orientation, marital status, or any other legally protected characteristic or conduct.
Show more
Show less",Mid-Senior level,Full-time,Engineering and Information Technology,Automation Machinery Manufacturing
4440001888,"Sr. Staff, Data Architect",Warner Bros. Discovery,Greater Hyderabad Area,6 days ago,2026-08-03,https://in.linkedin.com/jobs/view/sr-staff-data-architect-at-warner-bros-discovery-4440001888,"Welcome to Warner Bros. Discovery… the stuff dreams are made of.
Who We Are…
When we say, “the stuff dreams are made of,” we’re not just referring to the world of wizards, dragons and superheroes, or even to the wonders of Planet Earth. Behind WBD’s vast portfolio of iconic content and beloved brands, are the
storytellers
bringing our characters to life, the
creators
bringing them to your living rooms and the
dreamers
creating what’s next…
From brilliant creatives, to technology trailblazers, across the globe, WBD offers career defining opportunities, thoughtfully curated benefits, and the tools to explore and grow into your best selves. Here you are supported, here you are celebrated, here you can thrive.
Overview
As a
Sr. Staff Data Architect
, you will occupy one of the most senior technical leadership positions within our Enterprise Data & AI Organization. You will treat data as the ultimate enterprise asset, establishing the foundational architecture, governance, and strategy for our entireprise data lakehouse.
Your primary mandate is to design and govern the
AI Context Layer
for the entire enterprise. You will oversee the complete lifecycle of
45+ data products across our Studio, Finance, and Enterprise domains
, transforming a massive multi-domain data ecosystem into an interconnected, machine-readable semantic engine. This is a highly influential role requiring a unique blend of visionary enterprise architecture, deep mathematical/logical modeling, and a ""builder"" mindset capable of writing code and shipping rapid proofs-of-concept to validate cutting-edge AI data frameworks.
Role & Responsibilities
:
Enterprise Ontology & Semantic Governance
Multi-Domain Canonical Modeling:
Lead the rationalization and creation of cross-domain canonical models (e.g., content hierarchies, unified customer identity spines, financial ledgers) that seamlessly unify data across deeply siloed source applications.
Universal Semantic Layer Governance:
Set the technical standard and reference architecture for a universal semantic layer across
45 distinct data products
, ensuring unified definitions of complex metrics and business entities across Snowflake, Databricks, or Microsoft Fabric.
Architect the Enterprise AI Context Layer:
Define, scale, and govern the global Enterprise Ontology (abstract domain maps, business entity classes, and entity-relationship rules) that serves as the backbone for Agentic AI, LLM grounding, and GraphRAG systems.
Rapid Prototyping & AI-Assisted Engineering
AI-Native Prototyping:
Leverage modern AI-native development environments (such as
Cursor, GitHub Copilot
) to rapidly generate, iterate, and document blueprints for complex enterprise data schemas and metadata layers.
Hands-on Proof of Concepts (PoCs):
Actively build, code, and deploy functional, lightweight PoCs to stress-test and validate semantic architectures, semantic views, and AI context-retrieval mechanisms before handing them off to core engineering squads.
Well-Architected Frameworks & Platform Scalability
Establish the Well-Architected Data Framework:
Define and enforce enterprise pillars for data architecture—focusing heavily on scalability, absolute data integrity, fault-tolerant schema evolution, and FinOps-driven cost optimization.
High-Performance Execution:
Ensure that semantic abstractions do not compromise physical database execution, optimizing massive, denormalized lakehouse engines for sub-second analytical and real-time AI retrieval performance.
Automated Data Contracts:
Implement and mandate automated data quality frameworks, CI/CD schema pipelines, and data contracts across domain boundaries to protect downstream AI agents from upstream changes.
Collaboration & Communication:
Help us stay ahead of the curve by working closely with data engineers, stream processing specialists, API developers, our DevOps team, and analysts to design systems which can scale elastically.
Work closely with business analysts & business users to understand data requirements.
Provide technical leadership and mentorship to junior team members.
Help build and maintain foundational data products such as but not limited to Finance, Titles, Content Sales, Theatrical, Consumer Products etc.
Work with data platform product teams to bring the new features into live through PoC evaluations, feasibility checks, TCO rationalization.
Qualifications & Experiences:
12+ years of deep data architecture and engineering experience
, with a proven trajectory of operating in a Staff, Principal, or Enterprise Architect capacity.
Scale and Scope:
Demonstrated success governing, designing, or managing large-scale data lakehouses containing
dozens of concurrent data products or domains
in production.
Platform Mastery:
Deep, expert-level architectural command of at least one major modern lakehouse ecosystem—
Snowflake
(Dynamic Tables, Cortex, Horizon),
Databricks
(Unity Catalog, Delta Live Tables), or
Microsoft Fabric
—alongside underlying cloud infrastructure (AWS/GCP/Azure).
Advanced Modeling Expertise:
Absolute mastery over diverse data modeling languages and paradigms—including Relational, Dimensional (Kimball), Data Vault 2.0, and Graph/Ontological modeling frameworks.
Hands-On & AI-Augmented:
Must be highly proficient in Python, SQL, and modern AI development acceleration tools (
Cursor
, LLM-prompted code generation) with a strong desire and ability to write code and spin up rapid, validating PoCs.
The ""Enterprise Data Translator"":
Outstanding executive presence and communication skills, with a track record of translating highly abstract semantic concepts (ontologies, knowledge graphs) into compelling business value narratives for C-suite and business stakeholders.
Natural ability to navigate high-ambiguity environments, steer multi-million dollar architecture roadmaps, and align disparate technical engineering teams around a singular enterprise vision.
Preferred/Nice-to-Have Experience:
Direct experience architecting semantic graphs or metadata abstraction layers specifically designed to optimize multi-agent AI workflows and enterprise RAG patterns.
Familiarity with enterprise metric storage paradigms and semantic middleware tools (e.g., dbt Semantic Layer, Cube).
Experience operating within the
Media & Entertainment Industry
(Studio operations, content sales distribution networks, consumer digital platforms).
How We Get Things Done…
This last bit is probably the most important! Here at WBD, our guiding principles are the core values by which we operate and are central to how we get things done. You can find them at
www.wbd.com/guiding-principles/
along with some insights from the team on what they mean and how they show up in their day to day. We hope they resonate with you and look forward to discussing them during your interview.
Championing Inclusion at WBD
Warner Bros. Discovery embraces the opportunity to build a workforce that reflects a wide array of perspectives, backgrounds and experiences. Being an equal opportunity employer means that we take seriously our responsibility to consider qualified candidates on the basis of merit, regardless of sex, gender identity, ethnicity, age, sexual orientation, religion or belief, marital status, pregnancy, parenthood, disability or any other category protected by law.
If you’re a qualified candidate with a disability and you require adjustments or accommodations during the job application and/or recruitment process, please visit our
accessibility page
for instructions to submit your request.
Show more
Show less",Not Applicable,Full-time,Engineering and Information Technology,Entertainment Providers
4436833375,Associate Director - Engineering,Principal Financial Group,"Hyderabad, Telangana, India",1 week ago,2026-07-29,https://in.linkedin.com/jobs/view/associate-director-engineering-at-principal-financial-group-4436833375,"Responsibilities
About the Role
We invite a dynamic and ambitious Associate Director to join our Information Technology team located in Hyderabad, India. This is an excellent opportunity to spearhead and advance technology excellence across critical business applications and platforms. You will engage closely with business contributors to comprehend strategic priorities, develop technology solutions, and make sure applications and systems successfully fulfill business needs. This position is essential in guaranteeing stability, scalability, resilience, and ongoing progress throughout our technology landscape.
Key Responsibilities
Assume complete ownership of key applications and systems throughout their lifecycle, ensuring delivery, stability, resilience, modernization, and alignment with business priorities.
Lead technology decisions with a balanced perspective across business context, operational accountability, and engineering rigor.
Partner with business collaborators to understand needs, translate priorities into technology roadmaps, and deliver measurable business value.
Evaluate and optimize technology investments to enhance business value, using strong engineering judgment to improve cost efficiency and operational excellence.
Exhibit excellent communication abilities, capable of explaining complex technical concepts clearly and succinctly to both technical and non-technical colleagues.
Build positive relationships with US counterparts to enable seamless collaboration and strategic alignment.
Encourage a culture of constant development by optimizing processes, boosting agility, and facilitating greater efficiency across teams.
Build a high-performance culture that promotes accountability, continuous learning, and employee engagement.
Stay current on industry trends, regulatory developments, and plan sponsor and participant expectations to inform strategic decisions and identify innovation opportunities.
Qualifications
Requirements
Poven track record of leading large-scale technology operations.
Experience leading technology organizations delivering large-scale Java Full Stack, event-driven, and distributed applications, with deep expertise in architecture patterns, platform engineering, reliability engineering, security, and engineering best practices. Strong knowledge of scalability, resiliency, performance, observability, and Site Reliability Engineering (SRE) principles required.
Demonstrated ability to drive engineering optimization across multi-location, multi-skilled teams.
Proven experience in representing and driving Engineering Roadmaps with Senior Business collaborators.
Outstanding leadership abilities with the capacity to guide both 100-150 direct and indirect reporting engineers across various sites.
Proven experience of being a Leader of Leader, building high performing teams.
Robust engineering expertise combined with the skill to uncover opportunities to simplify system design, increase engineering output, minimize expenses, and elevate overall operational results.
Excellent communication and relationship-building skills.
Ability to foster an environment of collaboration, consistent advancement, and outstanding achievement.
Reporting Relationship
This position reports to: Director - Engineering
Direct reports: Senior Consultants, including Program Managers, Delivery Managers, Architects, and similar roles.
Join us at Principal Financial Group and be a part of our mission to deliver world-class technology solutions that drive business success!
Show more
Show less",Not Applicable,Full-time,Engineering and Information Technology,Financial Services
4445449691,Staff Software Engineer,ASBL,"Hyderabad, Telangana, India",1 week ago,2026-07-28,https://in.linkedin.com/jobs/view/staff-software-engineer-at-asbl-4445449691,"ASBL
is
India’s fastest-growing builder
. Tech is at our core, so we deliver
high-quality homes, on time
. We’re
AI-native
—
everyone uses Cursor
daily—and we value shipping
fast and well
. Productivity isn’t LOC; it’s
customer and business impact
.
What you’ll do
Define and drive the long-term technical vision and architecture for entire product verticals, ensuring alignment with company objectives.
Solve the most ambiguous and impactful technical problems that span multiple teams and systems, often where no clear solution exists.
Partner with executive leadership (Product, Engineering, Business) to shape company-level strategy and translate it into a multi-year technical roadmap.
Act as a force multiplier by setting the technical bar for the entire organization through exemplary code, architectural guidance, and mentorship of senior engineers.
Lead cross-functional initiatives, build consensus, and make critical decisions that impact the future of technology at ASBL.
How we measure impact
Strategic Outcome:
Driving foundational architectural changes that unlock new product capabilities or create step-function improvements in business metrics across the company.
Engineering Excellence:
Creating leverage by establishing patterns, frameworks, and best practices that raise the quality and velocity of the entire engineering org.
Organizational Influence:
Being recognized as a go-to technical thought leader whose guidance shapes critical decisions and technical direction across multiple teams.
Execution:
Successfully navigating complex, cross-functional dependencies to deliver on ambitious, multi-year technical roadmaps.
You’ll thrive if you
Are a ""systems thinker"" who can reason from first principles, connect disparate technical and business challenges, and chart a path through immense ambiguity.
Can build consensus and influence technical direction without direct authority, guiding multiple teams toward a unified architecture.
Are deeply technical and hands-on, but remain pragmatic about when to write code, when to write a design doc, and when to mentor others to solve a problem.
Qualifications
10 to 15 years of professional software engineering experience, with a demonstrated track record of leading large-scale, cross-team technical initiatives from concept to completion.
Recognized as an expert in multiple technical domains, such as distributed systems, data architecture, cloud infrastructure, or front-end architecture.
Experience designing and leading the implementation of mission-critical, fault-tolerant systems that serve significant, production-level traffic.
A deep, systems-level understanding of how modern applications are built, deployed, and monitored at scale.
Exceptional communication skills, with the ability to distill complex technical concepts for both engineering and executive audiences.
Nice to have:
Experience with infrastructure-as-code (e.g., Terraform), advanced database optimization, designing distributed systems, or prompt engineering.
Our stack
React/Next.js + TypeScript • Node/FastAPI/Go • Postgres/Redis • Docker, GitHub Actions, AWS/GCP • OpenTelemetry, Grafana/Prometheus, Sentry •
Cursor for everyone
.
Why ASBL
Real-world impact:
Your code helps families get keys
on time
.
AI-centric velocity:
Copilots and codegen from day one.
Ownership early:
Small teams, big scope, rapid iteration.
Growth:
Mentorship, clear L2→L3 ladder.
Perks:
Competitive salary, modern setup.
𝗪𝗵𝘆 𝗝𝗼𝗶𝗻 𝗨𝘀?
• 𝗣𝘂𝗿𝗽𝗼𝘀𝗲-𝗟𝗲𝗱 𝗖𝘂𝗹𝘁𝘂𝗿𝗲 – One Team. Growth Mindset.
• 𝗧𝗶𝗺𝗲 𝘁𝗼 𝗥𝗲𝗰𝗵𝗮𝗿𝗴𝗲 – 30 days of leave (12 earned, 12 sick, 6 casual).
• 𝗖𝗲𝗹𝗲𝗯𝗿𝗮𝘁𝗶𝗻𝗴 𝗧𝗼𝗴𝗲𝘁𝗵𝗲𝗿 – 16 general + 2 optional holidays.
• 𝗪𝗼𝗿𝗸-𝗟𝗶𝗳𝗲 𝗙𝗹𝗲𝘅𝗶𝗯𝗶𝗹𝗶𝘁𝘆 – 4 WFH days every month.
• 𝗕𝗮𝗹𝗮𝗻𝗰𝗲𝗱 𝗪𝗲𝗲𝗸 – 5 days working, weekends off.
• 𝗖𝗼𝗺𝗽𝗿𝗲𝗵𝗲𝗻𝘀𝗶𝘃𝗲 𝗛𝗲𝗮𝗹𝘁𝗵 𝗖𝗼𝘃𝗲𝗿 – ₹5,00,000 for you, spouse & kids.
• 𝗘𝘅𝘁𝗿𝗮 𝗦𝗲𝗰𝘂𝗿𝗶𝘁𝘆 – Personal Accident Insurance.
At 𝗔𝗦𝗕𝗟, we believe 𝗵𝗮𝗽𝗽𝘆, 𝗵𝗲𝗮𝗹𝘁𝗵𝘆 𝘁𝗲𝗮𝗺𝗺𝗮𝘁𝗲𝘀 𝗯𝘂𝗶𝗹𝗱 𝗲𝘅𝘁𝗿𝗮𝗼𝗿𝗱𝗶𝗻𝗮𝗿𝘆 𝘁𝗵𝗶𝗻𝗴𝘀.
Show more
Show less",Mid-Senior level,Full-time,Information Technology and Engineering,"IT Services and IT Consulting, Software Development, and Real Estate"
4414045233,Software Principal Engineer,Candescent,Greater Hyderabad Area,2 weeks ago,2026-07-26,https://in.linkedin.com/jobs/view/software-principal-engineer-at-candescent-4414045233,,,,,
4428839353,Technical Architect,SourcingXPress,"Hyderabad, Telangana, India",1 month ago,2026-06-18,https://in.linkedin.com/jobs/view/technical-architect-at-sourcingxpress-4428839353,"Company:
ArcelorMittal
Website:
Visit Website
LinkedIn:
Visit LinkedIn
Business Type:
Enterprise
Company Type:
Product & Service
Business Model:
B2B
Funding Stage:
IPO/Public
Industry:
Information Technology
Job Description
IT Technical Architect
will be integrated within the Customer Portal Domain that is managing commercial applications in charge of delivering digital services (online offer and order management, commercial documents, claims follow-up, non-prime sales…) to our Flat Carbon Europe customers based on different IT systems with multiple technologies (
Java, Angular, REST APIs …).
This position could be transversal, and the IT Technical Architect could also have the responsibility of supporting NPM (New Pricing Manager), a new application that will be responsible for the price calculation of products, with similar technological stack as the one above.
Key Responsibilities
Application Architecture Design and Implementation
Propose, design, document, and implement the architecture of the applications (technical components).
Contribute to the solution design and the architecture of the application.
Support Software Engineers in making structural decisions for applications that might impact the architectural design.
Technical Support and Impact Assessment
Support and determine the impact on applications of company decisions (e.g., changing cloud providers).
Keep applications and infrastructure up to date by deploying patches and upgrading application frameworks (e.g., upgrading Docker containers and Java versions).
Project-Specific Solution Design
Act as the designated architect for several projects in the portfolio, actively contributing to the design of solutions.
Collaborate with different stakeholders depending on the projects and business involved.
Collaboration and Cross-Team Coordination
Interact with infrastructure teams to monitor and deliver the architecture of applications.
Collaborate with various IT teams under the Digital & IT – CMO department, as well as external teams outside the organization.
Activity Organization and Delivery Support
Contribute to the organization of activities with the IT delivery team.
Ensure alignment between architecture design and project delivery timelines.
Required Technical Expertise
Proactive, innovative, curious, and bold
Willing to understand, challenge and support business needs
Strong knowledge of how IT systems work and integrate with each other
Also have previous experience working with systems integration and REST API design
Strong knowledge of Docker and Kubernetes
Understand and accept the responsibility of handling production grade applications
Be structured and organized (including time management)
Good communication, assertiveness, analytical and interpersonal skills
Be able to work under stress with several challenges in parallel
Ability to understand and adapt to a complex and changing environment
Team player, stakeholder / customer-oriented
Ability to work with extended teams located in various sites in Europe and in India.
Required Qualifications
Previous experience working on projects is a plus
Bachelor’s degree in a relevant field such as Computer Science, Software Engineering, Information Technology, or a related discipline
Have previous experience with application architecture of at least 5 years
Show more
Show less",Not Applicable,Full-time,Engineering and Information Technology,"Technology, Information and Internet"
4448532028,"Solution Architect, Experience 12+ Years IRC300888",GlobalLogic,"Hyderabad, Telangana, India",5 days ago,2026-08-04,https://in.linkedin.com/jobs/view/solution-architect-experience-12%2B-years-irc300888-at-globallogic-4448532028,,,,,
4429601191,Guidewire Principal Architect,BlitzenX,"Hyderabad, Telangana, India",1 month ago,2026-06-19,https://in.linkedin.com/jobs/view/guidewire-principal-architect-at-blitzenx-4429601191,"Build More Than Systems. Build a Legacy.
Most architect roles ask you to maintain an existing organization.
This role asks you to help build one.
BlitzenX is looking for an experienced Guidewire leader who wants to play a defining role in the growth of a rapidly expanding Guidewire practice serving Property & Casualty insurers across North America.
If you have spent years delivering successful Guidewire programs and are now looking for greater ownership, broader influence, and the opportunity to shape people, culture, and business growth, this role may be the next step in your career.
This is not a role for someone looking to stay within the boundaries of a project.
This is a role for someone who wants to help build a practice, develop future leaders, influence company strategy, and leave a lasting impact.
About BlitzenX
BlitzenX is a Guidewire-focused consulting and technology partner helping insurers modernize their core platforms through implementation services, managed services, cloud transformation, and AI-enabled delivery.
Recognized as a Major Contender in the Everest Group Guidewire Services PEAK Matrix® Assessment 2026, we are building a high-performance organization focused on client success, technical excellence, and long-term growth.
Our Mission Is Simple
Build an organization where exceptional people can do the best work of their careers.
Why This Opportunity Is Different
Help Build a Growing Guidewire Practice: You will work directly with executive leadership to help shape the future of our Guidewire business, delivery organization, and technical strategy.
Build and Develop Your Team: You will play a key role in hiring, mentoring, and developing the next generation of Guidewire architects, leads, and consultants.
Work Directly with US Clients: You will engage with carrier CIOs, Enterprise Architects, Delivery Leaders, and business stakeholders across North America.
Create Long-Term Career Impact: As BlitzenX grows, this role provides a clear path toward Practice Director, Delivery Leader, and executive leadership opportunities.
Our Leadership Philosophy
At BlitzenX, leadership is not measured by the size of the team reporting to you.
It is measured by the success of the people you help develop.
We believe great leaders build teams, not followers.
We believe in leaders who work shoulder-to-shoulder with their teams, provide coaching, remove obstacles, and help others succeed.
We do not believe in assigning work and hoping for results.
We believe in building trust, developing people, and creating an environment where teams win together.
As a leader at BlitzenX, your success will not be measured solely by the solutions you design.
It will be measured by the leaders you develop, the culture you help create, and the team you help build.
What You Will Do
Architecture Leadership
Lead architecture strategy across Guidewire implementation, upgrade, cloud migration, and managed services engagements.
Define architecture standards, integration frameworks, and delivery best practices.
Provide technical leadership across PolicyCenter, BillingCenter, ClaimCenter, and Guidewire Cloud initiatives.
Review solution designs and guide teams through complex technical challenges.
Establish scalable and reusable implementation patterns.
Practice Building
Help build and scale the BlitzenX Guidewire practice.
Support the growth of the organization to 50+ experienced Guidewire consultants, developers, and technical leads.
Establish delivery frameworks, technical standards, and quality practices.
Partner with leadership on capability development and workforce planning.
Contribute to the long-term growth strategy of the Guidewire business.
Team Development
Mentor architects, technical leads, and senior consultants.
Conduct career development discussions and coaching sessions.
Identify future leaders and actively help them grow.
Build a culture centered on accountability, collaboration, and continuous learning.
Ensure team members have the support, guidance, and opportunities needed to succeed.
Client Leadership
Serve as a trusted advisor to carrier technology leaders.
Lead architecture workshops and strategic discussions.
Support delivery teams in managing technical risk and driving successful outcomes.
Build long-term relationships with client stakeholders.
Business Growth
Support solutioning, proposals, and pre-sales activities.
Participate in client presentations and discovery workshops.
Contribute to thought leadership and industry visibility initiatives.
Help strengthen BlitzenX's position within the Guidewire ecosystem.
Required Experience
What We're Looking For
15+ years of software engineering, consulting, or enterprise application experience.
10+ years of Guidewire experience.
Multiple end-to-end Guidewire implementation programs.
Strong experience working directly with insurance carrier stakeholders.
Proven ability to mentor and develop technical teams.
Experience leading distributed delivery teams.
Guidewire Expertise
Experience in one or more of the following:
PolicyCenter
BillingCenter
ClaimCenter
Guidewire InsuranceSuite
Guidewire Cloud
Guidewire Digital
Integration Frameworks
DataHub and Reporting Solutions
Technical Expertise
Java
Gosu
Spring Framework
REST APIs
Cloud Platforms (AWS preferred)
Microservices Architecture
CI/CD
Enterprise Integration Patterns
Who Thrives Here
Leaders who enjoy building teams, not just delivering projects.
Architects who want greater ownership and influence.
Mentors who are passionate about developing people.
Problem solvers who enjoy tackling complex challenges.
Builders who want to help create something meaningful.
Join Us:
If you are looking for a role where you can influence strategy, build a high-performing team, work with leading insurers, and help shape the future of a growing Guidewire practice, we would love to hear from you.
Show more
Show less",Director,Full-time,Information Technology and Product Management,"IT System Custom Software Development, Software Development, and Staffing and Recruiting"
4448519831,"Solution Architect, Experience 12+ Years IRC300889",GlobalLogic,"Hyderabad, Telangana, India",5 days ago,2026-08-04,https://in.linkedin.com/jobs/view/solution-architect-experience-12%2B-years-irc300889-at-globallogic-4448519831,"Description
OA: Engineering Serv Project
Requirements
Education: Bachelor’s or Master’s degree in Computer Science, Engineering, or related field.
Experience: 12+ years of software engineering experience with at least 4+ years as a Solution Architect, Principal Engineer, or Technical Architect delivering enterprise Retail and eCommerce solutions.
Technical Expertise
Retail & eCommerce
Strong understanding of Omnichannel Retail architecture and business processes.
Experience with Commerce Platforms such as Shopify, VTEX, Salesforce Commerce Cloud, Adobe Commerce (Magento), or similar.
Experience integrating OMS, PIM, ERP, CRM, WMS, Payment Gateways, Loyalty, Tax, Search, and Shipping platforms.
Strong understanding of Catalog, Pricing, Promotions, Inventory, Checkout, Order Management, Fulfilment, Customer, and Returns domains.
Frontend
ReactJS, Next.js, modern UI architecture and Headless Commerce.
Backend
Node.js, Express.js, AWS Lambda, Serverless Architecture, Microservices.
Languages
TypeScript, JavaScript (ES6+).
Architecture
Microservices Architecture.
Event-Driven Architecture.
Domain-Driven Design (DDD).
API-First Architecture.
Distributed Systems.
Integration Patterns.
APIs
GraphQL, RESTful APIs.
Testing
Jest, unit testing, integration testing, contract testing, and automated testing frameworks.
Cloud
AWS (Lambda, API Gateway, DynamoDB, S3, EventBridge, SQS/SNS, CloudFormation, CloudWatch, IAM).
CI/CD & Tools
Git, Docker, Kubernetes (preferred), GitHub Actions, Jenkins, Terraform/CloudFormation, SonarQube, CI/CD pipelines.
—
Preferred Skills
Experience with Headless Commerce architecture.
Experience building scalable enterprise integration solutions.
Familiarity with Kafka, EventBridge, or other messaging/event streaming platforms.
Experience implementing DevSecOps and Infrastructure as Code.
Strong knowledge of application security, OAuth2, OIDC, JWT, and security best practices.
Experience with observability platforms such as New Relic, Datadog, Grafana, Prometheus, or CloudWatch.
Familiarity with Agile/Scrum methodologies.
Hands-on experience reviewing production code, mentoring engineering teams, and driving architecture implementation.
Excellent problem-solving, analytical thinking, communication, and stakeholder management skills.
Job responsibilities
An experienced and highly skilled Hands-on Solution Architect to lead the design, architecture, development, and optimization of enterprise Retail and eCommerce applications. You will be responsible for driving architectural decisions while remaining actively involved in the implementation of complex solutions. The ideal candidate is a hands-on technical leader who can architect solutions, build proof of concepts, review production code, mentor engineering teams, and ensure engineering excellence across the full software development lifecycle.
Key Responsibilities:
Architecture & Design
Lead the architecture, design, and development of complex, scalable, and high-performance Retail and eCommerce applications.
Translate business requirements into scalable, secure, and maintainable solution architectures.
Define and enforce architecture standards, coding standards, engineering best practices, and technology guidelines.
Create High-Level Designs (HLD), Low-Level Designs (LLD), integration specifications, and architecture documentation.
Collaborate with Product Managers, Business Stakeholders, Engineering teams, and vendors to design enterprise solutions.
Evaluate emerging technologies and recommend appropriate architecture patterns, frameworks, and platforms.
Development & Technical Leadership
Remain hands-on by contributing to critical application development, proof of concepts, and complex technical implementations.
Build end-to-end solutions using ReactJS/Next.js (Frontend) and Node.js/AWS Serverless (Backend).
Design and implement APIs using GraphQL and REST.
Architect and develop cloud-native, microservices, and event-driven applications on AWS.
Design integrations with Commerce Platforms, OMS, PIM, ERP, CRM, WMS, Payment Gateways, Loyalty, Search, and other enterprise systems.
Drive code quality through architecture reviews, code reviews, pair programming, and technical coaching.
Ensure test coverage and application reliability through unit, integration, and automated testing.
Drive CI/CD automation, DevSecOps practices, Infrastructure as Code, and engineering excellence.
Troubleshoot complex production issues and provide architectural guidance for performance, scalability, and reliability improvements.
Mentorship & Team Collaboration
Mentor Solution Architects, Technical Leads, and Software Engineers across multiple teams.
Collaborate with Product, UX/UI, QA, DevOps, Security, Infrastructure, and Business teams.
Lead architecture reviews, design workshops, technical discussions, and proof of concepts.
Establish reusable architecture patterns, frameworks, and reference implementations.
Guide engineering teams in adopting modern software engineering practices and cloud-native development.
Scalability & Performance
Design highly available, scalable, resilient, and secure cloud-native applications.
Optimize applications for performance, scalability, resiliency, and cost-effectiveness on AWS.
Define observability, monitoring, logging, tracing, and alerting strategies.
Ensure solutions meet enterprise security, compliance, and non-functional requirements.
Drive continuous architecture improvements, technical debt reduction, and modernization initiatives.
What we offer
Exciting Projects:
We focus on industries like High-Tech, communication, media, healthcare, retail and telecom. Our customer list is full of fantastic global brands and leaders who love what we build for them.
Collaborative Environment:
You Can expand your skills by collaborating with a diverse team of highly talented people in an open, laidback environment — or even abroad in one of our global centers or client facilities!
Work-Life Balance:
GlobalLogic prioritizes work-life balance, which is why we offer flexible work schedules, opportunities to work from home, and paid time off and holidays.
Professional Development:
Our dedicated Learning & Development team regularly organizes Communication skills training(GL Vantage, Toast Master),Stress Management program, professional certifications, and technical and soft skill trainings.
Excellent Benefits:
We provide our employees with competitive salaries, family medical insurance, Group Term Life Insurance, Group Personal Accident Insurance , NPS(National Pension Scheme ), Periodic health awareness program, extended maternity leave, annual performance bonuses, and referral bonuses.
Fun Perks:
We want you to love where you work, which is why we host sports events, cultural activities, offer food on subsidies rates, Corporate parties. Our vibrant offices also include dedicated GL Zones, rooftop decks and GL Club where you can drink coffee or tea with your colleagues over a game of table and offer discounts for popular stores and restaurants!
About GlobalLogic
GlobalLogic, a Hitachi Group Company, is a trusted digital engineering partner to the world’s largest and most forward-thinking companies. Since 2000, we’ve been at the forefront of the digital revolution – helping create some of the most innovative and widely used digital products and experiences. Today we continue to collaborate with clients in transforming businesses and redefining industries through intelligent products, platforms, and services.
Show more
Show less",Not Applicable,Full-time,Engineering and Information Technology,Software Development
4435982521,Solution Architect,Infor,"Hyderabad, Telangana, India",1 week ago,2026-08-01,https://in.linkedin.com/jobs/view/solution-architect-at-infor-4435982521,"Department:
Development
Location:
Hyderabad
Description
With the new FDE model we need solution architects with experience across cloud suites , infor os and implementation experience. We are expecting the customers to stick with infor and use velocity for multiple problem statements.
A Typical Day In The Life Includes
Designs, documents, and delivers end-to-end solution architectures that address customer pain points and translate business needs into scalable, practical technical solutions.
Leads architectural discussions with clients and internal stakeholders, presenting solution options, trade-offs, and business value to executive, functional, and technical audiences.
Defines the solution approach, identifies the critical path, and develops pragmatic delivery plans that enable quick validation, rapid prototyping, and accelerated customer outcomes
Decomposes complex problems into manageable components for communication at both business and technical levels
Analyzes customer pain points, current-state processes, and business objectives to identify high-value FDE opportunities, solution hypotheses, and prototype candidates.
Works as an offshore Solution Architect within the FDE team, partnering closely with customer-facing teams, product teams, and delivery teams to shape and execute solution blueprints.
Uses modern productivity and AI-assisted engineering tools such as Kiro, Claude, and similar platforms to accelerate discovery, solution design, coding, prototyping, documentation, and delivery.
Mentors FDE team members in architecture thinking, prototype development, engineering best practices, reusable accelerators, and building best-in-class customer solutions.
Basic Qualifications
A bachelor’s degree or a master’s degree is required. Degree in the field of technology preferred.
Experience of at least 15 years in industry vertical
Experience of at least 10 years in solution architecture, enterprise applications, cloud platforms, integrations, workflow automation, or related technology domains.
Strong experience architecting cloud-based solutions, including AI, generative AI, integration services, workflow orchestration, APIs, data flows, security, scalability, and operational readiness.
Direct product experience with at least one Infor Cloud Suites, data structures, APIs, extension points, integration patterns, and enterprise delivery models is strongly preferred.
Experience with cloud platforms such as AWS, Azure, or equivalent environments, with familiarity in data governance, security, and compliance frameworks such as GDPR, HIPAA, and data sovereignty requirements.
Scripting, automation, and data manipulation skills such as Python, SQL, APIs, workflow tooling, or low-code automation for accelerator development and AI-assisted solution delivery.
Prior experience with GovCloud or public-sector engagements requiring data sovereignty compliance.
About Infor
Infor is where ambition meets impact. Join a global community of bold thinkers and innovators, where your expertise doesn't just solve problems. it shapes industries, unlocks opportunities, and creates real-world impact for billions of people. At Infor, you're not just building a career. you're helping to build what's next.
Infor is a global leader in business cloud software products for companies in industry specific markets. Infor builds complete industry suites in the cloud and efficiently deploys technology that puts the user experience first, leverages data science, and integrates easily into existing systems. Over 60,000 organizations worldwide rely on Infor to help overcome market disruptions and achieve business-wide digital transformation.
For more information visit www.infor.com
Our Values
At Infor, we strive for an environment that is founded on a business philosophy called Principle Based Management™ (PBM™) and eight Guiding Principles: integrity, stewardship & compliance, transformation, principled entrepreneurship, knowledge, humility, respect, self-actualization.
We have a relentless commitment to a culture based on PBM™. Informed by the principles that allow a free and open society to flourish, PBM™ prepares individuals to innovate, improve, and transform while fostering a healthy, growing organization that creates long-term value for its clients and supporters and fulfillment for its employees.
Infor is an Equal Opportunity Employer. We are committed to creating a diverse and inclusive work environment. Infor does not discriminate against candidates or employees because of their sex, race, gender identity, disability, age, sexual orientation, religion, national origin, veteran status, or any other protected status under the law. If you require accommodation or assistance at any time during the application or selection processes, please submit a request by following the directions located in the FAQ section.
Fraud Awareness
We have been made aware of unauthorized individuals posing as Infor recruiters, including some who have made fraudulent offers of employment. Please read our guidelines and protect yourself from recruitment scams.
Fraud Privacy Policy
We value your privacy at Infor. You may access our privacy policy here.
US Only
This employer uses E-Verify. Please visit
this website
for additional information.
E-Verify Illinois: Click
here
,
aquí
, or
tu
Show more
Show less",Not Applicable,Full-time,Engineering and Information Technology,Software Development
4428351125,Enterprise Architect - Commercial,"Mattel, Inc.","Hyderabad, Telangana, India",1 week ago,2026-07-30,https://in.linkedin.com/jobs/view/enterprise-architect-commercial-at-mattel-inc-4428351125,"CREATIVITY IS OUR SUPERPOWER.
It’s our heritage and it’s also our future. Because we don’t just make toys. We create innovative products and experiences that inspire fans, entertain audiences and develop children through play. Mattel is at its best when every member of our team feels respected, included, and heard—when everyone can show up as themselves and do their best work every day. We value and share an infinite range of ideas and voices that evolve and broaden our perspectives with a reach that extends into all our brands, partners, and suppliers
Principal Enterprise Architect – Commercial Applications
Purpose
Lead enterprise architecture for Commercial and customer-facing digital capabilities across Sales, Trade Promotion, Key Account Management, Customer Engagement, Commercial Analytics, EDI, and related enterprise integrations.
This role will define current-state, transition-state, and target-state architecture; guide platform modernization; support application rationalization; and ensure technology investments align with business capability needs across Commercial, Marketing, Product, Data, Supply Chain, Customer Service, Finance, and Enterprise Technology teams.
Key Responsibilities
Business Architecture
Partner with Commercial, Marketing, Product, Data, Supply Chain, Finance, Customer Service, and Technology stakeholders to translate business strategy into enterprise technology capabilities.
Define and maintain business capability maps, value streams, and capability-to-application alignment across Commercial and Digital platforms.
Identify capability gaps, overlaps, duplication, and modernization opportunities across the Commercial technology landscape.
Support capability-based planning and investment prioritization for Commercial, CRM, EDI, Trade Promotion, Forecasting, Analytics, and integration platforms.
Architecture Strategy
Define current-state, transition-state, and target-state architecture for Commercial and Digital applications.
Develop multiyear technology roadmaps aligned to business priorities, enterprise standards, and transformation programs.
Establish architecture principles, reference architectures, and reusable patterns for Commercial platforms, EDI, data, and integration capabilities.
Support strategic planning, investment decisions, and portfolio prioritization.
Provide architecture leadership for platform modernization, simplification, and transformation initiatives.
Portfolio Ownership
Own architecture direction for platforms and capabilities including
CRM and Account Management
Salesforce ecosystem, including TPM, KAM, and CRM capabilities
Trade Promotion Management
Sales Forecasting and Planning platforms
EDI platforms and B2B customer/vendor integration capabilities
Customer Master and Commercial Data platforms
Commercial Analytics and Reporting platforms
ERP integration touchpoints
Related SaaS, data, middleware, API, cloud, and enterprise integration platforms
Transformation & Modernization
Drive application rationalization and simplification across the Commercial and Digital technology landscape.
Define transition architectures and phased migration roadmaps for legacy modernization.
Support ERP, Salesforce, EDI, analytics, and commercial platform transformation initiatives.
Identify opportunities to reduce technology duplication, improve data quality, simplify integration complexity, and enhance business agility.
Guide modernization of legacy integrations, including batch, file-based, EDI, middleware, API, event-driven, and cloud-native integration patterns.
Data, EDI & Integration Architecture
Define architecture for Customer Master, Commercial Data, Trade Promotion Data, Forecasting Data, Account Data, EDI transaction data, and Analytics Data.
Guide enterprise integration strategy across APIs, events, batch, middleware, EDI, managed file transfer, data lake, SaaS, and cloud-native integration patterns.
Define and govern B2B integration patterns for customers, distributors, retailers, brokers, and external partners.
Provide architecture guidance for EDI transactions such as purchase orders, order acknowledgements, invoices, advance ship notices, remittance advice, product/catalog data, and related commercial documents.
Ensure data and integration designs support scalability, reliability, security, compliance, monitoring, traceability, and operational resilience.
Partner with Integration, Data, Security, Infrastructure, ERP, and Engineering teams to ensure end-to-end architecture quality.
Governance
Lead architecture reviews, solution design reviews, and design governance forums.
Review and approve solution architectures for alignment with enterprise standards.
Create and maintain architecture decision records, standards, patterns, and technology assessments.
Govern architecture decisions across Commercial platforms, Salesforce, ERP integrations, EDI, data platforms, and analytics solutions.
Promote reusable, scalable, secure, and well-governed architecture patterns across the enterprise.
Required Experience
15+ years of experience in Enterprise Architecture, Domain Architecture, or Lead Solution Architecture roles.
Strong experience with Commercial, CRM, Sales Forecasting, Customer, EDI, or Digital platform architecture.
Architecture experience within Salesforce, including TPM, KAM, CRM, or customer-facing platforms.
Experience with ERP and Sales Forecasting application integrations.
Experience with EDI platforms, B2B integrations, managed file transfer, middleware, and enterprise integration patterns.
Strong understanding of enterprise application portfolio management and application rationalization.
Experience defining data architecture, master data ownership, and integration architecture across complex enterprise landscapes.
Proven ability to create current-state, target-state, and transition-state architecture views.
Experience leading architecture governance, design reviews, and cross-functional architecture alignment.
Experience partnering with business and technology stakeholders across Commercial, Data, Integration, ERP, Security, Infrastructure, and Engineering teams.
Required Skills
Enterprise Architecture and Domain Architecture
Business Capability Mapping
Capability-Based Planning
Application Portfolio Management
CRM and Commercial Platform Architecture
Salesforce Platform Architecture
Trade Promotion and Key Account Management Architecture
ERP Integration Architecture
EDI and B2B Integration Architecture
Data and Information Architecture
Master Data Management Concepts
API, Event-Driven, Batch, Middleware, EDI, and File-Based Integration Patterns
SaaS Platform Architecture
Cloud and Data Platform Awareness
Architecture Governance
Technology Roadmap Development
Executive Communication and Stakeholder Management
Preferred Experience
Consumer Products, Retail, FMCG, Manufacturing, Digital Commerce, or Distribution experience.
Salesforce certifications.
Experience working in Global Capability Centers or global enterprise technology organizations.
Experience with platforms such as Anaplan, ERP, PIM, DAM, CDP, Marketing Automation, Integration Platform as a Service, EDI gateways, or Managed File Transfer platforms.
Familiarity with Commercial capabilities such as Sales Forecasting, Account Planning, Trade Promotion, Trade Spend, Customer Engagement, Customer Service, EDI order-to-cash flows, and Commercial Analytics.
Exposure to TOGAF, capability-based planning, architecture repositories, or architecture governance frameworks.
Experience with customer, retailer, distributor, broker, or third-party partner integration models.
Show more
Show less",Not Applicable,Full-time,Information Technology,"Manufacturing, Design Services, and Entertainment Providers"
4431225583,Application Development Architect,The Goodyear Tire & Rubber Company,Greater Hyderabad Area,4 days ago,2026-08-05,https://in.linkedin.com/jobs/view/application-development-architect-at-the-goodyear-tire-rubber-company-4431225583,"Primary Responsibilities
Design, develop, and enhance enterprise PLM applications within the Teamcenter ecosystem, ensuring alignment with business requirements and architecture standards.
Develop and maintain customizations using ITK, BMIDE, SOA/REST services, and UI frameworks to support business processes.
Troubleshoot and resolve complex technical issues across application, integration, and data layers where root causes are not immediately obvious.
Perform cost-benefit analysis and evaluate alternative design approaches to recommend optimal, balanced solutions.
Collaborate with business analysts, product owners, other architects and IT teams to translate functional requirements into scalable technical solutions that align technical decisions with strategic goals.
Track progress against project plans, monitor outcomes, and adjust priorities to meet objectives within timelines and budget constraints.
Provide technical leadership for small to medium initiatives, including task planning, implementation oversight, and coordination of team efforts. Technically lead Workstream in the PLM platform.
Mentor and guide junior developers and team members, providing knowledge transfer on technologies, methodologies, and business processes.
Participate in and contribute to management presentations, technical reviews, and solution proposals.
Maintain, enhance, and support sub-systems, integrations, and third-party components associated with the PLM landscape.
Ensure data integrity, consistency, and system stability through robust design, validation, and operational safeguards.
Develop and execute unit testing to ensure high-quality, defect-free deliverables aligned with development standards.
Adhere to established Software Development Lifecycle (SDLC) practices, including coding standards, reviews, testing, and release governance.
Engage with project managers, architects, and stakeholders to provide technical input, status updates, and risk identification.
Maintain comprehensive technical documentation, including design specifications, code documentation, and knowledge base articles.
Evaluate and recommend emerging technologies, tools, and frameworks to improve development efficiency and platform capabilities.
Support production deployments, including participation in change windows and off-hours activities as required.
Operate effectively within CEST time zone expectations and support global delivery requirements when necessary.
Required Education And Experience
Bachelor’s degree in Computer Science, Engineering, MIS, or related field, or equivalent practical experience
Minimum 10 years of development experience with Siemens Teamcenter, preferable experience with version 2412 or newer in enterprise production environments
Minimum 10 years of strong experience developing using Java or C++, ITK, BMIDE, Access/Security, and Teamcenter customization frameworks
Experience working with scripting and automation tools such as SQL, Batch scripting, or PowerShell
Experience developing web-based solutions using HTML, CSS, JavaScript, JSON, React, Angular or similar technologies
Hands-on experience working within structured SDLC and Agile/DevOps delivery models
Experience integrating Teamcenter with enterprise systems using REST/SOAP APIs and middleware solutions
Experience using version control systems such as GitHub, working with modern CI/CD and DevOps toolchains (e.g., Jenkins, GitHub Actions, Azure DevOps, Jira)
Experience working in production support environments with incident and problem management responsibilities using ServiceNOW
Demonstrated experience designing and implementing complex, multi-tier, cross-platform enterprise applications.
Strong understanding of business process areas and their technical enablement across systems.
Experience working with multiple enterprise technology stacks, frameworks, and integration approaches.
Experience leading or contributing to medium-scale projects, including planning, execution, and delivery oversight.
Experience in documentation, system design specifications, and operational instruction development.
Exposure to cross-functional business processes and enterprise integration patterns.
Familiarity with project planning tools, reporting, and delivery tracking mechanisms.
Experience defining enterprise architecture strategies or influencing long-term technology direction.
Experience with Teamcenter T4X integration implementations (T4S, T4EA, AGI, etc)
Experience building reports and analytics using Snowflake, Power BI, Excel VBA, or similar tools desired but not required
Familiarity with CAD/PLM integrations (CATIA V5, NX, or similar CAD engineering tools) desired but not required
Ability to design, evaluate, and evolve AWS‑based solutions/services/architectures, including cloud services (EC2, S3, Lambda, VPC) desired but not required
Practical experience developing & implementing AI-assisted development tools including agents, MCPs, LLMs, RAG, etc (e.g., GitHub Copilot, Copilot Studio, Claude, Cursor, CodeX, Gemini, Kiro, Cortex) desired but not required
Skills & Abilities
Strong expertise in:
Teamcenter application development Java / C++ programming (ITK, BMIDE, SOA/REST services)
SQL and database interaction (queries, data validation, troubleshooting)
Scripting and automation (Batch, PowerShell, or equivalent)
Web technologies (HTML, CSS, JavaScript, JSON)
Teamcenter Application architecture design (multi-tier, distributed, cross-platform systems)
Enterprise system (PLM, ERP, MES, etc) integration and business process modeling
Programming concepts and development methodologies across multiple platforms
Data integrity, system reliability, and performance optimization principles
Teamcenter T4X integration implementations (T4S, T4EA, AGI, etc)
Snowflake, Power BI, Excel VBA, or similar tools desired but not required
AWS‑based solutions/services/architectures, including cloud services (EC2, S3, Lambda, VPC) desired but not required
Solid understanding of Teamcenter data model, workflows, configuration, and integration concepts.
Ability to troubleshoot, debug and problem-solve cross-layer issues spanning application, database, and integration components.
Ability to collaborate effectively with cross-functional teams (business, infrastructure, architecture, QA).
Strong organizational, communication, and time management skills with the ability to manage multiple priorities and ability to work effectively across technical and business teams.
Strong understanding of enterprise IT environments, infrastructure, and supporting technology ecosystems.
Ability to evaluate multiple design alternatives and make balanced, data-driven decisions.
Ability to collaborate effectively across business, development, infrastructure, and leadership teams.
Leadership capability to guide teams, mentor junior staff, and influence technical direction.
Effective communication skills, including the ability to translate complex technical concepts into business-friendly language.
Ability to operate independently with minimal supervision while aligning with overall strategic direction.
Comfortable working across multiple geographies, functions, and organizational levels, including external stakeholders.
Ability to drive architectural governance, define standards, and influence enterprise-wide technology adoption.
Ability to evaluate and modernize application architectures, including cloud or advanced automation opportunities desired but not required
Practical experience developing & implementing AI-assisted development tools desired but not required
Goodyear is one of the world's largest tire companies. It employs about 63,000 people and manufactures its products in 49 facilities in 19 countries around the world. Its two Innovation Centers in Akron, Ohio, and Colmar-Berg, Luxembourg, strive to develop state-of-the-art products and services that set the technology and performance standard for the industry. For more information about Goodyear and its products, go to www.goodyear.com/corporate
Goodyear is an equal employment opportunity employer. All qualified applicants will receive consideration for employment without regard to any characteristic protected by law.
Show more
Show less",Not Applicable,Full-time,Engineering and Information Technology,Motor Vehicle Manufacturing
4270943974,Technical Architect,Storable,"Hyderabad, Telangana, India",2 weeks ago,2026-07-22,https://in.linkedin.com/jobs/view/technical-architect-at-storable-4270943974,"Storable
is looking for a Software Architect who is passionate about designing and building high quality software and playing a crucial role in evolving the Architecture to deliver on our vision of a unified platform.
How is this different from other software engineering jobs?
As the leading provider of technology solutions in the self-storage industry, we are creating innovative experiences for our customers that help them run better businesses than ever before. You should be passionate about building the right solutions and be comfortable working in an open-ended, dynamic environment where roles are flexible and communication is essential. This is a great opportunity for you to join a team that encourages innovation, creativity, teamwork, professional growth, and advancement.
What you’ll be doing
● You will be responsible for outlining the architectural and technical direction of Storable’s consumer-facing products
● As a member of the Architecture team, you will work with other Architects to ensure that technology solutions align with long-term product, security, and enterprise visions and roadmaps
● You will lead cross-product discussions and drive alignment on technology strategy
● You will drive innovation around engineering principles and practices, identifying improvements and ideas, and driving their adoption across the organization
● You will evaluate technical issues and initiatives, work with teams to recommend solutions that align with the Architectural direction, and guide teams during implementation
● You will collaborate with product and engineering team leads to translate business objectives into clear problem statements and system requirements
● You embrace ambiguity and work towards bringing clarity to the roadmap in collaboration with the Consumer Group Product and Engineering Managers
● You will define standard software engineering/architecture practices at an Organisational level
● You must be a strong team leader. You enjoy mentoring and collaboration across engineering and product teams
What you need to bring to the table
● Strong hands-on coding experience with 10+ years in consumer web development technologies and architectures
● Track record for effectively aligning large organizations on long-term technical visions and for leading teams of senior engineers to successfully execute a multi-quarter technical vision
● Familiarity with architectural patterns of highly scalable enterprise service design, including monitoring, analytics, and reliability engineering
● Strong understanding of cloud technologies (AWS, Kubernetes) and passion for adopting DevOps practices (CI/CD, Infrastructure as Code)
● Extensive experience designing and developing React and NodeJS applications acrossmultiple development teams
● Exposure to microservice & asynchronous event-based architectures
● Experience designing and maintaining globally distributed, large-scale systems
● Experience with server-side technologies and track record of identifying performance bottlenecks and outlining remedies (caching, asynchronous processing, parallelization techniques)
● Deep understanding of REST API design principles and practices
● Experience with cloud configuration and deployment technologies
● Experience with Agile software development practices
Show more
Show less",Mid-Senior level,Full-time,Engineering and Information Technology,Software Development
4439522516,Director Commercial Solutions,BioSpace,"Hyderabad, Telangana, India",4 weeks ago,2026-07-12,https://in.linkedin.com/jobs/view/director-commercial-solutions-at-biospace-4439522516,"Build Our Future Together
Regeneron is founded on the belief that the right idea, combined with the right team, can lead to significant transformations. Our growing global network is dedicated to inventing, developing, and commercializing medicines that change lives for those with serious diseases. In doing so, we are pioneering innovative approaches to science, manufacturing, and commercialization, as well as redefining our understanding of health.
At Regeneron, we use science and innovation to develop life-changing medicines for people with serious diseases. We are seeking a Director, Commercial Solutions to join our Global Commercial Digital & Technology organization. In this leadership role, you will be responsible for building and scaling commercial technology capabilities within our Global Capability Center while serving as a strategic partner to global business and technology leaders. You will lead the delivery of innovative technology, data, and AI-enabled solutions that support commercial operations, customer engagement, analytics, market access, and patient services. This role offers a unique opportunity to shape the future of commercial digital transformation by combining deep commercial domain expertise, technology leadership, and organizational development within a highly collaborative global environment.
When & Where
Hyderabad,
India
(Hybrid)
Discover Your Role
Lead and scale the Commercial Digital & Technology organization within the Global Capability Center, fostering a high-performance, inclusive, and innovation culture.
Build and expand commercial technology capabilities through hiring, onboarding, talent development, and organizational design.
Partner with global commercial and technology leaders to define and implement business-aligned technology strategies that support commercial growth objectives.
Lead end-to-end technology, architecture, data, and solution delivery across Agile and traditional delivery models.
Deliver and optimize commercial technology platforms including CRM, customer engagement, commercial analytics, data management, incentive compensation, and omnichannel solutions.
Establish operational excellence through delivery governance, performance metrics, process improvement, and continuous optimization.
Ensure compliance with applicable healthcare regulations, data privacy requirements, commercial governance frameworks, and audit readiness standards.
Drive adoption of AI and Generative AI capabilities by identifying practical business use cases while ensuring compliance in regulated commercial environments.
Act as a strategic advisor to senior stakeholders by translating complex business challenges into scalable and actionable technology solutions.
Communicate effectively with executive leadership and cross-functional teams across global regions, driving alignment and informed decision-making.
This Role Requires
Bachelor's degree in Computer Science, Information Technology, Engineering, Business, Life Sciences, or a related field; advanced degree preferred.
Significant leadership experience in pharmaceutical, biotechnology, healthcare, or other highly regulated industries.
Deep knowledge of pharmaceutical and biotechnology commercial operations, including Sales, Marketing, Omnichannel Engagement, Market Access, Commercial Analytics, Commercial Operations, and Patient Services.
Experience leading large-scale technology organizations and global delivery teams across architecture, engineering, and data rigors.
Strong understanding of commercial technology ecosystems including Veeva CRM, Salesforce platforms, Data Cloud, Marketing Cloud, master data management, commercial analytics, and customer engagement solutions.
Knowledge of healthcare industry regulations including GDPR, HIPAA, consent management, transparency requirements, and commercial compliance standards.
Experience establishing and expanding Global Capability Center (GCC) organizations or similar global operating models.
Demonstrated experience evaluating, implementing, and governing AI and Generative AI solutions that deliver measurable business value.
Proven ability to influence senior collaborators and operate effectively within complex global matrix environments.
Strong critical thinking, problem-solving, organizational leadership, and executive communication skills.
Does this sound like you? Apply now to take your first step towards living the Regeneron Way! We are committed to building a workplace with an inclusive culture. Regeneron is an equal opportunity employer and all qualified applicants will receive consideration for employment without regard to race, color, religion or belief (or lack thereof), sex, sexual orientation, gender identity or expression, gender reassignment, marital or civil partnership status, civil status, pregnancy or parental status, age, disability, nationality, citizenship status, ethnic or national origin, membership of the Traveler community, familial status, genetic information, military or veteran status, or any other characteristic protected under applicable law. Where required, we will provide reasonable accommodation to applicants with known disabilities or chronic illnesses during the recruitment process, unless such accommodation would impose undue hardship.
Where necessary, we disclose salary ranges for roles in all countries in which we operate. The final offer will be determined within the relevant range based on the country of employment, specific role level, and your skills and experience. In some countries, collective bargaining agreements (CBAs) may apply and influence certain elements of pay or benefits. Regeneron offers a competitive and comprehensive total rewards package which may include, depending on country and role: annual bonuses or other incentive plans, equity awards, pension or retirement benefits, 401(k) company match, health and wellness programs, fitness centers, insurance benefits (e.g. medical, dental, vision, life and disability), paid time off, and family support benefits. For additional information about Regeneron benefits in the U.S., please visit https://careers.regeneron.com/en/working-at-regeneron/total-rewards/. For other locations, additional information will be provided during the recruitment process. If you have any questions, please speak with your recruiter.
Please be advised that at Regeneron, we believe we do our best work when we are together. For that reason, many roles are required to be performed onsite. Please speak with your recruiter and hiring manager for more information about onsite expectations for your role and location.
As part of the recruitment process, certain background checks may be conducted in accordance with the laws of the country where the position is based. The purpose of such checks is to verify certain information prior to the commencement of employment such as identity, right to work and educational qualifications.
For jobs in Canada: this posting is for an existing position.
Show more
Show less",Not Applicable,Full-time,Information Technology,Internet News
4449933524,Architect,Info Way Solutions,"Hyderabad, Telangana, India",3 days ago,2026-08-05,https://in.linkedin.com/jobs/view/architect-at-info-way-solutions-4449933524,"Requirement Overview
They are looking for a
Senior Xstore lead
with
15+ years of hands-on Xstore experience
, preferably someone who has spent a significant portion of their career in the Xstore ecosystem and can operate as a trusted advisor to the organization.
The profile should be capable of:
Owning Xstore architecture and solution design across large-scale retail environments
Driving engineering excellence, best practices, and implementation standards
Establishing governance, process rigor, and operational discipline
Solving complex business and technical challenges while accelerating speed-to-market
Providing leadership and mentorship to engineering teams
Acting as a bridge between business stakeholders, product teams, and technology teams
Show more
Show less",Mid-Senior level,Contract,Information Technology,IT Services and IT Consulting
4448816200,Solutions Architect,The Hartford India,"Hyderabad, Telangana, India",5 days ago,2026-08-04,https://in.linkedin.com/jobs/view/solutions-architect-at-the-hartford-india-4448816200,"Solution Architect
You are a driven and motivated problem solver ready to pursue meaningful work with strong technical, design and architectural skills. You strive to make an impact every day - not only at work, but in your personal life and community too. If that sounds like you, then you've landed in the right place.
The Hartford is seeking a transformative, customer-centric Solution Architect to join the Claims and Operations IT team supporting
core financial, billing, and operational platforms
as we progress through our modernization agenda. This role will focus on
scalable platform architecture, financial workflows, and experience-driven capabilities
, delivering value across lines of business. If you’re a passionate technical leader with a continuous learning mindset and motivation to stay on top of the latest trends in emerging technologies such as
AI/GenAI, cloud platforms (AWS), APIs, event-driven architectures, microservices/micro frontends, SaaS solutions, and platform engineering
, then this position is for you.
This is a technical leadership position that allows you to apply your strong application design, development, and excellent communication skills. This position will be responsible for conceptualizing and designing innovative end-to-end software architectures that enable strategic business objectives across
transactional financial systems, operational workflows, and digital servicing platforms
. You will create end-to-end
AI-enabled and digital-first solution designs
, including intelligent automation, document processing, and decisioning, spanning across multiple components and technologies in a dynamic, Agile environment. You will also provide technical leadership to project teams as the solution design progresses through implementation into run.
Additionally, you will have the opportunity to influence business leaders and shape the business vision by aligning technology strategies with business goals, ensuring that our
cloud- and AI-first approach
drives impactful outcomes across modernization initiatives.
Responsibilities include, but are not limited to:
Leverage AI and Generative AI capabilities to accelerate solution design and engineering productivity
, including rapid prototyping, architecture pattern generation, intelligent code assistance, and synthesis of technical insights. Apply these capabilities to enhance product analysis, improve decision-making, and drive faster, higher-quality delivery outcomes.
Drive hands-on development of proof-of-concepts (POCs) and reference implementations
, generating functional code aligned to defined requirements to validate architecture patterns, de-risk solutions, and provide delivery teams with a clear and practical runway to accelerate execution and scale adoption.
Establish and drive clear, effective, and innovative solution designs aligning to The Hartford’s reference architectures, blueprints, and business and IT strategies across
core platforms and financial/operational ecosystems
, with a focus on AI and strategic thinking.
Develop architectural standards and designs for
customer-facing and internal servicing capabilities
, including digital experiences and operational workflows, incorporating a visionary approach and end-to-end solutioning with a big picture mindset.
Align solutions to The Hartford’s reference architectures, blueprints, and business and IT strategies, ensuring they are plug-and-play and leverage
APIs, event-driven integrations, reusable services, and platform-based architectures
.
Ensure alignment with security standards, authentication, authorization, and enterprise compliance requirements, while integrating
vendor platforms, SaaS solutions, and AI/ML services into the ecosystem
.
Provide design supporting the migration of platforms and applications to the cloud, including
modernization of legacy systems into cloud-native, containerized, and event-driven architectures
, taking advantage of rationalization opportunities to reduce costs and promote a frugal architecture mindset.
Design solutions leveraging SaaS and Native Cloud architectures and services, including
AI services, data platforms, and integration layers
, focusing on scalable and reusable architecture patterns.
Develop designs and integrations spanning both Mobile and Responsive Web, ensuring
digital capabilities are accessible across customer, agent, and internal roles
.
Participate with agile teams to ensure architecture standards are being maintained, promoting a
platform, product, and API-first engineering model
.
Frequently interact with peers and senior leaders as part of a cross-functional team, influencing business leaders and shaping business vision.
Work within a matrixed environment, expanding knowledge of The Hartford’s lines of business and
end-to-end operational and financial workflows
.
Emphasize cost-conscious architecture and frugal architecture principles, ensuring that solutions are designed to be cost-effective and efficient, particularly across
high-volume transactional and event-driven workloads
.
Foster a mindset of building platforms and products that prioritize speed to market and lower maintenance costs, leveraging
cloud-native services, reusable platforms, and AI capabilities
.
Qualifications:
Bachelor's degree with 5+ years of hands-on experience in designing and implementing robust enterprise-level digital and platform solutions with a broad understanding of traditional and modern software technology frameworks, platforms, vendor software solutions, development tools, and processes.
Cloud certifications and architecture certifications are a plus.
Experience developing or designing single-page applications utilizing contemporary frameworks such as Angular/React, supporting modern
digital and operational interfaces
.
Experience designing and implementing cloud-based solutions utilizing Microservices or API-based integrations with a clear understanding of JSON, REST, and HTTP standards, including
event streaming and asynchronous messaging patterns
.
Clear understanding of cloud, hybrid cloud, and container deployment architectures including building cloud-ready applications and container orchestration systems supporting
scalable, distributed applications
.
Experience of working with agile development teams delivering
platform and product-based solutions
.
Strong written and verbal communication, presentation, and technical writing skills with the ability to effectively communicate solution recommendations and influence key stakeholders.
Experience with multi-cloud environments and AI technologies, demonstrating the ability to design and implement solutions that leverage these technologies to drive business value and innovation, including
GenAI use cases, intelligent automation, and data-driven decisioning
.
Experience with Micro Frontends (MFEs), demonstrating the ability to design and implement modular and scalable front-end architectures.
Show more
Show less",Mid-Senior level,Full-time,Engineering and Information Technology,"Banking, Financial Services, and Insurance Carriers"
4446273003,Solution Architect,The Hartford India,Greater Hyderabad Area,5 days ago,2026-08-03,https://in.linkedin.com/jobs/view/solution-architect-at-the-hartford-india-4446273003,"IND Senior Staff Software Engineer - GCC020
We’re determined to make a difference and are proud to be an insurance company that goes well beyond coverages and policies. Working here means having every opportunity to achieve your goals – and to help others accomplish theirs, too. Join our team as we help shape the future.
You are a driven and motivated problem solver ready to pursue meaningful work with strong technical, design and architectural skills. You strive to make an impact every day - not only at work, but in your personal life and community too. If that sounds like you, then you've landed in the right place.
The Hartford is seeking a transformative, customer-centric Solution Architect to join the Claims and Operations IT team supporting
core financial, billing, and operational platforms
as we progress through our modernization agenda. This role will focus on
scalable platform architecture, financial workflows, and experience-driven capabilities
, delivering value across lines of business. If you’re a passionate technical leader with a continuous learning mindset and motivation to stay on top of the latest trends in emerging technologies such as
AI/GenAI, cloud platforms (AWS), APIs, event-driven architectures, microservices/micro frontends, SaaS solutions, and platform engineering
, then this position is for you.
This is a technical leadership position that allows you to apply your strong application design, development, and excellent communication skills. This position will be responsible for conceptualizing and designing innovative end-to-end software architectures that enable strategic business objectives across
transactional financial systems, operational workflows, and digital servicing platforms
. You will create end-to-end
AI-enabled and digital-first solution designs
, including intelligent automation, document processing, and decisioning, spanning across multiple components and technologies in a dynamic, Agile environment. You will also provide technical leadership to project teams as the solution design progresses through implementation into run.
Additionally, you will have the opportunity to influence business leaders and shape the business vision by aligning technology strategies with business goals, ensuring that our
cloud- and AI-first approach
drives impactful outcomes across modernization initiatives.
Responsibilities Include, But Are Not Limited To
Leverage AI and Generative AI capabilities to accelerate solution design and engineering productivity, including rapid prototyping, architecture pattern generation, intelligent code assistance, and synthesis of technical insights. Apply these capabilities to enhance product analysis, improve decision-making, and drive faster, higher-quality delivery outcomes.
Drive hands-on development of proof-of-concepts (POCs) and reference implementations, generating functional code aligned to defined requirements to validate architecture patterns, de-risk solutions, and provide delivery teams with a clear and practical runway to accelerate execution and scale adoption.
Establish and drive clear, effective, and innovative solution designs aligning to The Hartford’s reference architectures, blueprints, and business and IT strategies across core platforms and financial/operational ecosystems, with a focus on AI and strategic thinking.
Develop architectural standards and designs for customer-facing and internal servicing capabilities, including digital experiences and operational workflows, incorporating a visionary approach and end-to-end solutioning with a big picture mindset.
Align solutions to The Hartford’s reference architectures, blueprints, and business and IT strategies, ensuring they are plug-and-play and leverage APIs, event-driven integrations, reusable services, and platform-based architectures.
Ensure alignment with security standards, authentication, authorization, and enterprise compliance requirements, while integrating vendor platforms, SaaS solutions, and AI/ML services into the ecosystem.
Provide design supporting the migration of platforms and applications to the cloud, including modernization of legacy systems into cloud-native, containerized, and event-driven architectures, taking advantage of rationalization opportunities to reduce costs and promote a frugal architecture mindset.
Design solutions leveraging SaaS and Native Cloud architectures and services, including AI services, data platforms, and integration layers, focusing on scalable and reusable architecture patterns.
Develop designs and integrations spanning both Mobile and Responsive Web, ensuring digital capabilities are accessible across customer, agent, and internal roles.
Participate with agile teams to ensure architecture standards are being maintained, promoting a platform, product, and API-first engineering model.
Frequently interact with peers and senior leaders as part of a cross-functional team, influencing business leaders and shaping business vision.
Work within a matrixed environment, expanding knowledge of The Hartford’s lines of business and end-to-end operational and financial workflows.
Emphasize cost-conscious architecture and frugal architecture principles, ensuring that solutions are designed to be cost-effective and efficient, particularly across high-volume transactional and event-driven workloads.
Foster a mindset of building platforms and products that prioritize speed to market and lower maintenance costs, leveraging cloud-native services, reusable platforms, and AI capabilities.
Qualifications
Bachelor's degree with 5+ years of hands-on experience in designing and implementing robust enterprise-level digital and platform solutions with a broad understanding of traditional and modern software technology frameworks, platforms, vendor software solutions, development tools, and processes.
Cloud certifications and architecture certifications are a plus.
Experience developing or designing single-page applications utilizing contemporary frameworks such as Angular/React, supporting modern digital and operational interfaces.
Experience designing and implementing cloud-based solutions utilizing Microservices or API-based integrations with a clear understanding of JSON, REST, and HTTP standards, including event streaming and asynchronous messaging patterns.
Clear understanding of cloud, hybrid cloud, and container deployment architectures including building cloud-ready applications and container orchestration systems supporting scalable, distributed applications.
Experience of working with agile development teams delivering platform and product-based solutions.
Strong written and verbal communication, presentation, and technical writing skills with the ability to effectively communicate solution recommendations and influence key stakeholders.
Experience with multi-cloud environments and AI technologies, demonstrating the ability to design and implement solutions that leverage these technologies to drive business value and innovation, including GenAI use cases, intelligent automation, and data-driven decisioning.
Experience with Micro Frontends (MFEs), demonstrating the ability to design and implement modular and scalable front-end architectures.
Show more
Show less",Not Applicable,Full-time,Information Technology,Financial Services
4409294028,Senior Application Architect,"NTT DATA, Inc.",Greater Hyderabad Area,1 week ago,2026-07-31,https://in.linkedin.com/jobs/view/senior-application-architect-at-ntt-data-inc-4409294028,"Make an impact with NTT DATA
Join a company that is pushing the boundaries of what is possible. We are renowned for our technical excellence and leading innovations, and for making a difference to our clients and society. Our workplace embraces diversity and inclusion – it’s a place where you can grow, belong and thrive.
Additional Career Level Description:
Knowledge and application:
Works on issues where analysis of situations or data requires conceptual thinking and an in-depth knowledge of organizational objectives.
Sets operational objectives, policies, procedures and work plans.
Problem solving:
Problems are not clearly defined and may lack strategic direction which may require judgement and consideration of multiple perspectives to devise concepts and solutions.
Interaction:
Interacts regularly with senior and/or lower management on matters concerning several functional areas, department, and/or customers.
Applies knowledge to persuade diverse stakeholders on sensitive complex situations whilst preserving relationships.
Delegates assignments to subordinates whist senior management reviews achievements of departmental objectives achieved.
Impact:
Mistakes will result in critical delay(s) in schedules and/or unit operations and may jeopardize overall business activities.
Decisions directly impact short term less than one-year results of the team/program/group.
Accountability:
Manages activities of two or more disciplines or a department.
Implements policies and selects methods, techniques, and evaluation criteria for obtaining results.
Drives the strategy and success of larger projects which contribute to multiple areas of the organization.
Accountable for department budget which may be broad and have far reaching impact on the business segment.
Workplace type:
Remote Working
About NTT DATA
NTT DATA is a $30+ billion trusted global innovator of business and technology services. We serve 75% of the Fortune Global 100 and are committed to helping clients innovate, optimize and transform for long-term success. We invest over $3.6 billion each year in R&D to help organizations and society move confidently and sustainably into the digital future. As a Global Top Employer, we have diverse experts in more than 50 countries and a robust partner ecosystem of established and start-up companies. Our services include business and technology consulting, data and artificial intelligence, industry solutions, as well as the development, implementation and management of applications, infrastructure, and connectivity. We are also one of the leading providers of digital and AI infrastructure in the world. NTT DATA is part of NTT Group and headquartered in Tokyo.
Equal Opportunity Employer
NTT DATA is proud to be an Equal Opportunity Employer with a global culture that embraces diversity. We are committed to providing an environment free of unfair discrimination and harassment. We do not discriminate based on age, race, colour, gender, sexual orientation, religion, nationality, disability, pregnancy, marital status, veteran status, or any other protected category. Join our growing global team and accelerate your career with us. Apply today.
Show more
Show less",Not Applicable,Full-time,Engineering and Information Technology,IT Services and IT Consulting
4447923043,AI&E - AVP - Hybrid Cloud Infrastructure,Deloitte,"Hyderabad, Telangana, India",6 days ago,2026-08-03,https://in.linkedin.com/jobs/view/ai-e-avp-hybrid-cloud-infrastructure-at-deloitte-4447923043,"Summary
Position Summary
As an Associate Vice President, Engineering Managed Services at Deloitte Consulting, you will play the role of strategic architect who creates and(or) reviews enterprise grade architectures and also provides best practices for technical delivery for complex, enterprise-solutions. You will lead and guide multidisciplinary, global teams and serve as a senior mentor to managers and junior staff. You will partner closely with clients and internal stakeholders to align solution strategies with business goals, contribute to sales and proposal development, and ensure rigorous management of end-to-end project delivery, including scoping, estimation, and executive reporting for successful project outcomes.
Work you'll do
As an Associate Vice President, Engineering Managed Services on the AI & Engineering team, you will be responsible for leading hybrid cloud infrastructure strategy, solution design, and delivery for large-scale enterprise environments.
Develop and execute hybrid cloud infrastructure strategies aligned to business priorities, market trends, and client transformation goals
Lead the design, implementation, and scaling of infrastructure managed services, including automation and generative artificial intelligence-enabled capabilities
Build client relationships, identify business opportunities, support go-to-market efforts, and contribute to commercial growth
Lead large, cross-functional teams across architecture, engineering, operations, and service delivery to execute complex programs
Establish governance, security, compliance, and risk management practices across hybrid and multi-cloud environments
The team
AI & Data offers a full spectrum of solutions for designing, developing, and operating cutting-edge Data and AI platforms, products, insights, and services. Our offering helps clients innovate, and enhance their data, AI, and analytics capabilities, ensuring they can mature and scale effectively.
AI & Data professionals will work with our clients to:
Design and modernize large-scale data and analytics platforms including data management, governance and the integration of structured and unstructured data to generate insights leveraging cloud, edge and AI/ML technologies, platforms and methodologies for storage, processing
Leverage automation, cognitive and AI based solutions to manage data, predict scenarios and prescribe actions
Drive operational efficiency by managing and upgrading their data ecosystems and application platforms, utilizing analytics expertise and providing As-a-Service models to ensure continuous insights and enhancements.
Location: Pune / Hyderabad
Shift Timings: As per business needs
Qualifications
Required:
18+ years of experience in information technology infrastructure, including 8+ years in leadership roles focused on hybrid cloud, managed services, or cloud platform engineering
Experience selling, designing, and scaling infrastructure managed services for enterprise clients
Experience with hybrid cloud architectures across Amazon Web Services, Microsoft Azure, Google Cloud Platform, or Oracle Cloud Infrastructure
Experience with automation frameworks, service desk implementation, AIOps, and end user compute environments
Experience leading large, cross-functional teams across infrastructure transformation or cloud services programs
Experience managing security, compliance, and regulatory requirements in hybrid or multi-cloud environments
Ability to travel 40-50%, on average, based on the work you do and the clients and industries/sectors you serve.
Preferred:
Experience integrating generative artificial intelligence capabilities into infrastructure operations or managed services environments
Experience developing go-to-market strategies and supporting sales pursuits for infrastructure or cloud-led transformation programs
Experience advising senior client stakeholders on infrastructure modernization and operating model transformation
Experience driving digital transformation and workforce development initiatives
Experience delivering infrastructure solutions for enterprise data center and cloud transformation programs
#CA-AEN
#FY27ReferralCampaign
Our purpose
Deloitte’s purpose is to make an impact that matters for our people, clients, and communities. At Deloitte, purpose is synonymous with how we work every day. It defines who we are. Our purpose comes through in our work with clients that enables impact and value in their organizations, as well as through our own investments, commitments, and actions across areas that help drive positive outcomes for our communities.
Our people and culture
Our inclusive culture empowers our people to be who they are, contribute their unique perspectives, and make a difference individually and collectively. It enables us to leverage different ways of thinking, ideas and perspectives, and bring more creativity and innovation to help solve our clients’ most complex challenges. This makes Deloitte one of the most rewarding places to work.
Professional development
At Deloitte, professionals have the opportunity to work with some of the best and discover what works best for them. Here, we prioritize professional growth, offering diverse learning and networking opportunities to help accelerate careers and enhance leadership skills. Our state-of-the-art DU: The Leadership Center in India, located in Hyderabad, represents a tangible symbol of our commitment to the holistic growth and development of our people. Explore DU: The Leadership Center in India .
Benefits To Help You Thrive
At Deloitte, we know that great people make a great organization. Our comprehensive rewards program helps us deliver a distinctly Deloitte experience that helps that empowers our professionals to thrive mentally, physically, and financially—and live their purpose. To support our professionals and their loved ones, we offer a broad range of benefits. Eligibility requirements may be based on role, tenure, type of employment and/ or other criteria. Learn more about what working at Deloitte can mean for you.
Recruiting tips
From developing a stand out resume to putting your best foot forward in the interview, we want you to feel prepared and confident as you explore opportunities at Deloitte. Check out recruiting tips from Deloitte recruiters.
Requisition code: 354081
Show more
Show less",Not Applicable,Full-time,Information Technology,Business Consulting and Services
4426311864,Principal Engineering Program Manage,Providence India,"Hyderabad, Telangana, India",2 weeks ago,2026-07-22,https://in.linkedin.com/jobs/view/principal-engineering-program-manage-at-providence-india-4426311864,"Product Manager / Solution Designer – ServiceNow ITOM
Job Title
Product Manager / Solution Designer – ServiceNow ITOM
Experience
10–16 Years
Location
Hyderabad (Hybrid)
Job Summary
We are looking for an experienced
ServiceNow ITOM Product Manager / Solution Designer
with strong expertise in
Enterprise Architecture, CSDM (Common Service Data Model), and Business Analysis
. The ideal candidate will lead enterprise-scale ITOM transformation initiatives, define solution architecture, and drive ServiceNow platform strategy aligned with business and operational goals.
The candidate should possess hands-on expertise in
ServiceNow ITOM modules, CMDB governance, Discovery, Service Mapping, cloud integrations, and enterprise service modeling
while collaborating with business stakeholders, architecture teams, and engineering organizations.
Key Responsibilities
Lead architecture, design, and implementation of ServiceNow ITOM solutions.
Define and manage ITOM product roadmap and platform strategy.
Design scalable enterprise solutions for:
Discovery
Service Mapping
Event Management
CMDB
Cloud Discovery
Orchestration & Automation
Drive adoption and governance of CSDM across enterprise services and applications.
Align ServiceNow architecture with enterprise architecture standards and IT strategy.
Conduct requirement gathering, business analysis, and stakeholder workshops.
Translate business requirements into technical and functional solution designs.
Define CMDB data models, governance processes, and service mapping strategies.
Collaborate with infrastructure, cloud, security, and operations teams for integrations and onboarding.
Provide consulting and thought leadership on ITOM best practices and platform optimization.
Ensure successful delivery through coordination with development and implementation teams.
Support estimation, solution proposals, and architecture reviews.
Required Skills & Qualifications
Mandatory Skills
10–16 years of overall IT experience.
Strong experience in ServiceNow ITOM implementation and solution design.
Expertise in:
CMDB
Discovery
Service Mapping
Event Management
CSDM
Strong understanding of Enterprise Architecture principles.
Experience in Business Analysis, requirement gathering, and stakeholder management.
Knowledge of ITIL processes and IT Operations Management.
Experience with cloud platforms such as AWS, Azure, or GCP.
Strong communication, presentation, and documentation skills.
Preferred Qualifications
ServiceNow CIS-ITOM Certification
ServiceNow CSA Certification
TOGAF Certification
ITIL Certification
Experience in Agile/Scrum delivery models
Exposure to AIOps and Observability solutions
Soft Skills
Strong leadership and ownership mindset
Excellent analytical and problem-solving skills
Ability to work with senior business and technology stakeholders
Strong collaboration and communication skills
Strategic and solution-oriented thinking
Show more
Show less",Not Applicable,Full-time,"Consulting, Information Technology, and Sales",Hospitals and Health Care
4433376190,Principal Architect (Reporting Infra Tech),D. E. Shaw India Private Limited,"Hyderabad, Telangana, India",1 week ago,2026-07-29,https://in.linkedin.com/jobs/view/principal-architect-reporting-infra-tech-at-d-e-shaw-india-private-limited-4433376190,"The D. E. Shaw group is a global investment and technology development firm with more than $90 billion in investment capital as of March 1, 2026, and offices in North America, Europe, and Asia. Since our founding in 1988, our firm has earned an international reputation for successful investing based on innovation, careful risk management, and the quality and depth of our staff. We have a significant presence in the world’s capital markets, investing in a wide range of companies and financial instruments in both developed and developing economies.
We seek an experienced senior technical architect with an excellent engineering foundation and a proven track record in building and delivering full-stack enterprise products to join the Reporting Infra Tech team based in Hyderabad, Bengaluru and Gurugram. The team focused on building scalable, reliable, and future-ready reporting platforms for the firm. This team will play a central role in enabling the firm to meet evolving regulatory and investor expectations while improving the overall quality and efficiency of our reporting function. The ideal candidate will be language and framework agnostic — comfortable working with Python, Java, or other enterprise-grade technologies — and able to design solutions end-to-end, from architecture to deployment.
WHAT YOU'LL DO DAY-TO-DAY:
You will be responsible for technical architecture, design direction, and modernization of the reporting tools ecosystem. You will engineer the reporting process and will design the orchestration of data flows architect while maintaining data quality. Your role will involve making hands-on technical decisions around design patterns, technology choices, integration models, and validation approaches. You will develop both high‑level and low-level designs, ensuring reliability, scalability, availability, and maintainability. You will work closely with business stakeholders to co‑create strategies, set clear expectations, and ensure accountability in delivery. In addition, you will govern implementation and technical direction. As a technical leader, you will champion innovation by encouraging experimentation, continuous improvement, and the adoption of new technologies and processes to enhance platform capabilities and delivery outcomes.
WHO WE’RE LOOKING FOR:
The ideal candidate should hold-
Basic Qualifications:
A bachelor’s or master’s degree in computer science or a related field with at least 8 years of relevant experience
Programming expertise in Python (preferred), Java or C++, with the technical depth to lead meaningful architecture and code reviews
Expertise in standard algorithms, data structures, and performance‑driven application design
Experience building and delivering full‑stack products, integrating front‑end, back‑end, and data layers
The ability to engage stakeholders effectively, bridge communication gaps, and build trust across teams
Proven project management capabilities, with a big‑picture perspective and the ability to break down complex initiatives into actionable plans
Excellent communication, analytical, and technical problem solving skills, with the ability to evaluate alternative approaches and optimize solutions
The ability to balance deep technical expertise with strategic vision to deliver solutions aligned with evolving business needs
Exceptional passion for building impactful technology solutions that deliver measurable business outcomes
Interested candidates can apply through our website: https://www.deshawindia.com/recruit/jobs/Ads/Link/PARepInfraTechJune26
We encourage candidates with relevant experience looking to restart their careers after a break to apply for this position. Learn about Recommence, our gender-neutral return-to-work initiative.
The Firm offers excellent benefits, a casual, collegial working environment, and an attractive compensation package. For further information about our recruitment process, including how applicant data will be processed, please visit https://www.deshawindia.com/careers
Members of the D. E. Shaw group do not discriminate in employment matters on the basis of sex, race, colour, caste, creed, religion, pregnancy, national origin, age, military service eligibility, veteran status, sexual orientation, marital status, disability, or any other protected class.
Show more
Show less",Director,Full-time,Information Technology,Financial Services
4437989434,Product Architect - Appian & AWS,Vanguard India,"Hyderabad, Telangana, India",1 month ago,2026-07-10,https://in.linkedin.com/jobs/view/product-architect-appian-aws-at-vanguard-india-4437989434,"About Vanguard
Founded in 1975, Vanguard is one of the world's leading investment management companies. The firm offers investments, advice, and retirement services to tens of millions of individual investors around the globe—directly, through workplace plans, and through financial intermediaries.
Vanguard’s India Office
Vanguard’s office in India is a significant milestone in our global expansion. We are committed to establishing an enduring technology center in Hyderabad, Telangana and are excited to be adding talent who will focus on Artificial Intelligence (AI), mobile, and cloud-based technologies that drive our business outcomes and deliver a world-class experience for our clients.
Role Summary
This role works closely with product owners and teams to define roadmaps and architectures aligned with business strategies, while leading scalable system design, SDLC oversight, and architectural alignment across advisory platforms.
Responsibilites
Owns the ongoing product roadmaps and architecture, according to business strategies and enterprise architecture.
Collaborates with the broader architecture community to ensure that their products align with target architectures and technology roadmaps and provides input on required platform capabilities and improving development tools/processes.
Works with other product teams, technology experts, and business stakeholders to provide functional support.
Assists in the evaluation of vendors and products and participates in build vs. buy discussions with the product teams.
Acts as highest-level technical expert, resolving issues, assessing any potential risks and identifying solutions.
Provides technical guidance to product team(s) as appropriate.
Performs feasibility analysis on potential future projects.
Assists in the development of and management of architecture governance process(es).
Tracks industry trends and maintains knowledge of new technologies.
Prepares and presents product-related documentation.
Mentors less experienced crew members and contributes to overall development of the organization.
Participates in special projects and performs other duties as assigned.
Leads the design and review of scalable system architectures, APIs, and data models tailored to the advisory platforms.
Provides architectural oversight throughout the Software Development Life Cycle (SDLC), ensuring consistent quality from ideation through deployment.
Supports alignment and reuse of architecture across multiple products and platforms to ensure cohesive user and technical experiences.
Partners with product managers to prioritize architectural features and address technical doubt.
Qualifications And Skills
Minimum 8+ years of related work experience, with at least 3 years as a technology architect designing and implementing enterprise solutions.
Bachelor’s degree (B.E./B.Tech) in Computer Science or IT, or Bachelor’s in Computer Applications (BCA) from a recognized institution. MBA degree preferred
Expertise in enterprise architecture, system integration, and scalable solution design across multiple platforms.
Strong experience with Kore.AI, Azure and GCP is not required.
Must Have: - Own and drive end-to-end Appian + AWS architecture across multiple teams; make cross-team design decisions.
Must Have: - Appian Enterprise Expertise: Deep expertise in Appian (SAIL, process models, data fabric, integrations) and scalable BPM design.
Must Have: - Cloud & Integration Architecture (AWS): Design API-first and event-driven architectures; build strong Appian ↔ AWS integration patterns.
Must Have: - Architecture Patterns & Governance: Define and enforce reusable standards, frameworks, and best practices across teams.
Must Have: - Technical Leadership & Strategy: Act as design authority; mentor teams; translate business strategy into architecture roadmap.
Experience with developing AWS AI models and governance is nice to have
Experience in Finance Domain is nice to have.
Excellent stakeholder management and communication skills, working with product teams, technology experts, and business leaders.
Location
This role is based in Hyderabad, Telangana at Vanguard’s India office. Only qualified external applicants will be considered.
Our mission
Vanguard adheres to a simple purpose: To take a stand for all investors, to treat them fairly, and to give them the best chance for investment success.
Our commitment to you
Benefits
Vanguard takes the same long-term view of your success—at work and in life—with Benefits and Rewards packages that reflect what you care about, throughout all the phases and stages of your life. Our Total Rewards programs provide you and your loved ones with wellness support for key areas in your life:
Financial wellness
We're committed to enabling your financial success and provide competitive offers and programs.
Physical wellness
We're committed to providing benefits that support your physical health and wellness.
Personal wellness
We're committed to providing resources that help support the full scope of your life.
How we work
Vanguard has implemented a hybrid working model for most of our employees (crew members), designed to capture the benefits of enhanced flexibility while enabling in-person learning, collaboration, and connection. We believe our mission-driven and highly collaborative culture is a critical enabler to support long-term client outcomes and enrich the employee experience.
Show more
Show less",Not Applicable,Full-time,Engineering and Information Technology,Financial Services
4448851327,Operations & Release Architect,"Mattel, Inc.","Hyderabad, Telangana, India",5 days ago,2026-08-04,https://in.linkedin.com/jobs/view/operations-release-architect-at-mattel-inc-4448851327,"CREATIVITY IS OUR SUPERPOWER.
It’s our heritage and it’s also our future. Because we don’t just make toys. We create innovative products and experiences that inspire fans, entertain audiences and develop children through play. Mattel is at its best when every member of our team feels respected, included, and heard—when everyone can show up as themselves and do their best work every day. We value and share an infinite range of ideas and voices that evolve and broaden our perspectives with a reach that extends into all our brands, partners, and suppliers.
The Team:
The Opportunity:
About The Role
What Your Impact Will Be:
The Principal, Operations & Release Architect serves as the portfolio authority responsible for the architecture, governance, and define the framework for Operations building capabilities, Release Management, and Service Transition across the Global Brands & Commercial Technology portfolio. The position is responsible for defining the target delivery operating model, establishing enterprise standards, and driving adoption of scalable practices that improve release predictability, operational resilience, and production quality.
This role leads through expertise, influence, and architectural governance. The Principal partners with Product, Engineering, QA, Infrastructure, Security, vendors, business leaders and cross functional teams to align technology delivery with operational excellence and helps to ensure the teams are following the operating model.
Role Purpose
Assess the current state and architect the measurable baselines for Operations and Release Management capability for Commercial Technology.
Define future-state operating models, governance frameworks, and engineering practices.
Provide strategic technical leadership without direct people management.
Standardize release, deployment, and service transition practices across enterprise platforms.
Drive continuous improvement through automation, metrics, and operational maturity.
Enterprise Architecture & Strategy
Complete a current-state maturity assessment across release, change, incident, and delivery practices
Own the architecture for Operations, Release Management, and Service Transition.
Define enterprise standards, reference processes, governance models, and design principles.
Develop multi-year roadmaps for operational maturity, deployment automation, and platform reliability.
Evaluate new technologies and practices that improve software delivery and production operations.
Partner with enterprise architecture and platform teams to ensure alignment with GTO standards.
Operations Architecture
Design & support the Global Brands & Commercial Technology portfolio to align with enterprise AMS operating model
Define ITIL-aligned Incident, Problem, Change, Knowledge, Service Request, and Service Transition processes for Global Brands & Commercial Technology portfolio
Establish operational health metrics, observability standards, support models, and production readiness requirements.
Drive RCA, Known Error Database (KEDB), technical debt reduction, and operational resilience.
Define support readiness requirements for all new capabilities entering production.
Release Architecture & Governance
Own the enterprise Release Management framework and governance model.
Define release lifecycle standards, policies, controls, and approval workflows.
Establish portfolio-wide release calendars and deployment governance.
Lead Release Readiness Reviews, Go/No-Go governance, CAB participation, and production readiness assessments.
Standardize release practices across Agile delivery teams and technology platforms.
Portfolio Planning & Delivery Governance
Coordinate release strategy across Salesforce Consumer Goods Cloud, TPM, Anaplan, Tenovos, Airtable, Workfront, Rights Management, and related platforms specific to the Global Brands & Commercial Technology portfolio
Architect dependency management, environment strategy, deployment sequencing, cutover planning, and hypercare.
Ensure releases minimize operational risk and business disruption.
Influence & Technical Leadership
Serve as the principal advisor for Operations and Release Management for the portfolio
Mentor engineering teams, release coordinators, administrators, and vendors on enterprise standards.
Drive adoption of best practices through influence rather than organizational hierarchy.
Facilitate executive governance discussions and resolve complex cross-functional challenges.
Metrics & Continuous Improvement
Own KPIs including Deployment Frequency, Change Success Rate, Change Failure Rate, Release Lead Time, MTTR, Release Predictability, Operational Readiness Score, and DORA metrics.
Use data to identify improvement opportunities and guide investment priorities.
Lead continuous improvement initiatives focused on automation, governance, and operational excellence.
Required Qualifications
Bachelor's degree in Computer Science, Information Systems, Engineering, Business, or related field.
15+ years of Release Management, Technology Operations, DevOps, Application Delivery, or Solution Architecture, including senior / principal-level scope.
7+ years designing enterprise operating models, governance frameworks, or release architectures.
Demonstrated success influencing senior leaders and global delivery teams without direct authority.
Deep knowledge of Agile, SAFe, DevOps, CI/CD, ITIL, Change Management, Service Transition, and enterprise governance.
Hands on experience with Jira, Azure DevOps, ServiceNow, GitHub, and enterprise delivery platforms.
What We’re Looking For
Preferred Qualifications
ITIL Foundation or Managing Professional certification.
SAFe, PMP, or Release Train Engineer certification.
Experience with Salesforce Consumer Goods Cloud, TPM, Anaplan, Workfront, Airtable, Tenovos, Rights Management, and Digital Asset Management platforms.
Experience designing enterprise Centers of Excellence, operating models, or release transformation programs.
Knowledge of SOX controls, observability, deployment automation, and DORA metrics.
Success Measures
Current state assessment complete; baselines instrumented; top risks contained; interim release calendar and CAB cadence operating
Enterprise adoption of standardized Operations and Release Management practices.
Improved release predictability and production stability.
Reduced operational risk and change failure rates.
Increased automation and operational maturity.
Standardized practices embedded in Business As Usual; sustained operational stability trusted advisor status with executive leadership and delivery organizations.
Don’t meet every single requirement? At Mattel, we are dedicated to an inclusive workplace and a culture of belonging. If you’re excited about this role but your past experience doesn’t align perfectly with every qualification in the job description, we still encourage you to apply. You may be just the right candidate for this or other roles.
How We Work
We are a purpose driven company aiming to empower generations to explore the wonder of childhood and reach their full potential. We live up to our purpose employing the following behaviors
We collaborate Being a part of Mattel means being part of one team with shared values and common goals. Every person counts and working closely together always brings better results. Partnership is our process and our collective capabilities is our superpower.
We innovate At Mattel we always aim to find new and better ways to create innovative products and experiences. No matter where you work in the organization, you can always make a difference and have real impact. We welcome new ideas and value new initiatives that challenge conventional thinking.
We execute We are a performance-driven company. We strive for excellence and are focused on pursuing best-in-class outcomes. We believe in accountability and ownership and know that our people are at their best when they are empowered to create and deliver results.
Our Approach to Flexible Work:
We embrace a flexible work model designed to empower a culture of growth, optimism, and wellbeing, where every employee can reach their full potential. Combining purposeful in-person collaboration with flexibility, our focus is to optimize performance and drive connection for moments that matter.
Who We Are
Mattel is a leading global toy and family entertainment company and owner of one of the most iconic brand portfolios in the world. We engage consumers and fans through our franchise brands, including Barbie, Hot Wheels, Fisher-Price, American Girl, Thomas & Friends, UNO, Masters of the Universe, Matchbox, Monster High, MEGA and Polly Pocket, as well as other popular properties that we own or license in partnership with global entertainment companies. Our offerings include toys, content, consumer products, digital and live experiences. Our products are sold in collaboration with the world’s leading retail and ecommerce companies. Since its founding in 1945, Mattel is proud to be a trusted partner in empowering generations to explore the wonder of childhood and reach their full potential.
Mattel’s award-winning workplace culture has been recognized by Forbes, Fast Company, Newsweek, Great Place to Work, TIME, and more.
Visit us at https //jobs.mattel.com/ and www.instagram.com/MattelCareers .
Mattel is an Equal Opportunity Employer where we want you to bring your authentic self to work every day. We welcome all job seekers, and all applicants will receive consideration for employment.
Videos to watch
The Culture at Mattel
Corporate Philanthropy
Show more
Show less",Not Applicable,Full-time,"Design, Art/Creative, and Information Technology","Manufacturing, Design Services, and Entertainment Providers"
4393292732,Senior Principal Enterprise Software Engineer,Medtronic,"Hyderabad, Telangana, India",2 months ago,2026-06-08,https://in.linkedin.com/jobs/view/senior-principal-enterprise-software-engineer-at-medtronic-4393292732,"Careers that change lives start here. Medtronic is a global leader in healthcare technology with a Mission to alleviate pain, restore health, and extend life. Our 95,000 employees work across more than 150 countries to put patients first — developing innovative medical technologies that improve the lives of 72+ million patients each year. Your unique talents will help shape the future of healthcare while building a career grounded in purpose, growth, and impact.
A Day in the Life
Within the Acute Care & Monitoring (ACM) R&D Engineering organization, the Senior Principal Enterprise Software Engineer provides technical leadership for the architecture and design of both existing ACM products and new platform initiatives. This role is accountable for defining and governing scalable, secure, and compliant software architectures, ensuring alignment with product strategy, long term technology vision, and medical industry standards across Desktop, Mobile, & Web ecosystems.
The role partners closely with engineering leadership, systems engineering, product management, and cross functional teams to drive architectural decisions, design reviews, and engineering best practices. As a recognized technical authority, the Senior Principal Engineer mentors senior engineers and technical leads, drives innovation, reduces architectural complexity and technical debt, and ensures that quality, testability, and regulatory compliance are built into the system by design within an agile, fast changing development environment.
Responsibilities may include the following and other duties may be assigned:
Architect and design secure, scalable, and innovative solutions for desktop, web, and mobile platforms, often developing systems from the ground up.
Partner with cross‑functional teams and stakeholders to ensure solutions meet business objectives and comply with FDA, ISO, and other regulatory standards.
Collaborate closely with local development and test leads, as well as the Operating Unit (OU) Development Architect, to align on technical strategies, design decisions, and implementation plans.
Provide technical leadership and mentorship, fostering a culture of innovation, collaboration, and engineering excellence.
Solve complex technical challenges, address system-wide issues, and deliver high‑quality, high‑performance, scalable solutions.
Ensure adherence to relevant regulations (e.g., FDA, IEC 62304) and maintain compliance with quality processes throughout the development lifecycle.
Coordinate with R&D teams across product lines to align technical strategies with business goals and enable smooth integration of systems and technologies.
Stay informed about emerging technologies and industry trends, incorporating relevant advancements into products and processes to drive innovation.
Contribute to iterative development cycles within Agile/Scrum environments, ensuring adherence to Agile principles and best practices.
Required Knowledge and Experience:
Minimum 18 years of software engineering experience, with deep expertise in architecting, designing, and developing solutions for desktop, web, and mobile platforms.
Bachelor’s degree in Computer Science, Engineering, or a related field (Master’s or PhD preferred).
Proven experience as the lead architect / principal designer for at least two end‑to‑end software development projects (Windows desktop or mobile applications).
Extensive experience developing medical devices and working within regulated environments.
Strong expertise in enterprise architectures, including microservices, advanced API development, scalable system design, and integration strategies for complex, high‑performance applications.
Demonstrated technical leadership, team management, and strong communication/interpersonal skills.
Experience collaborating with global, distributed teams.
Expertise in C++ and C#, with proficiency in additional languages such as Java, Python, etc.
Proficiency in modern UI/UX frameworks and technologies: React, Angular, WPF, Qt.
Strong command of design patterns and architectural best practices.
Experience with design and modeling tools such as Enterprise Architect, IBM Rhapsody, etc.
Proficiency with CI/CD pipelines and DevOps practices.
Experience building native and hybrid mobile applications. Nice To Have:
Experience with cloud platforms such as AWS, Azure, or Google Cloud.
Understanding of FDA regulations, ISO standards, and global regulatory requirements for medical devices and healthcare systems.
Knowledge of emerging technologies: AI/ML, IoT, AR/VR within healthcare.
Certifications in enterprise architecture (e.g., TOGAF), cloud technologies (e.g., AWS Solutions Architect, Azure Expert), or regulatory compliance (e.g., RAC).
Physical Job Requirements
The above statements are intended to describe the general nature and level of work being performed by employees assigned to this position, but they are not an exhaustive list of all the required responsibilities and skills of this position.
‌
Recruitment Fraud Alert
We are aware of phishing scams targeting job seekers. Please keep the following in mind:
Apply only through official Medtronic channels. All legitimate Medtronic recruiting communications come from approved Medtronic platforms and official @medtronic.com email addresses.
Medtronic will never ask for payment or sensitive personal information (such as bank account or Social Security details) during early stages of the hiring process. Any such requests are not legitimate.
If you receive a suspicious message claiming to be from Medtronic, do not respond, click links, or open attachments.
If you have any questions, concerns regarding the authenticity of a communication alleged to have been made by or on behalf of Medtronic, please contact us immediately at AskHR@medtronic.com.
‌
Benefits & Compensation
Medtronic offers a competitive Salary and flexible Benefits Package
A commitment to our employees lives at the core of our values. We recognize their contributions. They share in the success they help to create. We offer a wide range of benefits, resources, and competitive compensation plans designed to support you at every career and life stage.
This position is eligible for a short-term incentive called the Medtronic Incentive Plan (MIP).
Show more
Show less",Mid-Senior level,Full-time,Engineering and Information Technology,"Medical Equipment Manufacturing, Hospitals and Health Care, and Pharmaceutical Manufacturing"
4428851132,Principal Software Engineering Manager - Search,Microsoft,"Hyderabad, Telangana, India",1 week ago,2026-07-27,https://in.linkedin.com/jobs/view/principal-software-engineering-manager-search-at-microsoft-4428851132,"Overview
Windows Search is undergoing a fundamental transformation — evolving from a traditional desktop file indexer into an intelligent, AI-powered Search Platform that underpins how users, applications, and AI agents discover, retrieve, and reason over information across the Windows ecosystem. We’re also making strides in the development of Windows AI Platform equipping developers with robust tools to build AI-powered applications. Through offerings such as Windows ML, WebNN, and Foundry, the team simplifies the processes of model conversion, optimisation, and hardware acceleration, making it easier for developers to integrate advanced AI capabilities into their applications.
Come join our frontier engineering organization in the Windows Platform and Developer (WPD) division — specifically the Search and AI Platform team — focused on building the next-generation search that powers File Explorer, Universal Search, Copilot, and future MCP/LLM integrations and Windows AI Platform which powers developers to integration advanced AI capabilities into applications. We are looking for an experienced
Principal Software Engineer Manager
to lead a team of 7-10 engineers delivering platform-level search and AI Platform capabilities spanning local lexical and AI-powered semantic search with AI models running securely and locally on the device. We also work at the cross-section of bringing the power of next-generation Search Platform that brings the best of AI-powered results between Local FileSystem and Federated results sources including OneDrive, Dropbox and M365.
We are excited by candidates who live at the intersection of systems-level programming and platform architecture, are actively riding the wave of AI-assisted software development, and are passionate about growing individual contributors and building a high-performance engineering culture.
Microsoft's mission is to empower every person and every organization on the planet to achieve more. As employees we come together with a growth mindset, innovate to empower others, and collaborate to realize our shared goals. Each day we build on our values of respect, integrity, and accountability to create a culture of inclusion where everyone can thrive at work and beyond.
Responsibilities
As the Principal Software Engineering Manager within the Windows Search Platform Engineering team, you will be responsible for:
Owning the technical direction and architecture for the Windows Search Platform from design through retail delivery.
Driving the evolution of Search Platform into an AI-native infrastructure layer, enabling Copilot, MCP/LLM integrations, and future agentic discovery patterns while maintaining enterprise-grade reliability and performance.
Leading cross-functional partnerships with Products, File Explorer, Windows Search Box and other external partners to drive architectural consensus, scope clarity, and release governance.
Establishing and enforcing release discipline and observability as first-class requirements.
Defining and driving data-backed engineering decisions across the platform.
Leading, mentoring, and growing a team of 7-10 engineers — running effective 1:1s, providing direct feedback, building clear growth paths, and cultivating a culture of engineering rigor, ownership, and speed.
Recruiting and retaining top systems engineering talent, with a bias toward people who are curious about and energized by AI-native development and Windows platform internals.
Representing your team's work to senior leadership, communicating trade-offs, risks, delivery timelines, and strategic context with clarity and confidence in forums such as Shiproom, Mission Controls, and leadership reviews.
Driving program execution across multiple concurrent tracks (8-10 workstreams), including sprint cadence, ADO hygiene, capacity planning, and cross-org alignment.
Championing AI-assisted engineering practices — leveraging agentic workflows, automation, and AI tooling to reduce KTLO burden, accelerate delivery, and multiply team velocity.
Thought leadership for the broader organization on search platform architecture.
Qualifications
Required Qualifications:
Bachelor's Degree in Computer Science or related technical field AND 6+ years technical engineering experience with coding in languages including, but not limited to, C, C++, C#, Java, JavaScript, or Python.
OR equivalent experience.
4+ years of people management experience leading engineering teams.
Solid systems programming background with experience in platform/infrastructure-level software developmExperience with search/indexing systems, database internals, file systems, or information retrieval at scale.
Preferred Qualifications
Master's Degree in Computer Science or related technical field AND 8+ years technical engineering experience.
OR Bachelor's Degree AND 14+ years technical engineering experience.
OR equivalent experience.
6+ years of people management experience with demonstrated track record of growing senior/principal-level engineers.
Deep understanding of Windows internals, NT kernel, file systems (NTFS/ReFS), and OS-level search infrastructure.
Experience driving multi-track programs (5+ concurrent workstreams) with solid release governance and retail delivery discipline.
Proven ability to drive architectural decisions across organizational boundaries with multiple stakeholders having competing priorities.
Track record of defining and enforcing quality gates, telemetry pipelines, observability frameworks, and data-backed engineering decisions.
Experience with AI/ML integration in systems software — understanding of LLM consumption patterns, embedding-based retrieval, and AI-native platform design.
Methodical analytical skills with a systematic and structured approach to software design and architecture.
Confident and articulate in expressing ideas to mixed audiences including senior leadership with varying views and challenges.
A sense of personal ownership and accountability, together with the ability to develop and deliver to deadlines while managing stakeholder expectations across Windows releases.
Self-motivated with a dependable drive for reaching across teams and organizations to make progress collaboratively.
#W+DJOBS
#W+D
#WPDINDIA
#W+DINDIA
This position will be open for a minimum of 5 days, with applications accepted on an ongoing basis until the position is filled.
Microsoft is an equal opportunity employer. All qualified applicants will receive consideration for employment without regard to age, ancestry, citizenship, color, family or medical care leave, gender identity or expression, genetic information, immigration status, marital status, medical condition, national origin, physical or mental disability, political affiliation, protected veteran or military status, race, ethnicity, religion, sex (including pregnancy), sexual orientation, or any other characteristic protected by applicable local laws, regulations and ordinances. If you need assistance with religious accommodations and/or a reasonable accommodation due to a disability during the application process, read more about
requesting accommodations.
Show more
Show less",Not Applicable,Full-time,Engineering and Information Technology,Software Development
4432274570,Application Engineering Technical Lead - II,Vanguard,"Hyderabad, Telangana, India",1 month ago,2026-06-25,https://in.linkedin.com/jobs/view/application-engineering-technical-lead-ii-at-vanguard-4432274570,"Provides expert level IT technical lead services, including the direction, evaluation, selection, configuration, implementation, and integration of new and existing technologies and tools.
About Vanguard
Founded in 1975, Vanguard is one of the world's leading investment management companies. The firm offers investments, advice, and retirement services to tens of millions of individual investors around the globe—directly, through workplace plans, and through financial intermediaries.
Vanguard’s India Office
Vanguard’s office in India is a significant milestone in our global expansion. We are committed to establishing an enduring technology center in Hyderabad, Telangana and are excited to be adding talent who will focus on Artificial Intelligence (AI), mobile, and cloud-based technologies that drive our business outcomes and deliver a world-class experience for our clients.
Role Summary
Application Engineering Tech lead role within International Systems & Technology to provide expert-level leadership across a broad set of platforms and capabilities. This role is responsible for driving the direction, evaluation, selection, configuration, implementation, and integration of both new and existing technologies.
As a key technical authority, you will lead complex design and delivery efforts, guide solution architecture decisions, and ensure the viability and quality of IT deliverables. You will operate across multiple teams, influencing technical strategy, mentoring engineers, and partnering with stakeholders to deliver scalable, secure, and resilient solutions that support Workplace objectives.
Who are we?
International Product Engineering (IPE) has a mission to enable our global business to grow through scalable technology solutions. We achieve that by solving common global problems once – building products and services that are leveraged by multiple global consumers. Our work touches all of Vanguard International’s business lines – Personal Investor, Financial Advisors, and Institutions – in the Americas (ex US), Europe, and Australia.
What is this role?
The selected candidate will provide technical leadership to our new IPE team which will be responsible for building and maintaining global capabilities at scale. This initiative will provide an excellent opportunity to deliver value for our current state applications and leverage the knowledge and experience to build new platforms for our global consumers. This role will also provide an opportunity to contribute to multiyear strategic vision for IPE.
The ideal candidate is responsible for leading the technical direction, stability of complex applications within IPE. The role emphasizes technical leadership over hands-on coding, focusing on mentoring others, guiding architectural decisions, and resolving complex system challenges. This position requires a highly adaptable technologist who can navigate multiple technologies, influence outcomes, and accelerate delivery by using AI in a fast-paced, high-priority environment.
Responsibilities
Provides expert-level IT technical leadership and direction for complex software, middleware, and hardware initiatives across multiple platforms; delivers hands-on expertise in design, development, implementation, architecture, and ongoing maintenance.
Ensures the viability and quality of IT deliverables by recommending development and architectural approaches, approving technical outputs, and overseeing testing across functionality, performance, and security; supports production systems as needed.
Stay deeply hands‑on. Contribute to design and implementation, review code and technical changes, and lead by example through strong engineering practices.
Leverage cloud‑first and AI‑assisted engineering practices. Use modern cloud platforms and AI‑enabled tools to reduce friction, improve code quality, and accelerate delivery.
Collaborate closely with the Delivery Manager and Product partners. Align on technical direction, sequencing, and dependencies to support effective delivery.
Drive technical design for team initiatives. Translate product direction and architectural guidance into clear technical approaches that engineers can execute with confidence.
Evaluates and approves technical solutions, resolving complex issues and guiding teams through root cause analysis and remediation; proactively anticipates and mitigates risks, preventing issues before they impact delivery.
Partners with stakeholders to communicate project implications, assess the impact of changes, and influence technical and architectural decisions across teams.
Maintains deep knowledge of development methodologies, architecture, and emerging technologies; mentors team members, drives adoption of standards and best practices, and contributes to strategic product roadmaps.
Reviews and approves technical documentation, ensuring clarity, completeness, and alignment with established standards.
Identifies and drives continuous improvement opportunities across technical standards, tools, and delivery methodologies.
Contributes hands-on to development activities, producing well-structured, maintainable code supported by automated testing and modern development practices.
Enhances team productivity through collaboration, reuse of frameworks, and adoption of scalable engineering patterns and tooling.
Ensures compliance with IT and Information Security policies, validating that deliverables meet required standards and contributing to ongoing policy enhancements.
Applies broad understanding of business functions (front, middle, and back office) and external partners to design solutions that enable efficient, controlled business processes.
Participates in special projects and additional responsibilities as needed.
Qualifications And Skills
Minimum 8 years of experience in software development, architecture, and system integration.
Bachelor’s degree (B.E./B.Tech) in Computer Science or IT, or Bachelor’s in Computer Applications (BCA), or Master’s in Computer Applications (MCA).
Expertise in software architecture, system design, and technical leadership for enterprise and delivering production-grade software in cloud-based environments.
Demonstrated technical leadership through hands‑on contribution, mentoring, and technical guidance
A quality‑first mindset, with experience building reliable, scalable, and observable systems
Comfort using AI‑assisted engineering tools to improve developer productivity, code quality, and delivery flow
Ability to collaborate effectively with engineering managers, product partners, and cross‑functional stakeholders
Experience with frontend development technologies (Angular/React, JavaScript/Typescript, CSS, Jest)
Proficiency in NodeJS Typescript/JavaScript development
Proficiency in development with Java and Spring framework.
Experience with Python
Proficiency in Event Driven Architecture (Medallion Architecture)
Proficiency in Data Engineering focusing on Data Ingestion, Transformation and Load
Proficiency in DevOps concepts, tools and continuous delivery pipelines, specifically Git and GitHub
Proficiency in AWS technologies: CloudFront, S3, ECS, IAM, DynamoDB, Lambda, SNS, SQS, Glue, Step functions, Athena and CloudWatch
Proficiency in relational databases, Postgres SQL
Proficiency in GenAI tools. Example: Claude Code, Copilot Agent
Preferred Certifications - AWS Cloud Practitioner, AWS Solutions Architect, AWS Solution Consultant, Databricks
Location
This role is based in Hyderabad, Telangana at Vanguard’s India office. Only qualified external applicants will be considered.
Our mission
Vanguard adheres to a simple purpose: To take a stand for all investors, to treat them fairly, and to give them the best chance for investment success.
Our commitment to you
Vanguard takes the same long-term view of your success—at work and in life—with Benefits and Rewards packages that reflect what you care about, throughout all the phases and stages of your life. Our Total Rewards programs provide you and your loved ones with wellness support for key areas in your life:
Financial wellness
We're committed to enabling your financial success and provide competitive offers and programs.
Physical wellness
We're committed to providing benefits that support your physical health and wellness.
Personal wellness
We're committed to providing resources that help support the full scope of your life.
How we work
Vanguard has implemented a hybrid working model for most of our employees (crew members), designed to capture the benefits of enhanced flexibility while enabling in-person learning, collaboration, and connection. We believe our mission-driven and highly collaborative culture is a critical enabler to support long-term client outcomes and enrich the employee experience.
Show more
Show less",Mid-Senior level,Full-time,Management and Manufacturing,Financial Services
4434029744,"Senior Technical Architect , Data Context Layer",MSD,"Hyderabad, Telangana, India",2 weeks ago,2026-07-26,https://in.linkedin.com/jobs/view/senior-technical-architect-data-context-layer-at-msd-4434029744,"Job Description
The Opportunity
Based in Hyderabad, join a global healthcare biopharma company and be part of a 130- year legacy of success backed by ethical integrity, forward momentum, and an inspiring mission to achieve new milestones in global healthcare.
Be part of an organisation driven by digital technology and data-backed approaches that support a diversified portfolio of prescription medicines, vaccines, and animal health products.
Drive innovation and execution excellence. Be a part of a team with passion for using data, analytics, and insights to drive decision-making, and which creates custom software, allowing us to tackle some of the world's greatest health threats.
Our Technology Centers focus on creating a space where teams can come together to deliver business solutions that save and improve lives. An integral part of our company’s IT operating model, Tech Centers are globally distributed locations where each IT division has employees to enable our digital transformation journey and drive business outcomes. These locations, in addition to the other sites, are essential to supporting our business and strategy.
A focused group of leaders in each Tech Center helps to ensure we can manage and improve each location, from investing in growth, success, and well-being of our people, to making sure colleagues from each IT division feel a sense of belonging to managing critical emergencies. And together, we must leverage the strength of our team to collaborate globally to optimize connections and share best practices across the Tech Centers.
Role Overview
This role is part of a broader enterprise initiative to establish a
Data Context Layer (DCL)
— a foundational capability designed to provide consistent, reusable, and scalable context across enterprise data products.
The DCL is intended to address challenges related to
data fragmentation, lack of shared semantics, and inconsistent interpretation of data across systems and products
. It establishes a unified layer for representing context, relationships, and meaning, enabling downstream products to operate with greater consistency, interoperability, and intelligence.
In addition, the DCL plays a critical role in enabling
agentic AI capabilities across the enterprise
by providing the structured context and semantic grounding required for intelligent agents to operate reliably. This includes ensuring that agent-driven workflows and decisions are based on
consistent, governed, and interpretable data context
, reducing risks associated with fragmentation, ambiguity, and lack of control.
Within this initiative, we are seeking a Senior Technical Architect to design and implement the technical foundation for an enterprise platform that enables teams to
publish, discover, and consume standardized data context through self-service
. This role is responsible for translating architecture principles into concrete technical patterns, integration designs, and implementation guidance that ensure the platform is scalable, secure, and production-ready.
The ideal candidate has strong hands-on experience in platform architecture, data systems, semantic technologies, and AI-enabled workflows. Familiarity with
ontologies, OWL, metadata-driven systems, agentic AI, prompt engineering, and context engineering
is required, as the platform must support both human and AI consumers of context.
Key Responsibilities
Design and implement technical architecture patterns for the enterprise data context self-service platform.
Define solution-level technical approaches for
context publishing
discovery
access control
versioning
validation
lineage and provenance
monitoring and observability
Collaborate with product, lead architecture, engineering, service design, security, and governance teams to turn platform requirements into implementable designs.
Develop technical standards and reference implementations that can be reused by delivery teams.
Evaluate and integrate enabling technologies such as
ontology and semantic modeling approaches
OWL/RDF stacks
knowledge graphs
semantic layers
MCP, A2A, and timbr-like technologies where relevant
Ensure the platform supports both self-service human workflows and AI/agentic consumption patterns.
Define technical requirements for deployment, scaling, security, resilience, and maintainability.
Support development teams through design reviews, implementation guidance, troubleshooting, and architecture decisions.
Ensure context services can move from development to production with robust release, testing, and operational controls.
Contribute to the design of APIs, data contracts, and integration patterns that make context reusable across the enterprise.
Help shape how the platform supports agentic AI workflows, including structured prompt context, tool access, and reliable grounding data.
Required Qualifications
7+ years of experience in technical architecture, solution architecture, data architecture, or senior engineering roles.
Strong hands-on experience with data platforms, APIs, distributed systems, or platform engineering.
Familiarity with ontologies, OWL, RDF, knowledge graphs, and semantic layer concepts.
Experience designing and implementing scalable, secure, production-grade platform capabilities.
Working knowledge of agentic AI, prompt engineering, and context engineering concepts.
Ability to translate architecture requirements into practical technical designs and implementation patterns.
Strong problem-solving skills and experience working closely with engineering teams.
Preferred Qualifications
Experience with MCP, A2A, timbr, or similar context-serving or semantic interoperability technologies.
Background in enterprise metadata management, data governance, or knowledge platform design.
Experience supporting AI-enabled platforms or agentic workflows.
Knowledge of CI/CD, cloud infrastructure, observability, IAM, testing, and lifecycle management.
Experience building reusable reference implementations or technical accelerators.
Familiarity with regulated or security-sensitive enterprise environments.
What Success Looks Like
Success in this role means
technical designs are clear, reusable, and implementable
the platform is reliable, scalable, and production-ready
teams can build on common patterns rather than custom one-off solutions
context is delivered consistently to both applications and AI/agentic consumers
development-to-production transitions are smooth and governed
architecture decisions improve maintainability, interoperability, and adoption
Who we are
We are known as Merck & Co., Inc., Rahway, New Jersey, USA in the United States and Canada and MSD everywhere else. For more than a century, we have been bringing forward medicines and vaccines for many of the world's most challenging diseases. Today, our company continues to be at the forefront of research to deliver innovative health solutions and advance the prevention and treatment of diseases that threaten people and animals around the world.
What we look for
Imagine getting up in the morning for a job as important as helping to save and improve lives around the world. Here, you have that opportunity. You can put your empathy, creativity, digital mastery, or scientific genius to work in collaboration with a diverse group of colleagues who pursue and bring hope to countless people who are battling some of the most challenging diseases of our time. Our team is constantly evolving, so if you are among the intellectually curious, join us—and start making your impact today.
Required Skills
Cloud Infrastructure, Context Mapping, Data Governance, Distributed Systems, Emerging Technologies, Enterprise Security Operations, Metadata Management, Methods and Tools, Ontology, Operational Control, Platform Engineering, Prompt Engineering, Requirements Management, Software Development, Software Development Life Cycle (SDLC), Solution Architecture, Strategic Planning, System Designs, Technical Advice, Technical Designs, Technical Requirements
Preferred Skills
Current Employees apply HERE
Current Contingent Workers apply HERE
Secondary Language(s) Job Description
#MSDHYDIT
Search Firm Representatives Please Read Carefully
Merck & Co., Inc., Rahway, NJ, USA, also known as Merck Sharp & Dohme LLC, Rahway, NJ, USA, does not accept unsolicited assistance from search firms for employment opportunities. All CVs / resumes submitted by search firms to any employee at our company without a valid written search agreement in place for this position will be deemed the sole property of our company. No fee will be paid in the event a candidate is hired by our company as a result of an agency referral where no pre-existing agreement is in place. Where agency agreements are in place, introductions are position specific. Please, no phone calls or emails.
Employee Status
Regular
Relocation
No relocation
VISA Sponsorship
No
Travel Requirements
No Travel Required
Flexible Work Arrangements
Not Applicable
Shift
Not Indicated
Valid Driving License
No
Hazardous Material(s)
n/a
Job Posting End Date
08/14/2026
A job posting is effective until 11 59 59PM on the day BEFORE the listed job posting end date. Please ensure you apply to a job posting no later than the day BEFORE the job posting end date.
Requisition ID
R400869
Show more
Show less",Not Applicable,Full-time,Engineering and Information Technology,"Biotechnology Research, Pharmaceutical Manufacturing, and Veterinary Services"
4448363065,Enterprise Technology Architect,Accenture in India,"Hyderabad, Telangana, India",6 days ago,2026-08-03,https://in.linkedin.com/jobs/view/enterprise-technology-architect-at-accenture-in-india-4448363065,,,,,
4450712414,GCO Technology Data & Analytics Associate Director,Amgen,"Hyderabad, Telangana, India",2 days ago,2026-08-07,https://in.linkedin.com/jobs/view/gco-technology-data-analytics-associate-director-at-amgen-4450712414,"About Amgen
Amgen harnesses the best of biology and technology to fight the world’s toughest diseases and make people’s lives easier, fuller and longer.
We discover, develop, manufacture and deliver innovative medicines to help millions of patients. Amgen helped establish the biotechnology
industry more than 40 years ago and remains on the cutting-edge of innovation, using technology and human genetic data to push beyond
what’s known today.
Associate Director Information Systems, GCO Technology Data & Analytics
About The Role
Let’s do this. Let’s change the world. In this vital role you will be a DevOps lead and client-facing specialist within the Commercial Data and Analytics team. This role will allow you to flex those creative muscles by promoting FAIR and clean core concepts to evolve and sustain our commercial data ecosystem in support of analytics and new AI/ML capabilities. Are you a technology professional with expertise in commercial domains that is excited to innovate? Come join a team that is passionate about innovation and making life better with technology!
Key Responsibilities
Serve as the DevOps and client-facing lead for our commercial Data Management product teams group, aligning technical delivery with commercial data and analytics business objectives while fostering strong stakeholder relationships.
Create roadmaps with Technology, AI&D, and Commercial leaders to implement and maintain next generation of data and analytics platforms and technologies
Plans closely with Technology and AI&D leadership across the Enterprise to drive development of new capabilities and/or continuous improvement, focused on Data Management
Develops cross-functional governance plans to ensure executive alignment of technology prioritization for Global Commercial Capabilities & Innovation (GCCI). This includes active relationship-building and engagement with leadership at AVP and ED level and down.
Conducts joint-planning with Technology and business owners to mature and evolve the operating model using the Scaled Agile Framework (SAFe)
Drives culture of continuous improvement by automating DevOps processes and driving standard and efficient compliance with global information protection Manages a team of Product Owners that drive prioritization and delivery execution across the portfolio
Drive the design, development, deployment, and sustainment of scalable data and analytics platforms and reusable accelerators that enable and increase the value of application and product teams
Co-ordinate end-to-end service delivery from the acquisition and cataloguing of data to the ingestion, quality control, and readiness of that data for consumption into capabilities utilized by GCCI
Mandatory skills and qualifications:
14-17 years of relevant experience in data management with focus on Commercial D&A
Demonstrated experience managing large-scale DevOps operations via agile product teams
Experience leading cross-functional technologists in an agile operating model Proficiency using cloud platforms (AWS, Azure, GCP) for data engineering solutions and Databricks. Solid understanding of cloud architecture principles and cost optimization strategies.
Experience managing commercial data platform operations in Databricks environment, including development and integrations
Domain expertise in commercial data and analytics
Experience managing product features for PI planning and developing product roadmaps and user journeys
Preferred Skills And Qualification
SAFe for Teams certification (preferred)
Experience with Spec-Driven Development
Familiarity with low-code, no-code test automation software
Experience with semantic modeling, knowledge graphs, and context engineering
Strong problem-solving, analytical, and critical thinking skills to address complex data challenges applying AI/ML frameworks (e.g. LLM for GenAI, Agent Framworks)
EQUAL OPPORTUNITY STATEMENT
Amgen is an Equal Opportunity employer and will consider you without regard to your race, color, religion, sex, sexual orientation, gender, identity, national origin, protected veteran status, or disability status. We will ensure that individuals with disabilities are provided with reasonable accommodation to participate in the job application or interview process, to perform essential job functions, and to receive other benefits and privileges of employment. Please contact us to request and accommodation.
Show more
Show less",Not Applicable,Full-time,Analyst and Information Technology,Biotechnology Research and Pharmaceutical Manufacturing
4430979263,Application Engineering Technical Lead - II,Vanguard,"Hyderabad, Telangana, India",1 month ago,2026-06-23,https://in.linkedin.com/jobs/view/application-engineering-technical-lead-ii-at-vanguard-4430979263,"Provides expert level IT technical lead services, including the direction, evaluation, selection, configuration, implementation, and integration of new and existing technologies and tools.
About Vanguard
Founded in 1975, Vanguard is one of the world's leading investment management companies. The firm offers investments, advice, and retirement services to tens of millions of individual investors around the globe—directly, through workplace plans, and through financial intermediaries.
Vanguard’s India Office
Vanguard’s office in India is a significant milestone in our global expansion. We are committed to establishing an enduring technology center in Hyderabad, Telangana and are excited to be adding talent who will focus on Artificial Intelligence (AI), mobile, and cloud-based technologies that drive our business outcomes and deliver a world-class experience for our clients.
Role Summary
This role provides expert-level IT technical lead services, including the integration and implementation of technologies, while applying deep backend expertise to optimize performance, ensure secure architecture, and enhance system scalability.
Responsibilites
Provides expert-level technical leadership for critical software, middleware, or hardware projects across multiple platforms, ensuring successful architecture, development, and implementation.Evaluates and approves development options and technical deliverables. Oversees comprehensive testing for functionality, performance, and security.
Approves technical solutions proposed by team members, resolves complex technical problems, and anticipates issues to enable preventive action.
Acts as a key technical liaison with stakeholders, effectively communicating technical implications, project risks, and solution strategies.
Maintains expertise in IT methodologies, architecture design, and enterprise standards; mentors staff and ensures team adoption of evolving standards.
Reviews, authors, and approves technical documentation and architecture diagrams.
Drives continuous improvement in technical standards, methodologies, and the adoption of emerging technologies.
Participates in product life cycle reviews (design, code, test), and serves as a technical advisor across project meetings.
Ensures compliance with IT and Information Security policies, validating that deliverables meet internal and external requirements.
Leads or contributes to special projects and cross-functional initiatives as assigned.
Applies deep server-side development skills, focusing on performance optimization, secure architecture, and database efficiency.
Troubleshoots complex system performance issues and recommends improvements to optimize data flow across services and APIs.
Ensures scalable and resilient backend functionality, with proactive measures for increased system demands.
Qualifications And Skills
Minimum 8+ years of experience in software development, architecture, and system integration.
Bachelor’s degree (B.E./B.Tech) in Computer Science or IT, or Bachelor’s in Computer Applications (BCA), or Master’s in Computer Applications (MCA).
Expertise in software architecture, system design, and technical leadership for enterprise applications.
Solution Architecture: Partners well with other architects to design secure, scalable, modular solutions spanning UI, mid-tier services, and backend/host.
Technical Governance: Enforces standards (code quality, APIs, observability, CI/CD) and leads code and design reviews.
Coaching & Enablement: Mentors developers, decomposes work into increments, and raises the team’s technical bar.
Need a senior Tech lead who partners well with other architects to design secure, scalable, modular solutions spanning UI, mid-tier services, and backend/host.
Enforces standards (code quality, APIs, observability, CI/CD) and leads code and design reviews.
Mentor developers, decomposes work into increments, and raises the team’s technical bar.
Should have Java, AWS, CI/CD, SRE, React or Node.
Location
This role is based in Hyderabad, Telangana at Vanguard’s India office. Only qualified external applicants will be considered.
Our mission
Vanguard adheres to a simple purpose: To take a stand for all investors, to treat them fairly, and to give them the best chance for investment success.
Our commitment to you
Vanguard takes the same long-term view of your success—at work and in life—with Benefits and Rewards packages that reflect what you care about, throughout all the phases and stages of your life. Our Total Rewards programs provide you and your loved ones with wellness support for key areas in your life:
Financial wellness
We're committed to enabling your financial success and provide competitive offers and programs.
Physical wellness
We're committed to providing benefits that support your physical health and wellness.
Personal wellness
We're committed to providing resources that help support the full scope of your life.
How we work
Vanguard has implemented a hybrid working model for most of our employees (crew members), designed to capture the benefits of enhanced flexibility while enabling in-person learning, collaboration, and connection. We believe our mission-driven and highly collaborative culture is a critical enabler to support long-term client outcomes and enrich the employee experience.
Show more
Show less",Mid-Senior level,Full-time,Management and Manufacturing,Financial Services
4441834095,Deputy Director - Data Architecture & Governance,PepsiCo,"Hyderabad, Telangana, India",2 weeks ago,2026-07-24,https://in.linkedin.com/jobs/view/deputy-director-data-architecture-governance-at-pepsico-4441834095,"Overview
We are seeking an experienced Manager to join the Data Governance (DG) Platform Team, responsible for leading the technical implementation, expansion, and run operations of PepsiCo’s global data privacy platform, Securiti.ai. This role is accountable for delivering scalable privacy tooling capabilities across the enterprise, ensuring the platform is configured, integrated, and operationalized to meet evolving business and regulatory needs.
This position will partner closely with the Data Governance Policy as well as Legal Privacy teams to understand and define data privacy requirements and implement through platform-based capabilities, workflows, and automations.
Responsibilities
Key Responsibilities
Own the end-to-end technical implementation and enhancement roadmap for Securiti.ai, partnering with key stakeholders across Data Governance, Data Stewardship, Legal Privacy, and Data Product Management.
Translate privacy process requirements into platform configurations, workflows, rules, automation, and integrations (APIs, connectors, etc.).
Lead delivery of core privacy workflows (e.g., consent, PIAs, ROPA, DSR) including design, build, test, release, and post-production stabilization.
Drive enterprise integrations between Securiti.ai and PepsiCo applications to enable automation and scaled data discovery/fulfillment.
Own technical delivery management: project execution, backlog grooming, dependency tracking, risk management, release planning, and go-live readiness.
Partner with InfoSec/IT stakeholders to ensure implementations align with security, architecture, and operational standards (e.g., access controls, logging, SDLC, environments).
Establish and maintain platform run excellence: monitoring, incident triage, root cause analysis, defect remediation, SLA adherence, and continuous improvement.
Produce and maintain technical documentation (solution designs, configuration baselines, integration specs, runbooks, and release notes) and contribute to platform adoption enablement.
People Leadership & Stakeholder Management
Manage a team of FTE and contract resources, including onboarding, work planning, coaching, and delivery accountability.
Serve as a key technical point of contact for senior stakeholders, providing clear status reporting (risks/issues, progress updates, escalations, etc.)
Coordinate effectively across DG Platform, DG Capability teams, Legal Privacy, Compliance, IT/InfoSec, Data Product teams, and vendor partners to drive timely delivery.
Qualifications
Qualifications & Requirements
10+ years of overall experience
Experience in data privacy related role in complex global organization.
Hands-on Securiti.ai experience is required, including configuration and delivery of at least several core modules (Consent mgt, PIAs, ROPA, DSR, etc.).
Demonstrated experience delivering enterprise implementations involving workflow automation, systems integrations, and production operations.
Working knowledge of major privacy regulations and concepts (e.g., GDPR, CCPA/CPRA) and ability to translate obligations into technical requirements and controls.
Strong technical fluency with APIs/integrations, environments, testing, and operational readiness; ability to work effectively with engineers and architects.
Excellent written and verbal communication skills; able to communicate clearly with both technical teams and non-technical senior stakeholders.
Bachelor’s degree in Computer Science, Engineering, or related field (or equivalent experience).
Preferred Skills
Applied scripting or programming capability (e.g., SQL, JavaScript) and comfort working with APIs and automation.
Experience with consent management implementations across web/mobile and enterprise tagging/consent patterns.
Show more
Show less",Not Applicable,Full-time,Engineering and Information Technology,Manufacturing and Food and Beverage Services
4439909372,DBA Architect Data Analytics and ETL,Infosys,"Hyderabad, Telangana, India",4 days ago,2026-08-05,https://in.linkedin.com/jobs/view/dba-architect-data-analytics-and-etl-at-infosys-4439909372,"Database Architecture Oracle Database Architecture (12c/19c/21c) PostgreSQL Architecture & Administration Oracle RAC Data Guard ASM Exadata PostgreSQL High Availability & Replication Database Clustering Capacity Planning & Performance Engineering Database Security, Auditing & Compliance Backup, Recovery & Disaster Recovery Solutions Business Continuity Planning Database Governance & Data Lifecycle Management Large-Scale OLTP & OLAP Architecture ETL & Data Engineering Enterprise ETL Architecture Data Integration Frameworks Informatica Talend SSIS DataStage Enterprise Data Warehouse Design Kimball & Inmon Methodologies Batch & Real-Time Data Processing Data Lake & Lakehouse Architectures Data Quality & Validation Frameworks Data Analytics & BI SQL PL/SQL Stored Procedures & Functions Stakeholder Management
Experience: 11–15 Years Location: Hyderabad, Chennai, Bangalore Define and drive enterprise database, data warehouse, ETL, and analytics architecture roadmaps. Design and implement highly available, secure, and scalable Oracle and PostgreSQL database solutions. Architect enterprise data warehouses, data lakes, and modern data platforms to support business intelligence and analytics requirements. Lead database modernization, migration, and cloud transformation initiatives. Design ETL and data integration frameworks for batch and real-time data processing. Establish database governance, security, auditing, compliance, and data lifecycle management standards. Drive performance tuning, capacity planning, optimization, and high-availability strategies across enterprise environments. Provide technical leadership to DBA, Data Engineering, ETL, and Analytics teams across multiple projects. Lead architecture reviews, solution governance, and implementation of industry best practices.
Show more
Show less",Not Applicable,Full-time,Information Technology,IT Services and IT Consulting
4450719171,Head of AIN BAI & Data,Amgen,"Hyderabad, Telangana, India",2 days ago,2026-08-07,https://in.linkedin.com/jobs/view/head-of-ain-bai-data-at-amgen-4450719171,"Amgen is seeking an
Executive Director of AIN BAI & Data
to lead a multi-vertical organization based in Hyderabad, India (AIN – Amgen India).
This role serves as the
strategic,
executional, and transformation leader,
enabling Amgen’s vision to become a truly data-driven, AI-enabled commercial organization. The Executive Director will help design the global strategy and translate it into scalable action - architecting data ecosystems, leading brand / field analytics and data science innovation, and operationalizing insights across markets.
The position reports to the
Vice President, GCCI
(Global Customer Capabilities & Innovation) in the US and will collaborate closely with all GCCI verticals as well as other GCO functions at AIN. This position will be a member of the AIN site leadership team.
Key Responsibilities
Strategy & Enterprise Transformation
Define and execute Amgen’s Business Analytics & Intelligence (BAI) & Data strategy from India, embedding scalable analytics, AI, and automation across commercial decisions.
Lead the transformation of Amgen’s data and analytics operating model - from project-based delivery to productized, automated, and insights-led execution.
Support global pipeline portfolio strategy and inline portfolio tactics that drive business performance through data-driven insights and analysis.
Align global commercial analytics priorities, investments, and talent with commercial strategy and enterprise objectives in partnership with US and ACCP (Amgen Portugal) leadership.
Foster a culture of innovation by advancing emerging technologies and scalable analytical approaches that enhance agility and business impact.
Data, Platforms, and Tools
Lead end-to-end commercial data governance, integration, quality, and privacy across global data domains.
Co-lead the design of Amgen’s next-generation data architecture with global peers, enabling agility, transparency, quality, and automation across data workflows.
Evaluate and scale next-generation cloud, BI, and AI platforms to increase insight velocity and transparency across global commercial teams.
Champion enterprise adoption of new analytics platforms, ensuring that global teams derive measurable value from technology investments.
Insights Leadership
Build and scale next-generation analytics capabilities across forecasting, primary market research, competitive intelligence, and advanced analytics, including machine learning, predictive modeling, and other emerging methodologies.
Ensure insights delivery is standardized, automated, and actionable for both headquarters and field teams, driving measurable commercial impact.
Direct the performance and sub-national analytics function, providing market-level insights that guide commercial execution and growth strategies.
Oversee global forecasting, competitive intelligence, and analytics functions to deliver accurate scenario-based insights that inform portfolio, launch, and brand strategies.
Organizational Leadership
Ensure efforts across AIN GCCI and AIN GCO functions are coordinated and inline with common corporate objectives.
Build and lead a world-class, India-based organization that delivers innovation, accountability, and measurable business impact at global scale.
Serve as a strategic partner to offshore teams in Global Commercial, Value & Access, Digital, and other departments - influencing enterprise data strategy, analytics priorities, and platform investments.
Represent Amgen’s data and analytics capabilities with external partners, vendors, and industry forums, strengthening Amgen’s reputation as a leader in analytics-driven commercialization.
Oversee budget, offshore vendor portfolio and management, and governance for global analytics delivery and data platforms.
Develop and mentor high-performing talent, fostering a culture of inclusion, learning, and thought leadership to sustain Amgen’s future-ready capabilities.
They will also embody the Amgen leadership attributes which are:
Inspire:
Create a connected, inclusive, and inspiring work environment that empowers talent to thrive
Accelerate:
Enable speed that matches the urgency of patient needs by encouraging progress over perfection
Integrate:
Connect the dots to amplify the collective power of Amgen to drive results for patients, staff, and shareholders
Adapt:
Lead through change by adapting to an ever-changing environment and defining a clear course of action to deliver results
Preferred Qualifications
20+ years of experience leading large-scale data and analytics functions within biopharma, healthcare, or technology industries.
Demonstrated success leading multi-country teams within a matrixed, global operating model.
Proven success in building and scaling global analytics organizations and influencing executive stakeholders across geographies.
Deep understanding of pharma commercial models, including forecasting methodologies, field operations, incentive compensation, and brand analytics.
Proven ability to shape and govern modern data architecture and analytics platforms in partnership with technology leaders.
Demonstrated ability to translate analytics into business strategy and measurable commercial outcomes.
Strong leadership presence with a track record of developing high-performing, cross-functional teams.
Excellent communication, executive influencing, and stakeholder management skills.
Experience driving AI/ML and automation initiatives to transform decision-making in commercial or scientific contexts.
Comfortable navigating complex, matrixed global environments, balancing strategic vision with hands-on operational leadership.
Show more
Show less",Not Applicable,Full-time,"Sales, Business Development, and Marketing",Biotechnology Research and Pharmaceutical Manufacturing
4437811465,Mgr Data Sciences - Information and Data Architecture,Amgen,"Hyderabad, Telangana, India",5 days ago,2026-08-04,https://in.linkedin.com/jobs/view/mgr-data-sciences-information-and-data-architecture-at-amgen-4437811465,"Job Description
ABOUT AMGEN
Amgen harnesses the best of biology and technology to fight the world’s toughest diseases, and make people’s lives easier, fuller and longer. We discover, develop, manufacture and deliver innovative medicines to help millions of patients. Amgen helped establish the biotechnology industry more than 40 years ago and remains on the cutting-edge of innovation, using technology and human genetic data to push beyond what’s known today.
About The Role
You will play a key role in a regulatory submission content automation initiative which will modernize and digitize the regulatory submission process, positioning Amgen as a leader in regulatory innovation. The initiative leverages state-of-the-art technologies, including Generative AI, Structured Content Management, and integrated data to create a foundational knowledge repository for Operations Transformation prioritized initiatives.
Role Description:
The Mgr Data Sciences is a mid-level position responsible for developing interconnected business information and data architecture and ontologies that capture real-world meaning of data by studying the business, our data, and the industry. With a focus on pharmaceutical industry-specific data, including Operations domains such as Process Development, Quality, Manufacturing, Engineering and Supply Chain, this role involves creating robust semantic models based on data-centric principles to realize a connected data ecosystem that empowers consumers. The Information and Data Architect drives seamless cross-functional data interoperability, enables efficient decision-making, and supports digital transformation in pharmaceutical operations.
Roles & Responsibilities:
Ensure successful delivery of connected data initiatives aligned with Operations Data Strategy roadmap.
Lead conversations with business stakeholders to elucidate semantic models of pharmaceutical business concepts, aligned definitions, and relationships. Negotiate and debate across stakeholders to drive alignment and create system-independent information models, taking a data-centric approach aligned with business data domains.
Design, develop and deploy a connected data ecosystem across Operations using, Semantic modeling, R2RML, SPARQL, Generative AI, large language models, GraphRAG
Provide technical leadership in Python-based development, SQL-based data transformation, SPARQL retrieval, and AI system design.
Develop comprehensive business information models and ontologies that capture industry-specific concepts, including CMC, Clinical, and Operations data.
Facilitate whiteboarding sessions with business subject matter experts to elicit knowledge, drive interoperability across pharmaceutical domains, and interface between data producers and consumers.
Educate and mentor peers on the practical use and differentiating value of Connected Data and FAIR+ data principles. Champion standards for master data & reference data.
Formalize data models in RDF as OWL and SHACL ontologies that interoperate with each other and with relevant industry standards like FHIR and IDMP for healthcare data exchange.
Build a broad semantic knowledge graph that threads data together across end-to-end business processes and enables the transformation to data-centricity and new ways of working
Guide the development of intelligent systems that combine structured and unstructured data, semantic models, and knowledge graphs.
Apply pragmatic semantic abstraction to simplify diverse pharmaceutical and healthcare data patterns effectively.
Drive adoption of FAIR data principles, data-centric design, and semantic interoperability across solutions.
Basic Qualifications and Experience:
[GCF Level 5A]
Master’s OR Bachelor’s degree with 8 - 12 years of experience Product Owner / Platform Owner / Service Owner / Service Owner
Functional Skills:
Must-Have Skills:
Strong problem-solving, analytical, and critical thinking skills to address complex data challenges.
Deep understanding of pharmaceutical industry data, including Process Development, Manufacturing, Engineering Quality, Supply Chain, and Operations.
Advanced skills in semantic modeling, RDF, OWL, SHACL, and ontology development in TopBraid and/or Protégé.
Demonstrated experience creating knowledge graphs with semantic RDF technologies (e.g. Stardog) and testing models with real data.
Highly proficient with RDF, SPARQL, Connected Data concepts, and interacting with triple stores.
Highly proficient at facilitating, capturing, and organizing collaborative discussions through tools such as Lucidchart, and Confluence.
Expertise in FAIR data principles and their application in healthcare and pharmaceutical data models.
Good-to-Have Skills:
Experience in regulatory data modeling and compliance requirements in the pharmaceutical domain.
Familiarity with pharmaceutical lifecycle data (PLM), including product development and regulatory submissions.
Knowledge of supply chain and operations data modeling in the pharmaceutical industry.
Proficiency in integrating data from various sources, such as LIMS, EDC systems, and MES.
Hands-on data analysis and wrangling experience including SQL-based data transformation and solving integration challenges arising from differences in data structure, meaning, or terminology
Expertise in FHIR data standards and their application in healthcare and pharmaceutical data models.
Soft Skills:
Exceptional interpersonal, business analysis, facilitation, and communication skills.
Ability to interpret complex regulatory and operational requirements into data models.
Analytical thinking for problem-solving in a highly regulated environment.
Adaptability to manage and prioritize multiple projects in a dynamic setting.
Strong appreciation for customer- and user-centric product design thinking.
EQUAL OPPORTUNITY STATEMENT
Amgen is an Equal Opportunity employer and will consider you without regard to your race, color, religion, sex, sexual orientation, gender identity, national origin, protected veteran status, or disability status.
We will ensure that individuals with disabilities are provided with reasonable accommodation to participate in the job application or interview process, to perform essential job functions, and to receive other benefits and privileges of employment. Please contact us to request an accommodation.
Show more
Show less",Not Applicable,Full-time,Analyst and Information Technology,Biotechnology Research and Pharmaceutical Manufacturing
4399279715,Specialist Technical Architect,Amgen,"Hyderabad, Telangana, India",3 months ago,2026-05-04,https://in.linkedin.com/jobs/view/specialist-technical-architect-at-amgen-4399279715,"About Amgen
Amgen harnesses the best of biology and technology to fight the world’s toughest diseases, and make people’s lives easier, fuller and longer. We discover, develop, manufacture and deliver innovative medicines to help millions of patients. Amgen helped establish the biotechnology industry more than 40 years ago and remains on the cutting-edge of innovation, using technology and human genetic data to push beyond what’s known today.
About The Role
Role Description:
The role is responsible for developing and maintaining the data architecture across Data analytics platforms and applications, along with liaising with Architecture that includes the activities required for data flow design, data modelling, physical data design, query performance optimization.
The Data Modeler architect position is responsible for developing business information models by studying the business, our data, and the industry. This role involves creating data models to realize a connected data ecosystem that empowers consumers. The Data Modeler architect drives cross-functional data interoperability, enables efficient decision-making, and supports AI usage of Foundational Data.
Roles & Responsibilities:
Develop and maintain conceptual logical, and physical data models and to support business needs
Contribute to and Enforce data standards, governance policies, and best practices
Design and manage metadata structures to enhance information retrieval and usability
Maintain comprehensive documentation of the architecture, including principles, standards, and models
Evaluate and recommend technologies and tools that best fit the solution requirements
Drive continuous improvement in the architecture by identifying opportunities for innovation and efficiency
Basic Qualifications and Experience:
[GCF Level 5A]
Doctorate Degree OR
Master’s degree with 4 - 6 years of experience in Computer Science, IT or related field OR
Bachelor’s degree with 6 - 8 years of experience in Computer Science, IT or related field OR
Diploma with 10 - 12 years of experience in Computer Science, IT or related field
Functional Skills:
Must-Have Skills
Data Modeling: Proficiency in creating conceptual, logical, and physical data models to represent information structures.
Ability to interview and communicate with business Subject Matter experts to develop data models that are useful for their analysis needs.
Metadata Management: Knowledge of metadata standards, taxonomies, and ontologies to ensure data consistency and quality.
Hands on experience with big data technologies and platforms, such as Databricks, Apache Spark (PySpark, SparkSQL), performance tuning on big data processing
Implementing Data testing and data quality strategies.
Good-to-Have Skills:
Experience with Graph technologies such as Stardog, Allegrograph, Marklogic
Professional Certifications (please mention if the certification is preferred or mandatory for the role):
Certifications in Databricks are desired
Soft Skills:
Excellent critical-thinking and problem-solving skills
Strong communication and collaboration skills
Demonstrated awareness of how to function in a team setting
Demonstrated awareness of presentation skills
EQUAL OPPORTUNITY STATEMENT
Amgen is an Equal Opportunity employer and will consider you without regard to your race, color, religion, sex, sexual orientation, gender identity, national origin, protected veteran status, or disability status.
We will ensure that individuals with disabilities are provided with reasonable accommodation to participate in the job application or interview process, to perform essential job functions, and to receive other benefits and privileges of employment. Please contact us to request an accommodation.
Show more
Show less",Not Applicable,Full-time,Engineering,Biotechnology Research and Pharmaceutical Manufacturing
4422439042,Software Eng Specialist,"Mattel, Inc.","Hyderabad, Telangana, India",3 days ago,2026-08-06,https://in.linkedin.com/jobs/view/software-eng-specialist-at-mattel-inc-4422439042,,,,,
4446227981,Deputy Director - SWE & App Arch Sr. Principal Engineer,PepsiCo,"Hyderabad, Telangana, India",6 days ago,2026-08-03,https://in.linkedin.com/jobs/view/deputy-director-swe-app-arch-sr-principal-engineer-at-pepsico-4446227981,"Overview
Application Architecture plays a pivotal role in software development activities and long-term initiative planning and collaboration across the Strategy & Transformation (S&T) organization. Software Engineering is the cornerstone of scalable digital transformation across PepsiCo’s value chain. This leader will establish an end-to-end vision of the overall application design and provide technology leadership to the application architecture in terms of focus, technical direction, and breadth of coverage of relevant technologies.
Responsible for architecting, designing, and analyzing the logical and physical architecture for digital products and applications. Defines the technology stack, reusable design patterns, and standards to ensure scalability, performance, and maintainability. Develops logical and physical architecture, including front-end/back-end separation, database design, and workflow sequencing, while optimizing for performance and cost efficiency. Utilizes advanced technology solutions to define monitoring strategies for performance, availability, and system health. Identifies potential technical risks and develops mitigation strategies to ensure reliability and business continuity. Evaluates and selects appropriate frameworks, tools, and technologies for digital product development and deployment, and provides architecture guidance and standards to ensure consistent implementation by engineering teams.
Responsibilities
Strategy
Create the vision and guide a team of engineers to build and support Platform and Solution Engineering across S&T core priorities
Lead multi-discipline, high-performance work teams distributed across remote locations effectively. Build, manage, develop, and mentor a team of engineers
Interact with executives across the company to lead the narrative around software engineering
Manage and appropriately escalate delivery impediments, risks, issues, and changes tied to the engineering initiatives to the stakeholders
Develop application architecture strategy in alignment with the Business goals
Review business drivers and strategies to understand the implications to the application architecture and identify/mitigate risks to solutions
Champion and communicate the application architecture to business leaders and contracting teams, associating the implication of the architecture to objectives/drivers/goals
Architecture
Define the conceptual and detailed architecture for the development of applications and oversee the evolution of that architecture as the platform is deployed across the entire organization
Ensure adherence to architecture processes, principles, policies and standards for the enterprise
Define transition steps and strategy from the current to the future application architecture
Define development guidelines and standards to be utilized in application development and integration
Develop methods to integrate systems that interact and extend across organizational and functional lines
Develop and maintain application architecture models, processes and documentation
Analyze the current IT ecosystem application architecture to identify weaknesses and develop opportunities for improvements
Innovation
Identify emerging technologies that can enable the overall business architecture
Contribute to the development of proof of concepts or prototypes
Partner with associates to build a comprehensive reference architecture, examine existing frameworks and prepare for the future
Qualifications
Minimum Qualifications:
A Bachelor’s Degree in Computer Science, Engineering, or a related field
Master’s or PhD in Computer Science or Engineering preferred
Minimum of 10 years of relevant software development and engineering leadership experience
10+ years of experience on architecting fault tolerant, high scale distributed systems
Commanding knowledge of data structures, algorithms, and object-oriented design
Working knowledge of programming languages beyond C#, Java, C or C( (e.g. Ruby, Python, Perl)
Experience with Azure, Google Cloud, Amazon Web Services and cloud specific PaaS and SaaS solutions , Postgre, Mongo DB, Spring Boot
Experience with mission critical, 24x7 systems
Experience with high throughput cloud native distributed systems
Experience implementing and consuming large-scale web services
Deep knowledge of design patterns
Experience with JavaScript/TypeScript, Node.js, React-Redux or other front-end frameworks
Full stack engineering experience
Experience defining and driving enterprise application architecture strategy and governance
Experience implementing monitoring, observability, and reliability practices for large-scale systems
Experience with cloud cost optimization and build/run-time cost analysis (FinOps)
Experience building reusable platforms, shared services, or reference architectures
Familiarity with AI-enabled development tools and modern engineering practices
Preferred Qualifications:
Strong attention to detail and extremely well-organized
Ability to be able to interface with the business and recognize their needs and priorities
Ability to work cross functionally with product, service design and operations across the organization
Demonstrated passion for excellence with respect to Engineering services, education, and support
Strong interpersonal skills, ability to navigate through a complex and matrixed internal environment
Ability to work collaboratively with regional and global partners in other functional units
Ability to navigate a complex organization and to influence and lead people across cultures at a senior level
Show more
Show less",Mid-Senior level,Full-time,Engineering and Information Technology,Manufacturing and Food and Beverage Services
4428304634,"Assoc. Dir ,SAP  Data and Analytics Tech Architecture",MSD,"Hyderabad, Telangana, India",2 weeks ago,2026-07-26,https://in.linkedin.com/jobs/view/assoc-dir-sap-data-and-analytics-tech-architecture-at-msd-4428304634,"Job Description
Associate. Director, SAP Data and Analytics Tech Architecture
Opportunity
Based in Hyderabad, join a global healthcare biopharma company and be part of a 130- year legacy of success backed by ethical integrity, forward momentum, and an inspiring mission to achieve new milestones in global healthcare.
Be part of an organisation driven by digital technology and data-backed approaches that support a diversified portfolio of prescription medicines, vaccines, and animal health products.
Drive innovation and execution excellence. Be a part of a team with passion for using data, analytics, and insights to drive decision-making, and which creates custom software, allowing us to tackle some of the world's greatest health threats.
Our Technology Centers focus on creating a space where teams can come together to deliver business solutions that save and improve lives. An integral part of our company’s IT operating model, Tech Centers are globally distributed locations where each IT division has employees to enable our digital transformation journey and drive business outcomes. These locations, in addition to the other sites, are essential to supporting our business and strategy.
A focused group of leaders in each Tech Center helps to ensure we can manage and improve each location, from investing in growth, success, and well-being of our people, to making sure colleagues from each IT division feel a sense of belonging to managing critical emergencies. And together, we must leverage the strength of our team to collaborate globally to optimize connections and share best practices across the Tech CenteThe Lab Integration Platform is a critical enabler of digital transformation strategy, supporting secure, compliant, and efficient data exchange across laboratory systems.
SAP Data & Analytics Architect
We are seeking an experienced SAP Data & Analytics Architect to lead the design, implementation, and evolution of enterprise-scale SAP analytics solutions. At our company, we are at the forefront of research to deliver innovative health solutions that advance the prevention and treatment of diseases in people and animals. Join us in using the power of leading-edge science to save and improve lives around the world.
Responsibilities
Define and lead the end-to-end SAP data and analytics architecture, spanning ingestion, modeling, governance, and consumption.
Establish and maintain reference architectures and design standards for SAP analytics platforms.
Drive architectural decisions for SAP BDC, SAP Datasphere, BW/4HANA or BWonHANA, and S/4HANA analytics integration.
Align SAP data strategy with enterprise data platform initiatives and cloud transformation programs.
Design and implement scalable data models and data products using SAP BW, Datasphere, and S/4HANA.
Architect real-time and batch data integration pipelines between SAP and non-SAP systems.
Enable seamless analytics and reporting capabilities using SAP Analytics Cloud (SAC).
Lead technical design reviews and guide development teams on best practices.
Define and enforce data governance, data quality, lineage, and metadata management frameworks.
Ensure compliance with enterprise data standards, security, and regulatory requirements.
Implement data harmonization and semantic modeling strategies across SAP domains.
Drive modernization initiatives from SAP BW to Datasphere / SAP BDC architecture.
Evaluate emerging SAP capabilities (AI/ML, embedded analytics, data products) and integrate them into the architecture landscape.
Lead POCs/POVs to evaluate new tools and approaches for SAP analytics modernization.
Collaborate with business stakeholders, product teams, and IT leadership to align analytics solutions with business needs.
Provide architectural leadership across cross-functional teams (data engineering, analytics, and platform teams).
Mentor architects and engineers on SAP analytics best practices.
Qualifications
Required
Bachelor’s degree in Computer Science, Information Systems, or a related field.
Minimum 6+ years of experience in SAP Data & Analytics Architecture.
10+ years of overall experience in SAP Data & Analytics, data engineering, or related domains.
Strong hands-on experience with
SAP Business Data Cloud (BDC)
SAP BW / BW4HANA
SAP Datasphere
SAP Analytics Cloud (SAC)
SAP S/4HANA Embedded Analytics
Experience designing end-to-end SAP analytics solutions across multiple landscapes.
Deep understanding of
Data modeling (InfoProviders, CDS views, semantic models)
Data integration (SLT, SDI, APIs, ETL tools)
Analytics and reporting frameworks in SAP
Proven experience defining enterprise-level architecture and standards.
Strong experience in cloud-based data platforms and hybrid architectures.
Ability to lead architecture discussions and influence senior stakeholders.
Preferred
Experience in SAP BW modernization and migration to Datasphere / BDC.
Familiarity with data governance tools and metadata management platforms.
Exposure to AI/ML integration within SAP analytics ecosystems.
SAP certifications in BW, Datasphere, SAC, or S/4HANA analytics.
Join our team and contribute to our mission of advancing health solutions through innovative research and cutting-edge technology.
This document contains AI-generated content.
Who We Are
We are known as Merck & Co., Inc., Rahway, New Jersey, USA in the United States and Canada and MSD everywhere else. For more than a century, we have been bringing forward medicines and vaccines for many of the world's most challenging diseases. Today, our company continues to be at the forefront of research to deliver innovative health solutions and advance the prevention and treatment of diseases that threaten people and animals around the world.
What We Look For
Imagine getting up in the morning for a job as important as helping to save and improve lives around the world. Here, you have that opportunity. You can put your empathy, creativity, digital mastery, or scientific genius to work in collaboration with a diverse group of colleagues who pursue and bring hope to countless people who are battling some of the most challenging diseases of our time. Our team is constantly evolving, so if you are intellectually curious, join us—and start making your impact today.
Required Skills
Emerging Technologies, Methods and Tools, Requirements Management, Software Development, Software Development Life Cycle (SDLC), Solution Architecture, Strategic Planning, System Designs, Technical Advice
Preferred Skills
SAP Analytics Cloud, SAP Business Data Cloud (BDC), SAP BW/4HANA, SAP Datasphere
Current Employees apply HERE
Current Contingent Workers apply HERE
Secondary Language(s) Job Description
#MSDHYDIT
Search Firm Representatives Please Read Carefully
Merck & Co., Inc., Rahway, NJ, USA, also known as Merck Sharp & Dohme LLC, Rahway, NJ, USA, does not accept unsolicited assistance from search firms for employment opportunities. All CVs / resumes submitted by search firms to any employee at our company without a valid written search agreement in place for this position will be deemed the sole property of our company. No fee will be paid in the event a candidate is hired by our company as a result of an agency referral where no pre-existing agreement is in place. Where agency agreements are in place, introductions are position specific. Please, no phone calls or emails.
Employee Status
Regular
Relocation
VISA Sponsorship
Travel Requirements
Flexible Work Arrangements
Not Applicable
Shift
Valid Driving License
Hazardous Material(s)
Job Posting End Date
08/14/2026
A job posting is effective until 11 59 59PM on the day BEFORE the listed job posting end date. Please ensure you apply to a job posting no later than the day BEFORE the job posting end date.
Requisition ID
R401737
Show more
Show less",Not Applicable,Full-time,"Design, Art/Creative, and Information Technology","Biotechnology Research, Pharmaceutical Manufacturing, and Veterinary Services"
4418965099,Cloud Architect– Clinical Data Hub,Amgen,"Hyderabad, Telangana, India",1 month ago,2026-06-11,https://in.linkedin.com/jobs/view/cloud-architect%E2%80%93-clinical-data-hub-at-amgen-4418965099,,,,,
4427702298,Senior Manager - Product Hub,LSEG,"Hyderabad, Telangana, India",1 week ago,2026-07-27,https://in.linkedin.com/jobs/view/senior-manager-product-hub-at-lseg-4427702298,"Role Summary
Job Description – Oracle Product Hub Architect (with EDMCS Expertise)
The Oracle Product Hub Architect will lead the enterprise Product Master strategy using
Oracle Product Hub (OPH)
, ensuring seamless integration with
EDMCS
(Enterprise Data Management Cloud Service) and
RMCS
(Revenue Management Cloud Service).
This role requires a techno‑functional blend of
architecture design
,
data modelling
,
integration expertise
, and
deep understanding of product, pricing, and revenue data flows
.
You will work multi-functionally with Product, Finance, Billing, Pricing, Data Governance, Architecture, and Technology teams to establish a unified, governed, accurate, and scalable product data foundation.
Key Responsibilities
Oracle Product Hub Architecture
Lead the design and governance of the enterprise Product Master in Oracle Product Hub.
Define product structures, item classes, attributes, catalogs, lifecycle rules, validations, and workflows.
Develop scalable patterns for product creation, enrichment, approval, and publishing processes.
Ensure alignment with enterprise data governance, MDM strategy, and architecture principles.
Integration with EDMCS
Architect end‑to‑end integrations between OPH and EDMCS for:
Product hierarchies
Dimension mappings
Attribute synchronization
Governance workflows
Define patterns using APIs, OIC/ODI, file-based (FBDI), or event-driven integrations.
Govern metadata, lineage, and mapping logic to ensure consistency with Planning, Reporting, and ERP.
Integration with RMCS
Design OPH → RMCS integration for:
Product catalog synchronization
Pricing attributes
Revenue recognition attributes
Contract and billing dependencies
Ensure product attributes required for revenue allocation, SSP rules, POB setup, and accounting treatments flow accurately into RMCS.
Coordinate reconciliation mechanisms to ensure RMCS reflects the correct product and revenue metadata.
Data Flow & Process Architecture
Map end‑to‑end product, pricing, and revenue data flows across:
OPH → EDMCS
OPH → RMCS
OPH → ERP (Oracle Cloud/SAP)
OPH → Billing systems
OPH → CRM (Salesforce, Dynamics, etc.)
OPH → Data Warehouse / Data Lake
OPH → Finance & Regulatory reporting
Identify upstream/downstream impacts, dependencies, and integration risks.
Define data lineage, quality rules, enrichment logic, and reconciliation frameworks.
Techno‑Functional Leadership
Translate functional requirements from Finance, Pricing, and Product teams into technical architecture.
Define governance models for product setup, change management, and attribute ownership.
Participate in workshops, design sessions, sprint planning, and UAT.
Provide thought leadership on Product Master standards across global teams.
Integration & Architectural Governance
Lead integration patterns across OPH, EDMCS, RMCS, ERP, and Billing.
Define API contracts, mapping documents, transformation logic, error handling, and exception flows.
Guide development teams and ensure alignment to architectural standards.
Drive consistent design patterns and reusable frameworks across regions and business units.
Quality, Controls & Compliance
Establish strong data quality, lineage, and validation controls across OPH and integrations.
Support audit and compliance requirements for Finance, Accounting, and Regulatory functions.
Ensure proper controls for product attribute changes and hierarchy modifications.
Production Support & Continuous Improvement
Provide L4 architectural guidance for production incidents and data integrity issues.
Conduct root‑cause analysis for data flow issues between OPH, EDMCS, RMCS, and downstream systems.
Collaborate with teams to optimize performance, reduce manual work, and enhance automation.
Technical Skills
Skills & Experience Required
Deep implementations of Oracle Product Hub (mandatory):
Item architecture
Catalogs & item classes
Lifecycle workflows
Product attribute governance
Import/Export (EGO, FBDI)
Strong hands-on with EDMCS:
Hierarchy management
Data governance
Mappings, validations, and approvals
Good understanding of RMCS (required):
Product catalog and revenue attributes
Revenue allocation methods and POB setup
Pricing and SSP-related attributes
Expertise with:
Oracle Integration Cloud (OIC)
ODI / FBDI / REST APIs / SOAP APIs
SQL and data modelling
Event-driven architecture (Kafka optional)
Experience integrating product data with ERP (Oracle Cloud/SAP) and CRM/Billing systems.
Functional Skills
Good understanding of:
Product lifecycle & governance
Pricing and revenue recognition models
Product-to-accounting mappings
Planning/reporting hierarchy usage (EDMCS)
Good background in Finance processes, Billing, and Revenue Operations.
Experience in handling functional workshops with Finance, Product, and Business SMEs.
Qualifications
Bachelor’s in Computer Science, Information Systems, Engineering, or related field.
12–15+ years in ERP/MDM/Data Architecture roles.
Shown experience with Oracle Product Hub, EDMCS, and RMCS integrations is important.
Experience in large, complex global organisations preferred.
We're proud to have been recognised as a Great Place to Work® in India ‘25.
Learn more about life and purpose of our company directly from India colleagues’ video: Bengaluru, India | Where We Work | LSEG
Career Stage:
Manager
London Stock Exchange Group (LSEG) Information:
Join us and be part of a team that values innovation, quality, and continuous improvement. If you're ready to take your career to the next level and make a significant impact, we'd love to hear from you.
LSEG is a leading global financial markets infrastructure and data provider. Our purpose is driving financial stability, empowering economies and enabling customers to create sustainable growth.
Our purpose is the foundation on which our culture is built. Our values of
Integrity, Partnership
,
Excellence
and
Change
underpin our purpose and set the standard for everything we do, every day. They go to the heart of who we are and guide our decision making and everyday actions.
Working with us means that you will be part of a dynamic organisation of 25,000 people across 65 countries. However, we will value your individuality and enable you to bring your true self to work so you can help enrich our diverse workforce.
We are proud to be an equal opportunities employer. This means that we do not discriminate on the basis of anyone’s race, religion, colour, national origin, gender, sexual orientation, gender identity, gender expression, age, marital status, veteran status, pregnancy or disability, or any other basis protected under applicable law. Conforming with applicable law, we can reasonably accommodate applicants' and employees' religious practices and beliefs, as well as mental health or physical disability needs.
You will be part of a collaborative and creative culture where we encourage new ideas. We are committed to sustainability across our global business and we are proud to partner with our customers to help them meet their sustainability objectives. Our charity, the LSEG Foundation provides charitable grants to community groups that help people access economic opportunities and build a secure future with financial independence. Colleagues can get involved through fundraising and volunteering.
LSEG offers a range of tailored benefits and support, including healthcare, retirement planning, paid volunteering days and wellbeing initiatives.
Please take a moment to read this privacy notice carefully, as it describes what personal information London Stock Exchange Group (LSEG) (we) may hold about you, what it’s used for, and how it’s obtained, your rights and how to contact us as a data subject.
If you are submitting as a Recruitment Agency Partner, it is essential and your responsibility to ensure that candidates applying to LSEG are aware of this privacy notice.
Show more
Show less",Not Applicable,Full-time,Product Management and Marketing,IT Services and IT Consulting and Financial Services
4412101990,Product Manager (Materials Program),US Pharmacopeia,"Hyderabad, Telangana, India",6 days ago,2026-08-03,https://in.linkedin.com/jobs/view/product-manager-materials-program-at-us-pharmacopeia-4412101990,"Description
Who is USP?
The U.S. Pharmacopeial Convention (USP) is an independent scientific organization that collaborates with the world’s leading health and science experts to develop rigorous quality standards for medicines, dietary supplements, and food ingredients. At USP, we believe that scientific excellence is driven by a commitment to fairness, integrity, and global collaboration. This belief is embedded in our core value of Passion for Quality and is demonstrated through the contributions of more than 1,300 professionals across twenty global locations, working to strengthen the supply of safe, high-quality medicines worldwide.
At USP, we value inclusive scientific collaboration and recognize that attracting diverse expertise strengthens our ability to develop trusted public health standards. We foster an organizational culture that supports equitable access to mentorship, professional development, and leadership opportunities. Our partnerships, standards, and research reflect our belief that ensuring broad participation in scientific leadership results in stronger, more impactful outcomes for global health.
USP is proud to be an equal employment opportunity employer (EEOE) and is committed to ensuring fair, merit-based selection processes that enable the best scientific minds—regardless of background—to contribute to advancing public health solutions worldwide. We provide reasonable accommodations to individuals with disabilities and uphold policies that create an inclusive and collaborative work environment.
Brief Job Overview
As part of the USP Programs, Regions, Operations, and Strategy (PROpS) Division, the Materials Product Manager leads the development and management of a portfolio of Pharmaceutical Analytical Impurities, Analytical Reference Materials, and Certified Reference Materials. This role is focused on execution of USP goals to deliver quality products across the Materials portfolio. The Product Management function is responsible for overseeing the full product lifecycle (development to discontinuation), understanding key industry trends, applying data-driven and analytic decision making and making customer-focused recommendations that drive product portfolio growth. This role is an individual contributor who will be responsible for implementation of projects and processes that enable decisions about new and existing products. Core activities will also include the development of prioritization, forecasting, and financial models that enhance product mix, optimization and overall performance. This is a highly collaborative role that will be expected to work globally across the organization including Science, Operations, Sales, Regions, Pricing, Trade Compliance, and Marketing. As a product manager, this role will drive product strategy, lead cross-functional teams in planning product roadmaps, discount and promotion strategies and ensure the successful launch and growth of innovative, high-quality standards and solutions to drive USP’s mission and vision of improving global health.
How will YOU create impact here at USP?
As part of our mission to advance scientific rigor and public health standards, you will play a vital role in increasing global access to high-quality medicines through public standards and related programs. USP prioritizes scientific integrity, regulatory excellence, and evidence-based decision-making to ensure health systems worldwide can rely on strong, tested, and globally relevant quality standards.
Additionally, USP’s People and Culture division, in partnership with the Equity Office, invests in leadership and workforce development to equip all employees with the skills to create high-performing, inclusive teams. This includes training in equitable management practices and tools to promote engaged, collaborative, and results-driven work environments.
The Materials Product Manager Has The Following Responsibilities
Item forecasting, pricing, and margin analysis
Develop and present business case and supporting rationale for new and existing items
Stays abreast of industry and market trends and key competitive intelligence to drive product strategies.
Lead pipeline prioritization efforts, aligning pipeline to segment value and organizational strategies/prioritization
Work with Industry Programs, Science and Operations, and others to facilitate new product launches
Support Industry Programs, Regional and Sales staff in new product training and related customer solutions
Support continuous improvement of forecasting and product performance against key success metrics
Manage product mix and optimization for selection and discontinuation of products that enhance profitability
Identify new product opportunities based on customer needs, feedback, and strategic insights
Work collaboratively with Marketing, Sales, and Regions to launch and monitor feedback and uptake of items
Maintain and update product roadmaps to meet targeted product pipeline and growth goals.
Who is USP Looking For?
The Successful Candidate Will Have a Demonstrated Understanding Of Our Mission, Commitment To Excellence Through Inclusive And Equitable Behaviors And Practices, Ability To Quickly Build Credibility With Stakeholders, Along With The Following Competencies And Experience
Bachelor’s/Master’s degree in business, Marketing or Science fields with a MBA Degree.
Minimum five (5) to seven (7) years of professional experience in Pharmaceutical industry or related field
At least two (2) years managing large product portfolios across B2B and/or B2C companies and managing high performance cross-functional teams.
Experience with financial analysis, forecasting, data and analytical tools
Strong quantitative and critical thinking skills with ability to handle complexity and drive data-driven solutions.
Ability to develop and present dashboards, templates and business cases supported by strong rationale, customer insights and business growth goals.
Self-starter and highly self-motivated, assumes personal accountability for results and performance.
Working knowledge of syndicated data and analysis, such as IQVIA, Cortellis, Dailymed, etc
Knowledge of Microsoft Word, Excel, PowerPoint
Strong written and verbal communication and cross-functional collaboration skills
Supervisory Responsibilities
None, this is an individual contributor role.
Benefits
USP provides the benefits to protect yourself and your family today and tomorrow. From company-paid time off and comprehensive healthcare options to retirement savings, you can have peace of mind that your personal and financial well-being is protected.
Note: USP does not accept unsolicited resumes from 3rd party recruitment agencies and is not responsible for fees from recruiters or other agencies except under specific written agreement with USP.
Job Category
Technical Programs
Job Type
Full-Time
Show more
Show less",Not Applicable,Full-time,Product Management and Marketing,Pharmaceutical Manufacturing
4442415363,"AVP, Data Product Owner – Wealth Management (Data Products)",LPL Financial Global Capability Center,Greater Hyderabad Area,1 day ago,2026-08-08,https://in.linkedin.com/jobs/view/avp-data-product-owner-%E2%80%93-wealth-management-data-products-at-lpl-financial-global-capability-center-4442415363,"Where Ambition Meets Innovation
At LPL’s Global Capability Center, you'll find a collaborative culture where your voice matters, integrity guides every decision, and technology fuels progress. Your skills, talents, and ideas will redefine what's possible. LPL's success reflects its exceptional employees, who together pursue one noble purpose: empowering financial advisors to deliver personalized advice for all who need it. We’re proud to be expanding and reaching new heights in Hyderabad.
Join us as we create something extraordinary together.
Job Overview
LPL Financial is seeking an AVP, Workflows Product Owner to drive large-scale workflow transformation across Operations as part of our Global Capability Center (GCC) in Hyderabad.
This role is accountable for end-to-end ownership of workflow products—from problem discovery through delivery, adoption, and measurable business outcomes. You will modernize legacy and manual processes into scalable, orchestrated solutions by combining deterministic automation with AI-enabled capabilities, always ensuring compliance, explainability, and operational resilience in a regulated environment.
Operating within a global onsite–offshore delivery model, you will partner closely with U.S.-based Product, Technology, and Operations teams to deliver high-impact solutions. This role requires strong ownership, disciplined execution, and the ability to work across time zones while maintaining high standards of communication, documentation, and delivery excellence.
Responsibilities
Own the end-to-end execution and outcomes of workflow transformation initiatives, from ideation through delivery, adoption, and value realization
Reimagine and modernize legacy workflows into scalable, automation-first products, selectively applying AI where it clearly improves outcomes
Deliver measurable improvements in cycle time, NIGO reduction, advisor experience, risk controls, and operational efficiency
Define product vision, strategy, and roadmaps aligned to Operations priorities and enterprise objectives
Translate business problems into well-structured requirements, user stories, and acceptance criteria with clear success metrics
Serve as the single accountable Product Owner for Scrum teams, ensuring disciplined agile execution and delivery readiness
Manage dependencies, risks, and trade-offs to maintain delivery timelines and solution quality
Partner with Engineering, Architecture, Data, and Risk & Compliance teams to design fit-for-purpose solutions
Drive adoption and operational readiness through stakeholder alignment, training, and change management
Global Delivery & Collaboration
Operate effectively in a global onsite–offshore model, partnering closely with U.S.-based stakeholders
Provide overlap with U.S. working hours (evening IST) to enable real-time collaboration and decision-making
Work flexibly across time zones to support critical delivery milestones and stakeholder engagement
Lead and coordinate distributed teams across regions, ensuring clear ownership and minimal handoffs
Drive high-quality asynchronous communication, including structured documentation and status updates
Make day-to-day product decisions independently, escalating only when necessary to maintain velocity
What are we looking for?
We’re looking for strong collaborators who deliver exceptional client experiences and thrive in fast-paced, team-oriented environments. Our ideal candidates
pursue greatness
,
act with integrity
, and are
driven to help our clients succeed
. We value those who embrace creativity, continuous improvement, and contribute to a culture where we
win together
and
create and share joy
in our work.
Requirements
6+ years of experience in product management, consulting, or program/project leadership, preferably within financial services or other regulated industries
3+ years of hands‑on experience serving as a Product Owner in an agile delivery environment with direct accountability for outcomes
Experience working in offshore/onsite global delivery models, preferably with U.S.-based teams.
Experience in the Wealth Management or Financial Services industry, with familiarity in advisory platforms, brokerage operations, or related domains
Core Competencies
Strong product ownership mindset, from discovery through adoption and value realization
AI literacy, including understanding of workflow orchestration, automation platforms, and human-in-the-loop systems
Ability to assess when AI meaningfully adds value versus when deterministic automation is appropriate
Excellent written and verbal communication skills, with the ability to clearly articulate complex concepts to global stakeholders
High discipline in documentation, requirements clarity, and structured communication
Proven ability to collaborate across time zones, cultures, and distributed teams
Data-driven decision-making with a focus on measurable outcomes
Preferences
Deep domain understanding of Wealth Management workflows, including areas such as account onboarding, transfers (ACAT/non-ACAT), servicing, trading, or fee processing.
Experience driving automation and AI-enabled workflow transformation initiatives - Background in Operations, servicing, or back-office transformation
Experience delivering solutions in regulated environments with strong risk and compliance considerations
Experience leading change management and user adoption efforts
LPL Global Business Services, LLP - PRIVACY POLICY
Show more
Show less",Not Applicable,Full-time,Product Management and Marketing,Financial Services
4436364183,"Senior Manager, Data Enablement - Obesity",Amgen,"Hyderabad, Telangana, India",2 weeks ago,2026-07-21,https://in.linkedin.com/jobs/view/senior-manager-data-enablement-obesity-at-amgen-4436364183,"Senior Manager, Data Enablement
Obesity Intelligence & Analytics | Amgen India
Reports to:
Director, Technology, Operations & Data Enablement
Role Summary
This is an India-based global role supporting Amgen's global obesity business. The Senior Manager, Data Enablement will own the data foundation that enables analytics, products, AI, and decision-making to move at the speed of the business.
The mission is simple: analytical teams should spend their time solving business problems - not searching for data, reconciling inconsistencies, or rebuilding datasets for every new question. This is not a traditional data management role. It requires technical depth, business judgment, and an appreciation for how high-quality, well-governed data accelerates decisions across the organization.
This leader will own Obesity data readiness. In close partnership with enterprise data and technology teams, the role will ensure the data ecosystem meets business needs by making datasets business-ready and AI-ready, while influencing priorities so analytics can move at the pace the business requires. Success depends on balancing speed with governance, aligning data with enterprise architecture, privacy, security, and quality standards, and keeping it fit for rapidly evolving business needs.
Success is measured by how quickly new questions can be answered, how confidently teams trust the data they use, and how effectively the organization can scale analytics, AI-enabled solutions, and future products without data becoming the constraint.
Key Responsibilities
Data Readiness Agenda & Use-Case Prioritization
Own the data readiness agenda supporting priority obesity analytics, products, AI/ML, reporting, and decision-support use cases.
Partner with analytics, product, commercial, scientific, operations, and technology teams to understand data needs before analytical work begins.
Convert ambiguous requests into clear data requirements, source plans, readiness criteria, quality expectations, and delivery commitments.
Prioritize data work based on business value, reuse potential, urgency, governance requirements, quality risk, and downstream analytical impact.
Data Onboarding, Integration & Business-Ready Preparation
Lead onboarding of internal and external sources required for analytics products, business intelligence, AI/ML, and future decision-support tools.
Coordinate sourcing, access, mapping, integration, transformation, testing, and handoff so datasets can be used reliably by downstream teams.
Work with enterprise data and engineering partners to align pipelines, curated layers, refresh patterns, and access models with platform direction.
Resolve practical data issues that slow teams down, including mismatched definitions, missing fields, unclear ownership, inconsistent granularity, and usability gaps.
Data Quality, Controls & Issue Resolution
Establish quality checks, validation rules, issue logs, remediation processes, escalation paths, and sign-off expectations for priority data assets.
Identify recurring defects, root causes, control gaps, and ownership breakdowns, then drive fixes that prevent the same problems from returning.
Create practical standards for reconciliation, refresh monitoring, exception handling, data stability, and known limitation management.
Partner with source owners, technology teams, vendors, and business users to resolve problems quickly, transparently, and with clear accountability.
Protect analytical credibility. If the data is weak, unclear, late, or unstable, teams should know before insights, products, or models depend on it.
Reusable Data Products, Documentation & AI-Ready Assets
Build reusable data products, semantic layers, standardized business rules, and documentation that improve consistency and reduce repeated manual work.
Define and maintain metadata, lineage, data dictionaries, transformation logic, ownership, refresh expectations, known limitations, and usage guidance.
Enable self-service where appropriate, while keeping controls strong enough for regulated healthcare data and sensitive business information.
Make reuse easy. Every high-value dataset should become easier for the next team to understand, trust, apply, and extend.
Governance, Compliance & Enterprise Partnership
Partner with privacy, security, legal, compliance, architecture, and enterprise data teams to ensure responsible data use.
Translate governance requirements into practical ways of working that teams can follow without unnecessary friction or delay.
Support appropriate access management, documentation, retention expectations, vendor coordination, data-use controls, and audit readiness.
Represent obesity intelligence data needs clearly with enterprise technology partners, bridging gaps between policy, platform direction, and analytical reality.
Team Leadership, Service Model & Capability Building
Lead an India-based data enablement team that provides disciplined, responsive support to analytics, products, and AI/ML use cases.
Create a service model for intake, triage, delivery, documentation, quality checks, issue resolution, stakeholder communication, and ongoing support.
Coach team members to combine technical rigor with business understanding, customer-service orientation, and ownership of downstream impact.
Set clear expectations for responsiveness, documentation, reuse, quality, transparency, and practical problem solving.
Basic Qualifications
Doctorate degree and 4+ years of relevant experience; OR
Master's degree and 8+ years of relevant experience; OR
Bachelor's degree and 10+ years of relevant experience.
Preferred Qualifications
Advanced degree in Data Science, Computer Science, Engineering, Information Systems, Analytics, Business, Life Sciences, or a related field.
Demonstrated experience leading data enablement, analytics engineering, or data platform initiatives that made trusted, business-ready data available for analytics, AI/ML, reporting, or decision-support.
Demonstrated success designing and scaling reusable, governed data assets that improved analytical speed, consistency, data quality, or organizational reuse.
Strong understanding of modern data management practices, including metadata, lineage, semantic layers, data quality, governance, access controls, and reusable data architecture.
Experience building reusable data products, curated datasets, semantic layers, or self-service capabilities that reduced manual effort and improved analytical scalability.
Experience working with healthcare, commercial, medical, operational, real-world, or external data sources supporting business analytics or decision-making.
Experience influencing enterprise data engineering, architecture, privacy, security, and business stakeholders to align platform capabilities with business priorities.
Understanding of data requirements for AI/ML applications, including data readiness, documentation, governance, and model enablement.
Demonstrated ability to diagnose complex data issues, evaluate trade-offs, and drive practical, scalable solutions without creating unnecessary process or bureaucracy.
Excellent communication skills, with the ability to explain complex data concepts, governance decisions, and technical trade-offs to both technical teams and business leaders.
Show more
Show less",Not Applicable,Full-time,Engineering,Biotechnology Research and Pharmaceutical Manufacturing
4443038290,"Sr. Product Manager, Operations Evaluation, Worldwide Returns and Recommerce",Amazon,"Hyderabad, Telangana, India",2 weeks ago,2026-07-21,https://in.linkedin.com/jobs/view/sr-product-manager-operations-evaluation-worldwide-returns-and-recommerce-at-amazon-4443038290,"Description
In the Worldwide Returns & ReCommerce (WW R&R) group at Amazon, we are dedicated to ‘making zero happen’ – zero cost of returns, zero waste, and zero defects – to benefit our customers, company, and environment. We are an agile and inclusive organization that constantly innovates to create long-term value by investing in our people and our planet, not simply focusing on the bottom line.
WW R&R includes business, product, operations, data, and software engineering teams, who together manage the lifecycle of returned and damaged products. In WW R&R, you will partner across these teams to help customers get the most value out of Amazon’s products; improve the customer returns experience; and reduce defects, waste, and cost in reverse logistics processes. You will be a leader, a builder, and an owner, collaborating cross-functionally with technical, operations, and business teams to design scalable and automated solutions to customer problems.
Evaluation Automation charter is dedicated to grading every returned item with machine-learned precision instead of static rules, by building the science based scalable solutions that replace heuristic rules for sellability and recovery disposition thereby maximizing sellable yield, reducing associate subjectivity, and protecting the customer experience across Amazon's reverse logistics network.
We're looking for someone who has a passion for working in cross functional environment, strong communication skills (verbal & written) in addition to proven product management experience. Join us if you want the opportunity to make a big impact in a quickly growing team that can make a big difference in the customers' journey with Amazon.
Amazon is Earth’s most customer-centric company and in WW R&R, the Earth is our customer too. Come join us and innovate with the Amazon Worldwide Returns & ReCommerce.
Key job responsibilities
In This Role, You Will
Create vision, product strategy, roadmap, and execution across a suite of return products to improve customer trust
Develop worldwide features with huge customer-facing and financial impact
Work with technology, customer service, returns operations, retail etc. to develop a comprehensive solution to fulfil the returns CX.
Basic Qualifications
5+ years of product or program management, product marketing, business development or technology experience
Bachelor's degree or equivalent
Experience owning/driving roadmap strategy and definition
Experience with end to end product delivery
Experience with feature delivery and tradeoffs of a product
Experience as a product manager or owner
Experience owning technology products
Preferred Qualifications
Experience in influencing senior leadership through data driven insights
Experience working across functional teams and senior stakeholders
Master's degree or equivalent
Our inclusive culture empowers Amazonians to deliver the best results for our customers. If you have a disability and need a workplace accommodation or adjustment during the application and hiring process, including support for the interview or onboarding process, please visit https://amazon.jobs/content/en/how-we-hire/accommodations for more information. If the country/region you’re applying in isn’t listed, please contact your Recruiting Partner.
Company
- ADCI HYD 13 SEZ
Job ID: A10476718
Show more
Show less",Mid-Senior level,Full-time,"Project Management, Management, and Product Management",Software Development
4429953299,Telephony Product Expert,Opella,"Hyderabad, Telangana, India",1 week ago,2026-07-31,https://in.linkedin.com/jobs/view/telephony-product-expert-at-opella-4429953299,"Job title
:
Telephony Product Expert
Location: Hyderabad
Opella is the self-care challenger with the purest and
third-largest portfolio in the Over-The-Counter (OTC) & Vitamins, Minerals & Supplements (VMS) market globally
.
Our mission is to bring health in people’s hands by
making self-care as simple as it should be
. For half a billion consumers worldwide – and counting.
At the core of this mission is our
100 loved brands
, our
11,000-strong global team, our 13 best-in-class manufacturing sites
and 4 specialized science and innovation development centers. Headquartered in France, Opella is the proud maker of many of the world’s most loved brands, including Allegra, Buscopan, Doliprane, Dulcolax, Enterogermina, Essentiale and Mucosolvan.
B Corp certified in multiple markets
, we are active players in the journey towards healthier people and planet. Find out more about our mission at www.opella.com.
About The Job
Our team
Our team is engaged in designing, delivering and supporting Digital Tech Services for all CHC worldwide.
We deliver our solutions in a highly competitive market answering FMCH needs and sometimes supporting regulated environments (GxP, SoX and other regional or local regulations).
Our team operates in an international context, serving all markets in most of the countries around the world.
Digital Technology & Architecture organization encompasses following capabilities: Integration, Enterprise Architecture, Cloud engineering, Platform Engineering (e.g. DevOps & related framework), Platforms (ServiceNow, Observability, Chatbots, SAP, Commercial, RPA, …), Digital Workplace and more “classical” infrastructures (hosting, servers, …).
Digital Workplace & Facilities
team manages all Digital Workplace capabilities (all devices, collaboration, communication, printing, software management & deployment, …) and makes the bridge between global standards designed by global infrastructure & workplace teams and their implementation on our 60+ sites (incl. 12 plants) across the globe.
Are you passionate about providing exceptional Digital Workplace services that serve all our users every minute of their daily work?
Influencing the way our associates collaborate and communicate?
Join us as a
Senior Collaboration Product Owner
within our Digital Workplace & Facilities crew!
As part of the Collaboration
team, you will manage the following capabilities:
Telephony / Enterprise Voice. Own enterprise telephony across PBX and Microsoft Teams Phone, including architecture, dial plans, voice routing, number management, carrier connectivity and end-user voice services. Lead transformation topics such as SIP trunking, Direct Routing / Operator Connect, SBC integration, emergency calling and resilience.
Contact Center. Support and evolve contact center capabilities and integrations with enterprise voice platforms, including IVR / auto-attendants, call queues, routing, reporting, service levels and carrier interoperability, as well as AI-enabled capabilities such as conversational AI, virtual agents, agent assist / copilot, transcription / summarization, speech analytics, intelligent routing, quality management and workflow automation.
Digital Signage. Own the digital signage capability across sites, currently based on Comeen Play, covering operations, governance, content scheduling, device monitoring, access management, analytics and secure integrations.
We are looking for a senior Product Owner with strong expertise in telephony, PBX and enterprise voice, able to lead these services end to end while also owning the related contact center and digital signage capabilities.
Bring hands-on expertise across enterprise telephony, PBX, Teams Phone, SIP trunking, carrier interconnect, contact center and digital signage, including delivery of telephony and digital signage migrations and carve-out transitions.
Design scalable solutions for the carve-out context, including target architecture, migration, coexistence, interoperability, resilience and security by design.
Build robust operating models for Run and Continuous Improvement, covering service ownership, support processes, SLAs, vendor governance and lifecycle management.
Manage capabilities as products using KPIs, analytics and user feedback to improve adoption, service quality and business value.
Analyse incidents, requests, usage, call quality and screen uptime to drive improvements, cost-effectiveness and automation.
Drive product strategy with vendors, carriers and partners, and translate it into change, communication and adoption plans.
Build roadmaps with key dependencies across network, identity, endpoint management and cybersecurity where they support voice and signage services.
Develop stakeholders communication & engagement on products in scope (how-to, quick wins, roadmaps, perspectives, voice of the customer, …) and ensure adoption of the products
Ensure documentation of all decisions, process, ways of working, knowledge, etc… linked to products in scope
About You
Technical background required
Bachelor’s degree in computer science, Information Technology, or related field, with various proven experiences in international context across global organizations
6+ years of proven experience building and managing telephony, enterprise voice, digital signage or closely related collaboration products in a global environment, including telephony and digital signage migrations and carve-out programs, with strong exposure to end-user services, operational excellence and senior-level product ownership.
Strong expertise in telephony, PBX and enterprise voice, including Teams Phone / Enterprise Voice, SIP trunking, SBCs, dial plans, voice routing, number management, emergency calling, and contact center capabilities such as call queues / auto-attendants, AI-enabled virtual agents, agent assist / copilot, transcription / summarization, speech analytics, intelligent routing, quality management and platform integrations, as well as digital signage platforms such as Comeen Play.
Good understanding of adjacent domains such as network, identity and endpoint management as they impact voice, contact center and digital signage services.
Soft Skills Required
Proven experience working in global virtual teams and international matrix environment
Ability to design architecture and automate for the products in scope
Collaborate with teams and build through co-creation
Ability to document & present technical concepts to any type of audience
Team player, taking into account other’s responsibility and supporting them
Structured and having a project mindset (planning, action plans, documentation, communication, meeting minutes, …)
Ability to take the lead & ownership (e.g. to find a solution, propose new idea and execute them, …), even in unclear situations. Contribute to clear the unclear
Strong communication, problem-solving and interpersonal skills, ability to pick things up quickly and connect information, with attention to details
Agile and continuous improvement mindset, with critical-thinking and root-cause-analysis paradigms
Curious, open-minded, « out of the box » thinking.
Why us?
At Opella, you will enjoy doing challenging, purposeful work, empowered to develop consumer brands with passion and creativity. This is your chance to grow new skills and be part of a bold, collaborative, and inclusive culture where people can thrive and be at their best every day.
We Are Challengers.
We Are Dedicated To Making Self-care As Simple As It Should Be. That Starts With Our Culture. We Are Challengers By Nature, And This Is How We Do Things
All In Together:
We keep each other honest and have each other's backs.
Courageous:
We break boundaries and take thoughtful risks with creativity.
Outcome-Obsessed:
We are personally accountable, driving sustainable impact and results with integrity.
Radically Simple:
We strive to make things simple for us and simple for consumers, as it should be.
Join us on our mission. Health. In your hands.
www.opella.com/en/careers
Show more
Show less",Not Applicable,Full-time,Sales and Business Development,Retail Health and Personal Care Products
4443667923,Program Manager III,Thermo Fisher Scientific,"Hyderabad, Telangana, India",1 week ago,2026-07-29,https://in.linkedin.com/jobs/view/program-manager-iii-at-thermo-fisher-scientific-4443667923,"Work Schedule
Standard (Mon-Fri)
Environmental Conditions
Laboratory Setting, Office, Some degree of PPE (Personal Protective Equipment) required (safety glasses, gowning, gloves, lab coat, ear plugs etc.)
About ThermoFisher Scientific
ThermoFisher Scientific Inc. (NYSE: TMO) is the world leader in serving science, with annual revenue of approximately $45 billion. Our Mission is to enable our customers to make the world healthier, cleaner and safer.
Whether our customers are advancing life sciences research, solving complex analytical challenges, improving laboratory efficiency, enhancing patient health through diagnostics, or developing and manufacturing life-changing therapies, we are committed to supporting them.
Our global team delivers an exceptional combination of innovative technologies, purchasing convenience, and pharmaceutical services through industry-leading brands such as Thermo Scientific, Applied Biosystems, Invitrogen, Fisher Scientific, Unity Lab Services, Patheon, and PPD.
Role & Responsibilities
As a Program Manager III, you will lead a program of complex, cross-functional projects focused on product development, cost optimization, and design standardization across globally manufactured products. You will drive program strategy, execution governance, and stakeholder alignment to deliver measurable business impact.
Own and manage programs/projects, ensuring alignment with business priorities, financial targets, and strategic objectives
Establish program governance, including planning, execution frameworks, risk management, and performance tracking (scope, schedule, cost, and quality)
Lead cross-functional teams across engineering, sourcing, operations, quality, service, and global R&D to deliver high-impact outcomes
Drive Value Analysis / Value Engineering (VAVE) programs to identify and implement cost optimization opportunities while maintaining product quality and compliance
Deliver measurable business impact, including ~$1-2M+ annual cost savings, and build a strong pipeline for sustained savings
Develop and maintain integrated program plans, dashboards, and reporting mechanisms to provide visibility to senior stakeholders
Proactively identify risks, dependencies, and bottlenecks; drive mitigation strategies and escalation as needed
Ensure design, development, and qualification activities comply with global engineering standards, regulatory requirements, and quality systems
Drive product cost analysis, teardown benchmarking, and competitive insights to support data-driven decision-making
Facilitate stakeholder communication, alignment, and decision-making across global teams and leadership forums
Champion continuous improvement initiatives (PPI/Lean) to enhance execution efficiency and program outcomes
Mentor and guide team members, fostering technical capability and leadership development across the organization
Skills & Proficiencies
Bachelor’s degree in Mechanical Engineering or a related field
10+ years of experience, including strong exposure to program/project management, product development, and VAVE/cost optimization initiatives
Proven track record of managing complex, cross-functional programs or portfolios with measurable business impact
Strong expertise in program/project planning, governance, risk management, and stakeholder management
Experience leading end-to-end VAVE initiatives (from opportunity identification through implementation and realization)
Proficiency in product cost analysis, teardown benchmarking, and engineering optimization techniques
Good understanding of global engineering standards, regulatory requirements, and product qualification processes
Strong analytical, problem-solving, and decision-making capabilities
Excellent communication and influencing skills, with the ability to drive alignment across diverse stakeholder groups
Demonstrated leadership experience in mentoring, coaching, and developing teams
Preferred Qualifications
PMP, PgMP, or equivalent program management certification
VAVE certification
Experience with PLM systems (e.g., Teamcenter) and CAD tools such as UG/NX, along with working knowledge of simulation tools like Ansys
Show more
Show less",Not Applicable,Full-time,"Research, Science, and Engineering",Pharmaceutical Manufacturing and Biotechnology Research
4442799462,"Technical Product Manager, Specialist",Vanguard,"Hyderabad, Telangana, India",2 weeks ago,2026-07-22,https://in.linkedin.com/jobs/view/technical-product-manager-specialist-at-vanguard-4442799462,"Leads the strategic vision and roadmap for a technical product or products within a specific business area, demonstrating a deep understanding of the product(s). Products may have enterprise-wide implications.
About Vanguard
Founded in 1975, Vanguard is one of the world's leading investment management companies. The firm offers investments, advice, and retirement services to tens of millions of individual investors around the globe—directly, through workplace plans, and through financial intermediaries.
Vanguard’s India Office
Vanguard’s office in India is a significant milestone in our global expansion. We are committed to establishing an enduring technology center in Hyderabad, Telangana and are excited to be adding talent who will focus on Artificial Intelligence (AI), mobile, and cloud-based technologies that drive our business outcomes and deliver a world-class experience for our clients.
Role Summary
We are seeking an experienced Technical Product Manager to lead the development and maintenance of Vanguard's Azure contingency site. This individual contributor role requires deep technical expertise combined with strong product thinking to ensure our backup platform delivers reliable, secure, and compliant financial services when clients need them most. A critical aspect of this role is partnering closely with AWS-side product managers to identify and maintain core feature parity that supports essential client intents, while building a simplified, stripped-down version of the primary platform.
Responsibilites
Leads technical product management activities for multiple technical products, or one strategic technical product. Participates in the design and continuous improvement of the technical solution.
Collaborates with cross-functional teams to create best practices that drive significant change to the client experience.
Coaches technical product teams towards best practices and learnings. Ensures delivery of messaging, communication, and customer outreach as necessary.
Partners with stakeholders to resolve production and implementation issues in a timely manner, and supports/drives escalations where required to enable rapid delivery.
Leads the planning, development and implementation of new technical products. Defines and analyzes technical markets, developing detailed product features and requirements, and developing implementation plans.
Employs a variety of qualitative and quantitative analysis techniques to continually improve the user experience.
Participates in and provides recommendations for ongoing business planning and departmental prioritization activities.
Participates in the team’s engineering practices in development, continuous integration, and automated deployment.
Participates in special projects and performs other duties as assigned.
Manages the entire product life cycle from planning to execution in alignment with business goals and strategy.
Researches and analyzes market conditions to identify key consumer trends and opportunities for product enhancements or innovation.
Determines product features and functions by gathering business and customer feedback and translating it into product requirements.
Prepares product documentation and supports go-to-market activities by providing product knowledge to sales and marketing teams.
Leverages market and performance feedback to evaluate product effectiveness and steer future product direction.
Qualifications And Skills
Minimum 8 years of experience in technical product management, with at least 2 years leading large cross-functional teams. Bachelor’s degree in Computer Science, Engineering, Information Technology, or a related field required; graduate degree preferred
technical product management experience, preferably in financial services or highly regulated industries
Strong understanding of cloud platforms, particularly Azure services (compute, storage, networking, security)
Experience with disaster recovery, business continuity planning, and multi-cloud architectures
Knowledge of US financial services regulations and compliance requirements (SOX, SEC regulations, data privacy)
Experience with AWS and multi-cloud deployment strategies
Background in US financial services technology, particularly trading platforms or wealth management systems
Proven experience identifying core features and simplifying complex user experiences while maintaining essential functionality
Strong ability to collaborate with product managers to define ""minimum viable"" versions of full-featured experiences
Experience prioritizing features based on user impact and business continuity requirements
Experience working with distributed engineering teams and managing cross-functional dependencies
Strong analytical skills with ability to make data-driven decisions about feature prioritization and platform capabilities
Experience with agile development methodologies and product management tools
Excellent written and verbal communication skills with ability to present to senior leadership in both regions
Demonstrated success in cross-product collaboration and defining feature requirements across different platform teams
Experience facilitating discussions about feature prioritization and scope with multiple stakeholders
Ability to translate complex technical concepts into business impact and risk assessments for US-based stakeholders
Strong project management skills with track record of delivering on committed timelines
Location
This role is based in Hyderabad, Telangana at Vanguard’s India office. Only qualified external applicants will be considered.
Our mission
Vanguard adheres to a simple purpose: To take a stand for all investors, to treat them fairly, and to give them the best chance for investment success.
Our commitment to you
Vanguard takes the same long-term view of your success—at work and in life—with Benefits and Rewards packages that reflect what you care about, throughout all the phases and stages of your life. Our Total Rewards programs provide you and your loved ones with wellness support for key areas in your life:
Financial wellness
We're committed to enabling your financial success and provide competitive offers and programs.
Physical wellness
We're committed to providing benefits that support your physical health and wellness.
Personal wellness
We're committed to providing resources that help support the full scope of your life.
How we work
Vanguard has implemented a hybrid working model for most of our employees (crew members), designed to capture the benefits of enhanced flexibility while enabling in-person learning, collaboration, and connection. We believe our mission-driven and highly collaborative culture is a critical enabler to support long-term client outcomes and enrich the employee experience.
Show more
Show less",Mid-Senior level,Full-time,Product Management and Marketing,Financial Services
4443045028,"Sr. Product Manager, Returns, Worldwide Returns and Recommerce",Amazon,"Hyderabad, Telangana, India",2 weeks ago,2026-07-21,https://in.linkedin.com/jobs/view/sr-product-manager-returns-worldwide-returns-and-recommerce-at-amazon-4443045028,"Description
In the Worldwide Returns & ReCommerce (WW R&R) group at Amazon, we are dedicated to ‘making zero happen’ – zero cost of returns, zero waste, and zero defects – to benefit our customers, company, and environment. We are an agile and inclusive organization that constantly innovates to create long-term value by investing in our people and our planet, not simply focusing on the bottom line.
WW R&R includes business, product, operations, data, and software engineering teams, who together manage the lifecycle of returned and damaged products. In WW R&R, you will partner across these teams to help customers get the most value out of Amazon’s products; improve the customer returns experience; and reduce defects, waste, and cost in reverse logistics processes. You will be a leader, a builder, and an owner, collaborating cross-functionally with technical, operations, and business teams to design scalable and automated solutions to customer problems.
Post Returns Experience is a charter of WW R&R that is dedicated to providing the best-in-class post returns experience to customers, by building products that provide transparent and accurate information to customers thereby reducing customer contacts, improving customers' return behavior and enhancing the amazon fly wheel.
We're looking for someone who has a passion for working in cross functional environment, strong communication skills (verbal & written) in addition to proven product management experience. Join us if you want the opportunity to make a big impact in a quickly growing team that can make a big difference in the customers' journey with Amazon.
Amazon is Earth’s most customer-centric company and in WW R&R, the Earth is our customer too. Come join us and innovate with the Amazon Worldwide Returns & ReCommerce.
Key job responsibilities
In This Role, You Will
Create vision, product strategy, roadmap, and execution across a suite of return products to improve customer trust
Develop worldwide features with huge customer-facing and financial impact
Work with technology, customer service, returns operations, retail etc. to develop a comprehensive solution to fulfil the returns CX.
Basic Qualifications
5+ years of product or program management, product marketing, business development or technology experience
Bachelor's degree or equivalent
Experience owning/driving roadmap strategy and definition
Experience with end to end product delivery
Experience with feature delivery and tradeoffs of a product
Experience as a product manager or owner
Experience owning technology products
Preferred Qualifications
Experience in influencing senior leadership through data driven insights
Experience working across functional teams and senior stakeholders
Master's degree or equivalent
Company
- ADCI HYD 13 SEZ
Job ID: A10458117
Show more
Show less",Mid-Senior level,Full-time,"Project Management, Management, and Product Management",Software Development
4435664175,"Product Owner, Core Compensation & Benefits Enterprise Innovation & Solution",Novartis India,Greater Hyderabad Area,1 week ago,2026-07-30,https://in.linkedin.com/jobs/view/product-owner-core-compensation-benefits-enterprise-innovation-solution-at-novartis-india-4435664175,"Summary
Location: Hyderabad, India
About The Role
The HR Technology Product Owner acts as owner of specific HR technologies/modules, manage the Reward and Benefits technology in Workday and other tools, focusing on review of change request requirements from countries, governance of change requests, coordination with Data Digital & IT (DDIT) on internal IT aspects, deployment of new technical enhancement from technology vendors and vendors management to improve the user experience and benefits administration service delivery in close collaboration with cluster benefits land compensation leads, APD, DDIT and other HR functions. The role reports directly to the Director Reward Enterprise and Innovation Solutions.
About The Role
Key Responsibilities:
Manage the day-to-day relation with Rewards and Benefit technology vendors and cluster benefits lead on benefits platform management.
Collect the change request from the cluster leads, review the requirements and get them approved by the PTDI governance board.
Corporate action: Assessment of new features from the technology vendor and lead the implementation of enterprise-level system enhancements.
Responsible for the vendor management of the technology provider related to service delivery (SLAs/KPIs), cost management, etc.
The role not only limited to system in scope but also includes to work on other HR technology systems of scope Talent Acquisition, Learning, Performance Management, Talent Management, Rewards, People Experience and Services systems. This role involves managing and maintaining various HR systems (GxP and non GxP) to provide knowledge and guidance, resolve issues and incidents, implement system changes and supports the delivery of vendor releases. The role directly fulfils service requests and resolves incidents with their combined functional knowledge and technical skills to enhance user experience, improve process efficiency, and ensure compliance with industry and company-specific requirements.
AI-literate Product Owner capable of defining, delivering, and scaling enterprise AI solutions—combining strong data/AI fluency, hands-on AI application, and governance-led product thinking
The HR Technology Product Owner will partner with PTDI teams, HR business stakeholders (e.g.GPOs, COEs, PS&S), and DDIT organization for all aspects related to current technologies as follows:
For new technologies to be integrated within the existing landscape, to enable successful Go Lives, the HR Technology Product Owner will partner with the relevant stakeholders within PTDI team to identify & deliver any required changes in the current landscape.
all aspects related to existing technology landscape and related topics, will partner with HR Business stakeholders (e.g. GPOs, COEs, PS&S) & DDIT. Such are related to design and delivery of system enhancements, HR projects relevant to the HR technologies in scope starting from prioritization of business requirements, solution design & configuration, translations, knowledge management, training requirements as well as impacts in Novartis process taxonomy and NFCM. As well for the systems release management.
The HR Technology Product Owners are also the Level 3 support owners; they are the highest escalation point to address incidents and approve any enhancement request for the existing technologies
Essential Requirements
Bachelor's degree in engineering or equivalent experience in HR systems or related field.
Minimum 5 years’ experience in Workday Reward and Benefit end to end process knowledge of Workday Core Compensation, Advance Compensation and Workday Benefits Module.
Minimum an overall 10-year Knowledge and experience with HR technologies and tools. (e.g., Workday, ServiceNow, SAP HCM, Cornerstone on Demand and Reporting.
Experience in system implementation, configuration, and support with strong experience with Agile methodologies. Strong experience with Service Management and Delivery
AI Fluency & Product Thinking (Non-negotiable baseline) Solid working knowledge of AI/ML fundamentals (LLMs, GenAI, Agents, ML basics). Ability to translate business problems into AI use cases and product features. Strong understanding of where AI adds value vs. where it should not be used. Experience managing AI lifecycle (idea → PoC → MVP → scale)
Comfortable with probabilistic systems and continuous improvement loops
Excellent communication and interpersonal skills.
Desirable Requirements
Experience in Global/ MNC and complex & matrixed organizations.
Workday certifications in Advanced Compensation, Core Compensation, and Workday Benefits would be a strong advantage.
Working knowledge of benefits administration platforms such as Benefex, Equatex, or similar benefits and equity management solutions is highly desirable.
Experience configuring, supporting, or enhancing benefits and compensation processes within Workday and related integrated platforms is preferred.
Why Novartis:
Helping people with disease and their families takes more than innovative science. It takes a community of smart, passionate people like you. Collaborating, supporting and inspiring each other. Combining to achieve breakthroughs that change patients’ lives. Ready to create a brighter future together? https://www.novartis.com/about/strategy/people-and-culture
Benefits and Rewards:
Learn about all the ways we’ll help you thrive personally and professionally.
Read our handbook (PDF 30 MB)
Show more
Show less",Not Applicable,Full-time,Product Management and Marketing,Pharmaceutical Manufacturing
4443049269,"Senior Product Manager - Tech, Shipment Technologies",Amazon,"Hyderabad, Telangana, India",2 weeks ago,2026-07-20,https://in.linkedin.com/jobs/view/senior-product-manager-tech-shipment-technologies-at-amazon-4443049269,,,,,
4446077743,Senior Solution Engineer - Presales,mInventory - Mobile Inventory Management,"Hyderabad, Telangana, India",1 week ago,2026-07-29,https://in.linkedin.com/jobs/view/senior-solution-engineer-presales-at-minventory-mobile-inventory-management-4446077743,"Location: Hyderabad, India
Employment Type: Fulltime
Compensation: Base Salary, Bonus, Benefits
Job Description
About Innovapptive
Innovapptive is an enterprise SaaS company building an AI-powered Connected Worker Platform for industrial organizations. Our platform connects frontline workers, back-office systems, and assets in real-time to drive safety, reliability, and operational productivity.
Leading global enterprises including Shell, Hess, Westlake Chemical, Kimberly-Clark, Scott Miracle-Gro, and Newmont Mining, rely on Innovapptive to transform how work gets done across plants and field operations.
Our customers have achieved $50M+ EBITDA savings at a single enterprise, 10× improvement in frontline productivity, and 15–20% reductions in maintenance costs.
Innovapptive is recognized as a Leader in Frost & Sullivan's “Frost Radar 2025 - Augmented Connected Worker Platforms”, with acknowledgments from Gartner and LNS Research, and is backed by Vista Equity Partners and Tiger Global Management.
With headquarters in Houston and an engineering center in Hyderabad, we have 300+ employees across the U.S., India, and ANZ and are on a strong trajectory toward $100M ARR.
The Role
Innovapptive’s Solution engineering team is made up of passionate group of individuals whose goal is to generate value through consultative selling of our products to our prospects and customers. Through their strong interpersonal and relationship building traits they become trusted advisors to our prospects and customers unearthing their key needs and propose the right solution fit through our platforms and solutions.
The role brings exciting opportunities to the individual by providing a platform to be the face of Innovapptive to our clients. The selected candidate will get an opportunity to work as an equal partner along with our expert sales account executives and play an active role in revenue generation for Innovapptive.
What You Bring To The Team
Bachelor’s degree / master’s in business administration (MBA/ PGDM
Strong client-facing communication and inter-personal skills, with the ability to explain product functionality, technical design and limitations to various levels of prospect/ customer’s organization right from CXO level to Business SMEs, Program Managers and IT Teams
Strong sales orientation with a consulting mindset
Minimum of 7 years of strong Pre-sales or Solution Engineering experience in Enterprise Asset Management or Supply Chain
At-least 3+ years of relevant experience in CMMS Platforms like SAP PM, IBM Maximo etc. as a solution engineer/ functional expert
Attention to detail, plus analytical and problem-solving capabilities
Ability to travel 25%
Impact You’ll Make
Assist the sales personnel in the qualification of Enterprise customer needs and performing pre-demo needs analysis
Demonstrations of the product, both standard and tailored to prospects and existing customers, both onsite and via web conference
Capture prospect/customer requirements and work with sales to write solution proposals detailing how Innovapptive’s solutions will address business needs
Create necessary documentation, presentations, and product demonstrations to teach clients about Innovapptive’s product functionality and its value proposition
Participation in one or more strategic account pursuits either in support or as a lead.
Provide mentoring and training to peers and other colleagues in the organization.
Scoping and delivering Proof of Concept/Pilot engagements with prospects
Responding to Request for Information/Proposal documents
Supporting Marketing events – user conferences, trade shows, webinars etc.
Staying current on competitive analyses and understanding differentiators between the company and its competitors
In conjunction with Sales Personnel and Professional Services, conduct transition briefing - communicate commitments, expectations etc. in preparation for deployment
Act as the Innovapptive’s subject matter expert at Executive briefings/marketing events
Understand sales process as it relates to Innovapptive’s overall strategies and objectives
What We Offer
Competitive compensation and equity tied to measurable impact on AI accuracy and performance.
A platform to shape the semantic intelligence layer of a category-defining industrial SaaS company.
Access to cutting-edge AI, data, and observability toolchains for continuous learning and innovation.
Innovapptive does not accept and will not review unsolicited resumes from search firms.
Innovapptive is an equal opportunity employer and is committed to a diverse and inclusive workplace. Qualified applicants will receive consideration for employment without regard to race, color, religion or creed, alienage or citizenship status, political affiliation, marital or partnership status, age, national origin, ancestry, physical or mental disability, medical condition, veteran status, gender, gender identity, pregnancy, childbirth (or related medical conditions), sex, sexual orientation, sexual and other reproductive health decisions, genetic disorder, genetic predisposition, carrier status, military status, familial status, or domestic violence victim status and any other basis protected under federal, state, or local laws.
Show more
Show less",Not Applicable,Full-time,Engineering and Information Technology,IT Services and IT Consulting
4447040908,"Program Manager II, Transportation Controllership",Amazon,"Hyderabad, Telangana, India",1 week ago,2026-07-31,https://in.linkedin.com/jobs/view/program-manager-ii-transportation-controllership-at-amazon-4447040908,"Description
Amazon, a Fortune 500 company based in Seattle, Washington, is the global leader in e-commerce. Since Jeff Bezos started Amazon in 1995, we have significantly expanded our product offerings, international sites, and worldwide network of fulfillment and customer service centers. Today, Amazon offers everything from books and electronics to tennis rackets and diamond jewellery. We operate sites in Canada, India, China, France, Germany, Italy, Japan, Spain and United Kingdom and maintain dozens of fulfillment centers around the world which encompass more than 26 million square feet.
Amazon has great opportunities for professionals wishing to pursue a career as a leader in finance Operations. We know that learning through experience is what transforms talented people into great leaders. Our Operations environment presents the candidates with great challenges in dealing with front line management, and driving scalable and continuous improvements across our transportation teams worldwide.
The successful candidate will have good analytical and communication skills, and have a passion for using data to drive business decisions. You are analytical and creative, and you don’t quit until you solve the problem. You attack complex business questions with data and curiosity, diving below the surface to identify the root cause and the “so what” rather than just superficial trends. You thrive by providing data-driven decision support and business intelligence that is timely, accurate, and actionable.
Major Responsibilities
Recommend, develop, and implement policies and programs that guide the organization in accurately estimating freight cost for Global 3P transportation business.
Create a “learn by doing” environment by engaging with operations and finance team to promote and encourage continued customer focus and cost reduction
Work with technology teams to ensure that key decision data is accurate, automated and timely
Identify, develop, manage, and execute analyses to uncover areas of opportunity and present written business recommendations
Analyze and solve business problems at their root
Statistical analysis models to predict bad behaviors in system and correcting it through solutions
Data driven decision making in ambiguous situations
Perform detailed analysis of operations and technology by identifying trends. Should be able to scope the impact and opportunities to scale
Developing metrics for continuous tracking of process improvement and helping the leadership for data based fast decision making
Simplifying operational and financial complexities through innovative long term solutions
Basic Qualifications
3+ years of program or project management experience
3+ years of working cross functionally with tech and non-tech teams experience
3+ years of defining and implementing process improvement initiatives using data and metrics experience
Knowledge of Excel (Pivot Tables, VLookUps) at an advanced level and SQL
Experience defining program requirements and using data and metrics to determine improvements
Preferred Qualifications
3+ years of driving end to end delivery, and communicating results to senior leadership experience
3+ years of driving process improvements experience
Experience in stakeholder management, dealing with multiple stakeholders at varied levels of the organization
Experience building processes, project management, and schedules
Our inclusive culture empowers Amazonians to deliver the best results for our customers. If you have a disability and need a workplace accommodation or adjustment during the application and hiring process, including support for the interview or onboarding process, please visit https://amazon.jobs/content/en/how-we-hire/accommodations for more information. If the country/region you’re applying in isn’t listed, please contact your Recruiting Partner.
Company
- ADCI HYD 13 SEZ
Job ID: A10488055
Show more
Show less",Mid-Senior level,Full-time,"Project Management, Management, and Product Management",Software Development
4438201059,Manager IT – Supply Chain Transformation -ERP,"Mattel, Inc.","Hyderabad, Telangana, India",1 week ago,2026-07-29,https://in.linkedin.com/jobs/view/manager-it-%E2%80%93-supply-chain-transformation-erp-at-mattel-inc-4438201059,"CREATIVITY IS OUR SUPERPOWER.
It’s our heritage and it’s also our future. Because we don’t just make toys. We create innovative products and experiences that inspire fans, entertain audiences and develop children through play. Mattel is at its best when every member of our team feels respected, included, and heard—when everyone can show up as themselves and do their best work every day. We value and share an infinite range of ideas and voices that evolve and broaden our perspectives with a reach that extends into all our brands, partners, and suppliers.
Job Title Manager IT – Supply Chain Transformation -ERP
Location Hyderabad, India
Job Summary
We are seeking a dynamic and experienced Senior Manager IT – Supply Chain Transformation to lead offshore delivery for end-to-end Supply Chain transformation initiatives, with a strong focus on ERP (Oracle Cloud) and Master Data Management (MDM).
This role will be responsible for driving transformation across key supply chain functions including Manufacturing, Planning, Logistics, Order Management, and Consumer Services, while also leading enterprise data initiatives such as Product, Customer, and Supplier master data.
The ideal candidate will bring a strong mix of IT delivery leadership, ERP transformation expertise, MDM/data governance experience, and cross-functional stakeholder management. This role requires close collaboration with global (onshore) teams to ensure seamless execution of transformation programs.
The candidate must be willing to work onsite 4 days a week in Hyderabad, aligned with US EST time zone.
Key Responsibilities
Strategy & Leadership
Develop and execute mid-to-long-term supply chain transformation strategy, aligning ERP and MDM initiatives with global business objectives.
Lead cross-functional teams spanning ERP functional, MDM/data, integration, and technical teams.
Drive a data-driven supply chain vision, ensuring master data is treated as a strategic asset.
Mentor team members and build a high-performance, transformation-focused culture.
Provide regular updates to senior leadership on transformation progress, risks, and outcomes.
ERP & MDM Transformation Delivery
Lead the planning, execution, and delivery of ERP and MDM transformation programs, ensuring alignment with scope, timeline, and budget.
Oversee implementation and enhancement of ERP modules (Planning, Manufacturing, Logistics, Order Management, Procurement).
Drive MDM initiatives including data governance, data quality, and domain ownership (Product, Customer, Supplier).
Ensure strong alignment between business processes, ERP systems, and master data models.
Collaboration
Partner closely with onshore/global teams to align India delivery with enterprise transformation goals.
Collaborate with business stakeholders across supply chain towers to ensure solutions meet operational needs.
Work with enterprise architecture and data teams to align with broader IT and data strategies.
Integration & Data Management
Oversee integration between ERP, MDM, and other enterprise systems
Ensure seamless data flow, consistency, and synchronization across systems.
Drive adoption of modern integration patterns (APIs, event-driven architecture).
Resource Allocation & Delivery Management
Manage and optimize offshore team capacity across ERP, MDM, and integration workstreams.
Ensure efficient resource allocation to meet program and operational demands.
Establish delivery governance, KPIs, and performance metrics.
Communication & Stakeholder Management
Act as a key liaison between offshore and onshore teams.
Provide transparent communication on project status, risks, dependencies, and milestones.
Build strong relationships with business and IT stakeholders across regions.
Problem Solving & Risk Management
Proactively identify risks in ERP and MDM transformation programs.
Drive resolution of complex functional, data, and technical challenges.
Ensure minimal disruption to ongoing operations during transformation.
Experience
10–15 years of experience in IT delivery and supply chain systems.
At least 5+ years in a leadership role managing global/offshore teams.
Proven experience in ERP transformation programs (Oracle Cloud).
Hands-on experience or strong exposure to MDM and data governance initiatives.
Technical Skills
Strong knowledge of
Supply chain domains Manufacturing, Planning, Logistics, Order Management, Consumer Services
ERP and MDM platforms
Experience with
Data integration (ETL, APIs)
Data quality and governance frameworks
Enterprise data models and master data lifecycle
Understanding of cloud platforms and modern architectures is a plus.
Leadership Skills
Strong stakeholder management and communication skills across global teams.
Ability to lead large, cross-functional transformation programs.
Experience working in a multicultural, distributed environment.
roblem-Solving:
Strong analytical and problem-solving abilities with a proactive mindset.
Ability to navigate ambiguity and drive structured solutions.
Ability to collaborate effectively across geographies and time zones.
Cultural Awareness
Education
Bachelor’s degree in Engineering, Information Technology, Supply Chain, or related field; MBA preferred.
Don’t meet every single requirement? At Mattel, we are dedicated to an inclusive workplace and a culture of belonging. If you’re excited about this role but your past experience doesn’t align perfectly with every qualification in the job description, we still encourage you to apply. You may be just the right candidate for this or other roles.
How We Work
We are a purpose driven company aiming to empower generations to explore the wonder of childhood and reach their full potential. We live up to our purpose employing the following behaviors
We collaborate Being a part of Mattel means being part of one team with shared values and common goals. Every person counts and working closely together always brings better results. Partnership is our process and our collective capabilities is our superpower.
We innovate At Mattel we always aim to find new and better ways to create innovative products and experiences. No matter where you work in the organization, you can always make a difference and have real impact. We welcome new ideas and value new initiatives that challenge conventional thinking.
We execute We are a performance-driven company. We strive for excellence and are focused on pursuing best-in-class outcomes. We believe in accountability and ownership and know that our people are at their best when they are empowered to create and deliver results.
Our Approach to Flexible Work:
We embrace a flexible work model designed to empower a culture of growth, optimism, and wellbeing, where every employee can reach their full potential. Combining purposeful in-person collaboration with flexibility, our focus is to optimize performance and drive connection for moments that matter.
Who We Are
Mattel is a leading global toy and family entertainment company and owner of one of the most iconic brand portfolios in the world. We engage consumers and fans through our franchise brands, including Barbie, Hot Wheels, Fisher-Price, American Girl, Thomas & Friends, UNO, Masters of the Universe, Matchbox, Monster High, MEGA and Polly Pocket, as well as other popular properties that we own or license in partnership with global entertainment companies. Our offerings include toys, content, consumer products, digital and live experiences. Our products are sold in collaboration with the world’s leading retail and ecommerce companies. Since its founding in 1945, Mattel is proud to be a trusted partner in empowering generations to explore the wonder of childhood and reach their full potential.
Mattel’s award-winning workplace culture has been recognized by Forbes, Fast Company, Newsweek, Great Place to Work, TIME, and more.
Visit us at https //jobs.mattel.com/ and www.instagram.com/MattelCareers .
Mattel is an Equal Opportunity Employer where we want you to bring your authentic self to work every day. We welcome all job seekers, and all applicants will receive consideration for employment.
Videos to watch
The Culture at Mattel
Corporate Philanthropy
Show more
Show less",Not Applicable,Full-time,Information Technology,"Manufacturing, Design Services, and Entertainment Providers"
4344638563,"IT Engineering Manager – Microservices, Java, Supply Chain",TJX India,Greater Hyderabad Area,7 months ago,2025-12-18,https://in.linkedin.com/jobs/view/it-engineering-manager-%E2%80%93-microservices-java-supply-chain-at-tjx-india-4344638563,"TJX Companies
At TJX Companies, every day brings new opportunities for growth, exploration, and achievement. You’ll be part of our vibrant team that embraces diversity, fosters collaboration, and prioritizes your development. Whether you’re working in our four global Home Offices, Distribution Centers or Retail Stores—TJ Maxx, Marshalls, Homegoods, Homesense, Sierra, Winners, and TK Maxx, you’ll find abundant opportunities to learn, thrive, and make an impact. Come join our TJX family—a Fortune 100 company and the world’s leading off-price retailer.
Job Description
About TJX:
At TJX, is a Fortune 100 company that operates off-price retailers of apparel and home fashions. TJX India - Hyderabad is the IT home office in the global technology organization of off-price apparel and home fashion retailer TJX, established to deliver innovative solutions that help transform operations globally. At TJX, we strive to build a workplace where our Associates’ contributions are welcomed and are embedded in our purpose to provide excellent value to our customers every day. At TJX India, we take a long-term view of your career. We have a high-performance culture that rewards Associates with career growth opportunities, preferred assignments, and upward career advancement. We take well-being very seriously and are committed to offering a great work-life balance for all our Associates.
What You Will Discover
Inclusive culture and career growth opportunities
A truly Global IT Organization that collaborates across North America, Europe, Asia and Australia, click here to learn more
Challenging, collaborative, and team-based environment
What You Will Do
The Global Supply Chain – Retail Distribution Team is responsible for managing various Warehouse Management solutions within TJX IT. The organization delivers capabilities that enrich the customer experience and provide business value. We seek a motivated, talented Engineering Manager to help architect, develop and support enterprise solutions.
You will be working with product teams, architecture and business partners to strategically plan and deliver the product features by connecting the technical and business worlds. You will need to break down complex problems into steps that drive product development while keeping product quality and security as the priority. You will be responsible for most architecture, design and technical decisions within the assigned scope.
Role Overview
As the IT Engineering Manager for Retail Distribution, you will lead engineering teams to deliver scalable, secure solutions that support distribution center modernization and business operations.
What You’ll Do
Hire, develop, and coach a high-performing, multi-skilled team of 8–15 associates.
Bring strong leadership skills to motivate, inspire, and build high-performing talent.
Drive performance management, including coaching, goal setting, and holding team members accountable for commitments.
Manage a global function in a complex, multi-national corporate setting with geographically dispersed teams.
Demonstrate excellent communication, stakeholder management, and problem-solving skills.
Apply a strong understanding of enterprise architecture principles, design patterns, and best practices.
Champion agile development methodologies and DevOps practices.
Oversee the design, implementation, and optimization of enterprise retail distribution solutions, including warehouse management systems, microservices, QA automation, DevSecOps, and technology lifecycle management.
Act as an escalation point for service disruptions, ensuring timely incident resolution and stakeholder communication.
Foster collaboration across global teams and promote a positive, inclusive culture.
Mentor and develop team members in alignment with TJX values.
What We’re Looking For
12+ years in engineering roles, with 3+ years in people leadership positions.
Expertise in Java-based microservices, event-driven architecture, API development, and cloud-native applications (Azure).
Strong stakeholder management and communication skills.
Bachelor’s or Master’s degree in Computer Science, Information Systems, Engineering, or a related field.
Nice to Have
Experience in supply chain or warehousing.
Familiarity with Manhattan WMS.
SAFe Agile certification.
In addition to our open door policy and supportive work environment, we also strive to provide a competitive salary and benefits package. TJX considers all applicants for employment without regard to race, color, religion, gender, sexual orientation, national origin, age, disability, gender identity and expression, marital or military status, or based on any individual's status in any group or class protected by applicable federal, state, or local law. TJX also provides reasonable accommodations to qualified individuals with disabilities in accordance with the Americans with Disabilities Act and applicable state and local law.
Address
Salarpuria Sattva Knowledge City, Inorbit Road
Location:
APAC Home Office Hyderabad IN
Show more
Show less",Not Applicable,Full-time,Information Technology,"Technology, Information and Internet"
4430756844,Covasant - Product Manager - Agentic AI &amp; ML Infrastructure,Covasant,"Hyderabad, Telangana, India",1 month ago,2026-06-19,https://in.linkedin.com/jobs/view/covasant-product-manager-agentic-ai-amp-ml-infrastructure-at-covasant-4430756844,"Product Manager - Agent and ML :
Type : Summary :
In this role, you will work cross-functionally to guide products from conception to launch by connecting the technical and business worlds. You can break down complex problems into steps that drive product development.
You Will Work Closely With Our Product Teams To Innovate, Incubate And Prototype How To Evolve And Transform Our Products To Provide Generative AI Driven Experiences And Solutions. You Will Incubate, Prototype, And Iterate In This Space To Quickly Bring New Ideas To Production. This Includes Staying On Top Of The Latest Technology And Techniques For Generative AI To Continue To Evolve Our Approaches, Solve Their Most Critical Business
Lead PRDs by collaborating with partner teams (e.g., engineers, PgMs, UX) during product design and development to implement the requirements to turn PRDs into OKRs for multiple teams.
Own and define project roadmaps.
Drive development and secure buy-in for a product vision that identifies, defines, and supports the overall product narrative and direction, achieving an outcome that is greater than the sum of its parts.
Manage validation of market size and opportunity (e.g., user-based, strategic opportunity, revenue).
Lead and harmonize processes to define, identify, collect, and track appropriate product or business metrics, both quantitative and qualitative for new or existing products or business qualifications :
Bachelor's degree or equivalent practical experience.
8 years of experience in product management or related technical role.
3 years of experience taking technical products from conception to launch (e.g., ideation to execution, 0 to 1, etc.).
Experience developing/launching AI infrastructure or AI platform products.
Experience with the domain area of Generative AI or Large Language qualifications :
Experience working in a cross-functional organization and influencing senior executives.
Excellent business acumen and product management, analytical, and stakeholder management skills with attention to detail.
Master's degree in a technology or business related field.
5 years of experience working cross-functionally with engineering, UX/UI, sales finance, and other stakeholders.
5 years of experience in a business function or role (e.g., strategic marketing, business operations, consulting).
4 years of experience in a role preparing and delivering technical presentations to senior leadership.
3 years of experience in software development or engineering.
3 years of people management experience with direct reports, and in technical Information :
Mode of work : Work from office 5 days a week.
Work Location : Hyderabad.
Currently serving notice period or 15 days notice period candidates will be given priority.
(ref:hirist.tech)
Show more
Show less",Not Applicable,Full-time,Information Technology,"Data Infrastructure and Analytics, Technology, Information and Internet, and Software Development"
4432281354,Product Manager - Order & Portfolio Management System,Arcesium,"Hyderabad, Telangana, India",5 days ago,2026-08-04,https://in.linkedin.com/jobs/view/product-manager-order-portfolio-management-system-at-arcesium-4432281354,"Company Overview
Arcesium is a global financial technology firm that solves complex data-driven challenges faced by some of the world’s most sophisticated financial institutions. We constantly innovate our platform and capabilities to meet tomorrow’s challenges, anticipate the risks our clients encounter, and design advanced solutions to help our clients achieve transformational business outcomes.
Financial technology is a high-growth industry as change and innovation continue to disrupt the status-quo and prompt major transformation. Arcesium is at a particularly interesting time in our own growth as we look to leverage our successfully established market position and expand operations in pursuit of strategic new business opportunities. We value intellectual curiosity, proactive ownership, and collaboration with colleagues, and we empower you to meaningfully contribute from day one and accelerate your professional development.
We are looking for a talented individual contributor to join a cross-functional product team responsible for integrating the Order & Portfolio Management System with the broader platform ecosystem and building new O/PMS features, with a focus on seamless trade lifecycle workflows from order creation through to position synchronization, reconciliation, and post-trade processing.
What You'll Do
Own features from concept to delivery across the trade lifecycle, producing roadmaps and feature specifications through domain deep-dives and requirements gathering for order workflows, FIX connectivity, allocation logic, and portfolio analytics.
Articulate product value propositions drawing on knowledge of order routing, execution management, portfolio construction, and position keeping.
Partner with engineers, architects, and platform partners to translate specs into product, bridging trading desk workflows and back-office accounting while coordinating timelines, dependencies, and deliverables across integration workstreams.
Build comprehensive test cases covering order routing, execution, position synchronization, data mapping, exception handling, and end-to-end integration.
Conduct competitor analysis across the OMS/PMS/EMS landscape.
What You'll Need
8+ years in front, middle, and/or back-office; 4+ years in product management.
2+ years of direct experience working with OMS and/or PMS platforms, covering order creation, routing, execution, allocation, and settlement.
Familiarity with how OMS/PMS platforms interact with execution venues, prime brokers, fund administrators, and accounting engines.
Experience collaborating with engineers in an agile environment.
Ability to manage multiple workstreams with diligence.
Graduate degree in software engineering, finance, or a related quantitative field.
Arcesium's Personal Data Privacy Notice for Candidates is linked here.
Recruiting Security
Emails from genuine Arcesium recruiters who are employees of the company will always come from the @arcesium.com domain. In some cases, you may also be contacted by independent search firms engaged to recruit on our behalf; emails from their employees should always come from their firm's applicable domain. We'll never ask for your banking information or any payment as part of the recruiting process. If something seems off or you're contacted by an unexpected third party, please reach out to us at careers@arcesium.com (US/UK), careers-india@arcesium.com (India) or careers-europe@arcesium.com (Portugal/Sweden).
Arcesium is an equal opportunity employer.
Show more
Show less",Not Applicable,Full-time,Finance and Sales,Software Development
4450703822,"Product Manager, Unified Experience Agentic Platform",Eli Lilly and Company,Greater Hyderabad Area,2 days ago,2026-08-07,https://in.linkedin.com/jobs/view/product-manager-unified-experience-agentic-platform-at-eli-lilly-and-company-4450703822,,,,,
4423542109,Senior Technical Program Manager,TriNet,"Hyderabad, Telangana, India",2 months ago,2026-06-05,https://in.linkedin.com/jobs/view/senior-technical-program-manager-at-trinet-4423542109,"TriNet is a leading provider of comprehensive human resources solutions for small to midsize businesses (SMBs). We enhance business productivity by enabling our clients to outsource their HR function to one strategic partner and allowing them to focus on operating and growing their core businesses. Our full-service HR solutions include features such as payroll processing, human capital consulting, employment law compliance and employee benefits, including health insurance, retirement plans and workers’ compensation insurance.
TriNet has a nationwide presence and an experienced executive team. Our stock is publicly traded on the NYSE under the ticker symbol TNET. If you’re passionate about innovation and making an impact on the large SMB market, come join us as we power our clients’ business success with extraordinary HR.
Don't meet every single requirement? Studies have shown that many potential applicants discourage themselves from applying to jobs unless they meet every single requirement. TriNet always strives to hire the most qualified candidate for a particular role, ensuring we deliver outstanding results for our small and medium-size customers. So, if you're excited about this role but your past experience doesn't align perfectly with every single qualification in the job description, nobody’s perfect – and we encourage you to apply. You may just be the right candidate for this or other roles.
A Brief Overview
The Senior Technical Program Manager leads complex, large-scale technology programs from strategy through execution, partnering closely with engineering, product, and business stakeholders. This role balances business priorities with technical constraints while remaining hands-on with managing engineering tools, SDLC processes, technical documentation, and enabling AI capabilities. The TPM applies extensive Agile Scrum expertise to drive predictable delivery, manage dependencies and risks, and continuously improve execution through metrics, process optimization, and mentorship of high-performing teams.
What You Will Do
Lead the planning, execution, and delivery of complex, cross-functional programs that integrate AI-enabled capabilities across the SDLC.
Remain hands-on in managing and optimizing engineering tools, workflows, and infrastructure, including GitHub, Jira, Confluence, Sentry, JFrog, SonarQube, Figma and AWS services.
Design, implement, and scale AI-enabled workflows, agentic automation, and productivity solutions that improve engineering efficiency and delivery outcomes.
Identify and prioritize high-impact AI use cases across software development, guiding teams to apply generative tools and agents to maximize business value and ROI.
Provide hands-on enablement through workshops, training, and practical guidance on tools such as GitHub, GitHub Copilot, Atlassian Jira and Confluence, Atlassian ROVO, AI code-assist solutions.
Apply deep Agile Scrum expertise to drive predictable delivery, manage dependencies and risks, and ensure alignment across engineering, product, and business stakeholders.
Develop and maintain best-practice playbooks, templates, and standards while ensuring adherence to AI governance, security, and compliance frameworks.
Define, capture, and analyze delivery and adoption metrics to measure productivity impact, execution health, and continuous improvement.
Education Qualifications
Bachelor's Degree Computer Science, Engineering or related field or equivalent experience preferred
Experience Qualifications
8+ years of experience in software engineering, technical program management, or related roles, with deep expertise in Agile Scrum and large-scale program delivery.
Experience creating enablement programs, technical documentation, playbooks, and KPIs that resulted in measurable productivity, quality, or delivery improvements.
Proven track record of leading AI adoption initiatives in enterprise environments, with hands-on experience across the full DevOps SDLC, Engineering Tools and AWS services.
Demonstrated experience designing, developing, and integrating AI capabilities into the PDLC and SDLC practices.
Strong hands-on background enabling AI and automation within core engineering tools and platforms.
Skills And Abilities
Excellent communication, facilitation, and influence skills, with the ability to translate complex technical and AI concepts for engineers and product leaders.
Analytical and outcome-driven mindset, with the ability to define metrics, measure adoption, and demonstrate the business impact of AI and automation initiatives.
Solid understanding of Agile, SDLC and DevOps practices, including CI/CD pipelines, release management, and observability.
Proven ability to operate effectively in fast-paced, ambiguous environments, driving execution with a bias toward action and continuous improvement.
Deep hands-on expertise with modern engineering and productivity tools, including GitHub Enterprise, Jira and Confluence, Atlassian ROVO, Sentry, JFrog, SonarQube, and Figma.
Travel Requirements
Minimal
Work Environment
Work in clean, pleasant, and comfortable office or home setting. The work environment characteristics described here are representative of those an employee encounters while performing the essential functions of this job. Reasonable accommodations may be made to enable persons with disabilities to perform the essential functions.
This position is 100% in office.
Please Note: TriNet reserves the right to change or modify job duties and assignments at any time. The above job description is not all encompassing. Position functions and qualifications may vary depending on business necessity.
TriNet is an Equal Opportunity Employer and does not discriminate against applicants based on race, religion, color, disability, medical condition, legally protected genetic information, national origin, gender, sexual orientation, marital status, gender identity or expression, sex (including pregnancy, childbirth or related medical conditions), age, veteran status or other legally protected characteristics. Any applicant with a mental or physical disability who requires an accommodation during the application process should contact recruiting@trinet.com to request such an accommodation.
Show more
Show less",Not Applicable,Full-time,General Business,Human Resources Services
4444545110,Engineering Manager(Integrations),Innovapptive Inc,"Hyderabad, Telangana, India",1 week ago,2026-07-30,https://in.linkedin.com/jobs/view/engineering-manager-integrations-at-innovapptive-inc-4444545110,"About Innovapptive
Innovapptive is an enterprise SaaS company building an
AI-powered Connected Worker Platform
for industrial organizations. Our platform connects frontline workers, back-office systems, and assets in real-time to drive safety, reliability, and operational productivity. Leading global enterprises including Shell, Hess, Westlake Chemical, Kimberly-Clark, Scott Miracle-Gro, and Newmont Mining, rely on Innovapptive to transform how work gets done across plants and field operations.
Our customers have achieved
$50M+ EBITDA
savings at a single enterprise,
10× improvement in frontline productivity
, and 15–20% reductions in maintenance costs. Innovapptive is recognized as a Leader in
Frost & Sullivan's
“Frost Radar 2025 - Augmented Connected Worker Platforms”, with acknowledgments from Gartner and LNS Research, and is backed by
Vista Equity Partners
and
Tiger Global Management
. With headquarters in Houston and an engineering center in Hyderabad, we have 300+ employees across the U.S., India, and ANZ and are on a strong trajectory toward $100M ARR.
The Role
This role takes ownership of the Platform Integrations team, merging the SAP Integration and Maximo Enablement teams into one scrum team. This person is also going to take care of our OT integration layer.
What You Own
Integration patterns: bi-directional sync, Open API/Webhooks, 3rd-party MDM, Maximo/SAP connectors, OT Integrations with platforms like Seeq, Augury, Applied Computing etc.
Sync pipeline reliability: dependency ordering, retry mechanisms, dead letter handling. Zero silent data loss.
Sprint delivery, code quality, regression rate. Weekly quality scorecard.
People: hiring, performance classification, coaching.
You Must Have
7+ years managing engineering teams with platform integration experience (S/4HANA / BTP/ IDocs/ BAPIs/ OData/ERP’s).
Experience with message queue architectures (RabbitMQ, Kafka) and sync pipeline patterns.
Track record shipping enterprise SaaS integrations on schedule.
Familiarity with Maximo integration (REST APIs, automation scripts) is a strong plus.
Data-driven: DORA metrics, regression rates, sprint velocity.
Comfort with observability: monitoring sync pipelines, dead letter queues, data integrity checks.
Nice to Have
MongoDB and change stream-based event architectures.
SAP BTP and cloud-based ERP integration patterns.
AI-assisted integration or automated data transformation.
Industrial SaaS (energy, manufacturing, utilities).
Cloud cost optimization (AWS).
Tech Stack & Tools
Backend: Node.js / TypeScript, MongoDB, RabbitMQ
Infrastructure: AWS, Docker, GitLab CI/CD
Observability: Sentry, CloudWatch
Tools: GitLab, Jira, SonarQube
What We Offer
A positive, open, and highly-innovative environment and team
Entrepreneurial spirit with unlimited opportunity to grow
Opportunity to work with leading global brands on exciting and impactful projects
Competitive Base Pay
Best of plan on Vacation & Paid Time Off.
Provision of Medical Insurance for family - self, dependent, spouse, dependent children, parents/parent-in-laws
Paid Maternity and Paternity leave
Bi-annual reviews to ensure transparency and promoting high performance culture
OKR Driven Performance Development Environment
Learning & Development - access to wide range of e-Learning courses (technical, Product, Process, etc.,)
A host of Interest Groups/Clubs for Book Reading, Toastmasters, Sports - Cricket, Volleyball, Throw-ball, Badminton, TT, Music
Innovapptive does not accept and will not review unsolicited resumes from search firms.
Innovapptive is an equal opportunity employer and is committed to a diverse and inclusive workplace. Qualified applicants will receive consideration for employment without regard to race, color, religion or creed, alienage or citizenship status, political affiliation, marital or partnership status, age, national origin, ancestry, physical or mental disability, medical condition, veteran status, gender, gender identity, pregnancy, childbirth (or related medical conditions), sex, sexual orientation, sexual and other reproductive health decisions, genetic disorder, genetic predisposition, carrier status, military status, familial status, or domestic violence victim status and any other basis protected under federal, state, or local laws.
Show more
Show less",Mid-Senior level,Full-time,Engineering,"Manufacturing and Oil, Gas, and Mining"
4434037526,"Product Manager, Context Serving, Data Context Layer",MSD,"Hyderabad, Telangana, India",2 weeks ago,2026-07-25,https://in.linkedin.com/jobs/view/product-manager-context-serving-data-context-layer-at-msd-4434037526,"Job Description
The Opportunity
Based in Hyderabad, join a global healthcare biopharma company and be part of a 130- year legacy of success backed by ethical integrity, forward momentum, and an inspiring mission to achieve new milestones in global healthcare.
Be part of an organisation driven by digital technology and data-backed approaches that support a diversified portfolio of prescription medicines, vaccines, and animal health products.
Drive innovation and execution excellence. Be a part of a team with passion for using data, analytics, and insights to drive decision-making, and which creates custom software, allowing us to tackle some of the world's greatest health threats.
Our Technology Centers focus on creating a space where teams can come together to deliver business solutions that save and improve lives. An integral part of our company’s IT operating model, Tech Centers are globally distributed locations where each IT division has employees to enable our digital transformation journey and drive business outcomes. These locations, in addition to the other sites, are essential to supporting our business and strategy.
A focused group of leaders in each Tech Center helps to ensure we can manage and improve each location, from investing in growth, success, and well-being of our people, to making sure colleagues from each IT division feel a sense of belonging to managing critical emergencies. And together, we must leverage the strength of our team to collaborate globally to optimize connections and share best practices across the Tech Centers.
Role Overview
This role is part of a broader enterprise initiative to establish a
Data Context Layer (DCL)
— a foundational capability designed to provide consistent, reusable, and scalable context across enterprise data products.
The DCL is intended to address challenges related to
data fragmentation, lack of shared semantics, and inconsistent interpretation of data across systems and products
. It establishes a unified layer for representing context, relationships, and meaning, enabling downstream products to operate with greater consistency, interoperability, and intelligence.
In addition, the DCL plays a critical role in enabling
agentic AI capabilities across the enterprise
by providing the structured context and semantic grounding required for intelligent agents to operate reliably. This includes ensuring that agent-driven workflows and decisions are based on
consistent, governed, and interpretable data context
, reducing risks associated with fragmentation, ambiguity, and lack of control.
Within this initiative, the Associate Director – Product Manager, Context Serving. will own the
product definition, development, and evolution of core context serving capabilities
. These capabilities form the backbone for how context is consumed across multiple products and platforms, and will be central to enabling
governed, scalable, and reusable intelligent systems
.
The role operates at the intersection of
product, architecture, and enterprise platforms
, working closely with Enterprise Architecture, platform teams, and product leadership to build
enterprise-grade context capabilities that support both traditional data products and emerging AI-driven use cases
.
Role Summary
We are seeking a Product Manager to own a single, high-impact capability within our enterprise data context platform
self-service serving of standardized data context
. This role will focus on defining, building, and scaling one core capability that enables teams to publish, discover, and consume data context consistently across the enterprise.
The ideal candidate has strong product instincts, technical fluency in data/semantic systems, and experience partnering with engineering and architecture teams to deliver a platform capability from definition through production adoption. This role also requires working knowledge of
agentic AI, prompt engineering, and context engineering
concepts, particularly as they relate to delivering reliable, reusable context for AI-enabled applications.
Key Responsibilities
Own the product vision, requirements, and roadmap for the assigned capability within the context platform.
Define how the capability supports standardized, self-service serving of data context.
Partner with engineering, architecture, and governance teams to translate standards into implementable product requirements.
Ensure the capability is intuitive for users and scalable for enterprise adoption.
Define workflows for
publishing context
discovering context
consuming context through approved interfaces
validating and maintaining context quality
Collaborate with adjacent platform teams to ensure the capability integrates cleanly with broader context, metadata, and governance services.
Work with stakeholders to prioritize features, resolve tradeoffs, and drive adoption.
Define success metrics such as usage, reuse, quality, and time-to-onboard.
Support the transition of the capability from development into production, including release readiness, documentation, and operational requirements.
Help shape how the capability supports agentic AI workflows, including reliable context delivery for prompts, tools, skills, and AI assistants.
Required Qualifications
10+ years of product management experience in technical products, data platforms, or enterprise software.
Ability to work closely with engineering teams on platform or infrastructure capabilities.
Familiarity with data context, metadata, ontology, or semantic concepts.
Working knowledge of agentic AI, prompt engineering, and context engineering concepts.
Strong communication and stakeholder management skills.
Experience defining requirements for self-service or platform capabilities.
Ability to balance user needs, technical constraints, and enterprise standards.
Preferred Qualifications
Familiarity with ontologies, OWL, RDF, knowledge graphs, or semantic layers.
Exposure to MCP, A2A, Timbr, or similar context-serving technologies.
Experience with enterprise data governance, metadata management, or data catalogs.
Background in AI, analytics, or application platforms that depend on trusted context.
Familiarity with productionization concerns such as versioning, access control, observability, and lifecycle management.
Experience supporting AI systems that rely on structured prompts, tool use, and context orchestration.
Leadership Characteristics
Strong product thinker with ability to translate abstract concepts into actionable capabilities
Systems thinker who understands data as part of a connected enterprise ecosystem
Ability to balance innovation (AI/agentic capabilities) with governance and control
Collaborative leader who aligns product, architecture, engineering, and emerging AI initiatives
Execution-focused with emphasis on delivery, adoption, and enterprise scale
What Success Looks Like
Success in this role means
the capability is easy to use and clearly understood by target users
teams can self-serve standardized context without heavy manual support
the capability is reliable, governed, and production-ready
adoption grows across teams and use cases
the capability integrates smoothly into the broader platform strategy
the platform enables higher-quality agentic AI experiences through better context delivery
Who we are
We are known as Merck & Co., Inc., Rahway, New Jersey, USA in the United States and Canada and MSD everywhere else. For more than a century, we have been bringing forward medicines and vaccines for many of the world's most challenging diseases. Today, our company continues to be at the forefront of research to deliver innovative health solutions and advance the prevention and treatment of diseases that threaten people and animals around the world.
What we look for
Imagine getting up in the morning for a job as important as helping to save and improve lives around the world. Here, you have that opportunity. You can put your empathy, creativity, digital mastery, or scientific genius to work in collaboration with a diverse group of colleagues who pursue and bring hope to countless people who are battling some of the most challenging diseases of our time. Our team is constantly evolving, so if you are among the intellectually curious, join us—and start making your impact today.
Required Skills
Asset Management, Benefits Management, Context Mapping, Enterprise Architecture (EA), Enterprise Data, Enterprise Resource Planning (ERP) Systems, Enterprise Software Implementation, Management System Development, Metadata Management, Ontology, Product Lifecycle, Product Management, Product Management Leadership, Prompt Engineering, Requirements Management, SharePoint Architecture, Stakeholder Relationship Management, Strategic Planning, System Designs
Preferred Skills
Current Employees apply HERE
Current Contingent Workers apply HERE
Secondary Language(s) Job Description
#MSDHYDIT
Search Firm Representatives Please Read Carefully
Merck & Co., Inc., Rahway, NJ, USA, also known as Merck Sharp & Dohme LLC, Rahway, NJ, USA, does not accept unsolicited assistance from search firms for employment opportunities. All CVs / resumes submitted by search firms to any employee at our company without a valid written search agreement in place for this position will be deemed the sole property of our company. No fee will be paid in the event a candidate is hired by our company as a result of an agency referral where no pre-existing agreement is in place. Where agency agreements are in place, introductions are position specific. Please, no phone calls or emails.
Employee Status
Regular
Relocation
No relocation
VISA Sponsorship
No
Travel Requirements
No Travel Required
Flexible Work Arrangements
Not Applicable
Shift
Not Indicated
Valid Driving License
No
Hazardous Material(s)
n/a
Job Posting End Date
08/14/2026
A job posting is effective until 11 59 59PM on the day BEFORE the listed job posting end date. Please ensure you apply to a job posting no later than the day BEFORE the job posting end date.
Requisition ID
R400888
Show more
Show less",Not Applicable,Full-time,Product Management and Marketing,"Biotechnology Research, Pharmaceutical Manufacturing, and Veterinary Services"
