Job ID,Title,Company,Location,Posted Date,Date Posted ISO,Job URL,Description,Seniority Level,Employment Type,Job Function,Industries
4449387507,Software Engineer,Dabster,"Glasgow, Scotland, United Kingdom",3 days ago,2026-08-06,https://uk.linkedin.com/jobs/view/software-engineer-at-dabster-4449387507,"Strong Java and Python programing skills
Experience of troubleshooting/debugging in distributed systems
Experience in REST APIs, Docker/Podman, Kubernetes, and VM
Experience in Networking/security fundamentals
Experience with PostgreSQL or other relational databases
Experience with Terraform, Ansible, Gitops
Show more
Show less",Mid-Senior level,Contract,Other,"Banking, Investment Banking, and IT Services and IT Consulting"
4448554229,Software Engineer,Accenture UK & Ireland,"Edinburgh, Scotland, United Kingdom",4 days ago,2026-08-04,https://uk.linkedin.com/jobs/view/software-engineer-at-accenture-uk-ireland-4448554229,"Role: Software Engineer
Locations: Glasgow or Edinburgh (must be willing to travel to client sites throughout the UK on an ad hoc basis)
Salary: Competitive salary and package (Depending on level of experience)
Please Note: Any offer of employment is subject to satisfactory BPSS and SC security clearance which requires 5 years continuous UK address history at the point of application.
Accenture is a leading global professional services company, providing a broad range of services in strategy and consulting, interactive, technology and operations, with digital capabilities across all of these services. With our thought leadership and culture of innovation, we apply industry expertise, diverse skill sets and next-generation technology to each business challenge.
We believe in inclusion and diversity and supporting the whole person. Our core values comprise of Stewardship, Best People, Client Value Creation, One Global Network, Respect for the Individual and Integrity. Year after year, Accenture is recognized worldwide not just for business performance but for inclusion and diversity too.
“Across the globe, one thing is universally true of the people of Accenture: We care deeply about what we do and the impact we have with our clients and with the communities in which we work and live. It is personal to all of us.” – Julie Sweet, Accenture CEO
As a team:
Accenture Software & Platform Engineering is over 1,000 people strong and provides end-to-end product engineering solutions which deliver tangible value, fast. We bring together an obsession for technical excellence with agility and scale, to help clients move from project to product at speed.
We work with clients in every sector. They range from scale-ups through to national and international blue-chip names and public sector organisations. Our teams routinely work on products that are used by millions of people.
We offer an exciting career working in a vibrant environment, with access to training and a global network of experts. As part of our Software & Platform Engineering team, you’ll be working with cutting-edge technologies and will have the opportunity to develop a wide range of new skills on the job.
In our team you will:
We typically work hand-in-hand with our clients to build great digital products for them and for their customers. To do this, we need experienced, capable engineers who can both deploy their own mastery to get things done hands-on
and
successfully lead others in doing so. The nature of our work varies from client to client so there will be lots of opportunities to experience new domains and new stacks.
Our team is dedicated to applying great engineering to get great outcomes. Our engineers stand out by keeping one eye on value at all times, and by proposing thoughtful solutions that get the job done efficiently and with low complexity. You’d be a key advocate for this approach within a team.
Beyond client work, our engineers are essential contributors to our internal and regional engineering communities. There’s loads of scope to get involved and help shape conversations around tech you’re interested in, share your knowledge and experience, and learn from colleagues working in very diverse problem spaces.
We are looking for experience in the following skills:
Several years of industry experience as a Java‑focused full‑stack engineer, with solid front‑end experience using modern frameworks such as React, Angular or Vue.
Proven experience building end‑to‑end solutions, taking ownership of features from design and implementation through to deployment and production support.
Strong hands-on experience with AWS, working with cloud‑native services and deploying and operating your own code in live environments.
Experience using Infrastructure as Code within AWS (e.g. Terraform, AWS CDK, Pulumi).
Experience designing, building and maintaining CI/CD pipelines (e.g. GitHub Actions, GitLab CI, Jenkins, ArgoCD), with a strong focus on automation, reliability and quality.
High engineering standards across accessibility, security, performance and caching, applied consistently across the full stack.
Comfortable working as a key contributor within a delivery team, collaborating closely with other engineers, testers and product roles, and contributing to technical discussions and shared best practices.
What’s In It For You
At Accenture in addition to a competitive basic salary, you will also have an extensive benefits package which includes 25 days’ vacation per year, private medical insurance and 3 extra days leave per year for charitable work of your choice!
Flexibility and mobility are required to deliver this role as there will be requirements to spend time onsite with our clients and partners to enable delivery of the first-class services we are known for.
About Accenture
Accenture is a leading global professional services company, providing a broad range of services in strategy and consulting, interactive, technology and operations, with digital capabilities across all of these services. We combine unmatched experience and specialized capabilities across more than 40 industries — powered by the world’s largest network of Advanced Technology and Intelligent Operations centers. With 509,000 people serving clients in more than 120 countries, Accenture brings continuous innovation to help clients improve their performance and create lasting value across their enterprises. Visit us at www.accenture.com
Accenture is an equal opportunities employer and welcomes applications from all sections of society and does not discriminate on grounds of race, religion or belief, ethnic or national origin, disability, age, citizenship, marital, domestic or civil partnership status, sexual orientation, or gender identity, or any other basis as protected by applicable law.
Closing Date for Applications 31/08/2026
Accenture reserves the right to close the role prior to this date should a suitable applicant be found.
Show more
Show less",Not Applicable,Full-time,Information Technology and Engineering,Software Development
4402328238,Software Engineer - Scotland,Accenture UK & Ireland,"Glasgow, Scotland, United Kingdom",4 days ago,2026-08-04,https://uk.linkedin.com/jobs/view/software-engineer-scotland-at-accenture-uk-ireland-4402328238,"Role: Software Engineer
Locations: Glasgow/Edinburgh (must be willing to travel to client sites throughout the UK on an ad hoc basis)
Please Note: Any offer of employment is subject to satisfactory SC security clearance which requires 5 years continuous UK address history, typically including no periods of 30 consecutive days or more spent outside of the UK.
Note: The above information relates to a specific client requirement
Accenture is a leading global professional services company, providing a broad range of services in strategy and consulting, interactive, technology and operations, with digital capabilities across all of these services. With our thought leadership and culture of innovation, we apply industry expertise, diverse skill sets and next-generation technology to each business challenge.
We believe in inclusion and diversity and supporting the whole person. Our core values comprise of Stewardship, Best People, Client Value Creation, One Global Network, Respect for the Individual and Integrity. Year after year, Accenture is recognized worldwide not just for business performance but for inclusion and diversity too.
“Across the globe, one thing is universally true of the people of Accenture: We care deeply about what we do and the impact we have with our clients and with the communities in which we work and live. It is personal to all of us.” – Julie Sweet, Accenture CEO
Job Qualifications
Accenture Software & Platform Engineering is over 1,000 people strong and provides end-to-end product engineering solutions which deliver tangible value, fast. We bring together an obsession for technical excellence with agility and scale, to help clients move from project to product at speed.
We work with clients in every sector. They range from scale-ups through to national and international blue-chip names and public sector organisations. Our teams routinely work on products that are used by millions of people.
We offer an exciting career working in a vibrant environment, with access to training and a global network of experts. As part of our Software & Platform Engineering team, you’ll be working with cutting-edge technologies and will have the opportunity to develop a wide range of new skills on the job
In our team you will:
We typically work hand-in-hand with our clients to build great digital products for them and for their customers. To do this, we need experienced, capable engineers who can both deploy their own mastery to get things done hands-on
and
successfully lead others in doing so. The nature of our work varies from client to client so there will be lots of opportunities to experience new domains and new stacks.
This role often involves leading client accounts holistically—people, delivery, quality, and commercials. As well as ensuring we’re delivering great engineering, you’ll also keep the big picture in mind and help our clients best use the capability and flexibility of a consultancy partner to reach their goals sooner.
Our team is dedicated to applying great engineering to get great outcomes. Our engineers stand out by keeping one eye on value at all times, and by proposing thoughtful solutions that get the job done efficiently and with low complexity. You’d be a key advocate for this approach within a team.
Beyond client work, our engineers are essential contributors to our internal and regional engineering communities. There’s loads of scope to get involved and help shape conversations around tech you’re interested in, share your knowledge and experience, and learn from colleagues working in very diverse problem spaces.
We are looking for experience in the following skills:
You are proficient in React or Java, with several years of hands-on experience (expertise in both is not required).
You enjoy collaborating in an open, egoless way and are adaptable, comfortable with change, and motivated to keep learning to deliver the best outcomes for clients.
Set yourself apart:
Hands‑on cloud experience, designing and delivering solutions on AWS and/or Azure.
Proven ability to apply analytical and creative thought and translate into technical solutions.
Proven ability to debug and resolve complex technical issues.
Experience with building datastore solutions on at least one No-SQL(Elasticsearch).
What’s In It For You
At Accenture in addition to a competitive basic salary, you will also have an extensive benefits package which includes 25 days’ vacation per year, private medical insurance and 3 extra days leave per year for charitable work of your choice!
Flexibility and mobility are required to deliver this role as there will be requirements to spend time onsite with our clients and partners to enable delivery of the first-class services we are known for.
Show more
Show less",Not Applicable,Full-time,Information Technology and Engineering,Software Development
4417226477,Software Engineer,Accenture,"Scotland, United Kingdom",1 month ago,2026-07-03,https://uk.linkedin.com/jobs/view/software-engineer-at-accenture-4417226477,"Role: Software Engineer - Full Stack
Locations: Glasgow/Edinburgh (must be willing to travel to client sites throughout the UK on an ad hoc basis)
Please Note: Any offer of employment is subject to satisfactory SC security clearance which requires 5 years continuous UK address history, typically including no periods of 30 consecutive days or more spent outside of the UK.
Note: The above information relates to a specific client requirement
Accenture is a leading global professional services company, providing a broad range of services in strategy and consulting, interactive, technology and operations, with digital capabilities across all of these services. With our thought leadership and culture of innovation, we apply industry expertise, diverse skill sets and next-generation technology to each business challenge.
We believe in inclusion and diversity and supporting the whole person. Our core values comprise of Stewardship, Best People, Client Value Creation, One Global Network, Respect for the Individual and Integrity. Year after year, Accenture is recognized worldwide not just for business performance but for inclusion and diversity too.
“Across the globe, one thing is universally true of the people of Accenture: We care deeply about what we do and the impact we have with our clients and with the communities in which we work and live. It is personal to all of us.” – Julie Sweet, Accenture CEO
Job Qualifications
Accenture Software & Platform Engineering is over 1,000 people strong and provides end-to-end product engineering solutions which deliver tangible value, fast. We bring together an obsession for technical excellence with agility and scale, to help clients move from project to product at speed.
We work with clients in every sector. They range from scale-ups through to national and international blue-chip names and public sector organizations. Our teams routinely work on products that are used by millions of people.
We offer an exciting career working in a vibrant environment, with access to training and a global network of experts. As part of our Software & Platform Engineering team, you’ll be working with cutting-edge technologies and will have the opportunity to develop a wide range of new skills on the job
In our team you will:
We typically work hand-in-hand with our clients to build great digital products for them and for their customers. To do this, we need experienced, capable engineers who can both deploy their own mastery to get things done hands-on
and
successfully lead others in doing so. The nature of our work varies from client to client so there will be lots of opportunities to experience new domains and new stacks.
This role often involves leading client accounts holistically—people, delivery, quality, and commercials. As well as ensuring we’re delivering great engineering, you’ll also keep the big picture in mind and help our clients best use the capability and flexibility of a consultancy partner to reach their goals sooner.
Our team is dedicated to applying great engineering to get great outcomes. Our engineers stand out by keeping one eye on value at all times, and by proposing thoughtful solutions that get the job done efficiently and with low complexity. You’d be a key advocate for this approach within a team.
Beyond client work, our engineers are essential contributors to our internal and regional engineering communities. There’s loads of scope to get involved and help shape conversations around tech you’re interested in, share your knowledge and experience, and learn from colleagues working in very diverse problem spaces.
We are looking for experience in the following skills:
Your core technology experience includes React or Java.
You have hands‑on cloud experience, designing and delivering solutions on AWS and/or Azure.
You enjoy collaborating in an open, egoless way and are adaptable, comfortable with change, and motivated to keep learning to deliver the best outcomes for clients.
Set yourself apart:
Proven ability to apply analytical and creative thought and translate into technical solutions.
Proven ability to debug and resolve complex technical issues.
Experience with building datastore solutions on at least one No-SQL(Elasticsearch).
What’s in it for you
At Accenture in addition to a competitive basic salary, you will also have an extensive benefits package which includes 30 days’ vacation per year, private medical insurance and 3 extra days leave per year for charitable work of your choice!
Flexibility and mobility are required to deliver this role as there will be requirements to spend time onsite with our clients and partners to enable delivery of the first-class services we are known for.
Show more
Show less",Mid-Senior level,Full-time,Information Technology,Business Consulting and Services
4441000904,Software Engineer,ChampionX,"Edinburgh, Scotland, United Kingdom",2 weeks ago,2026-07-21,https://uk.linkedin.com/jobs/view/software-engineer-at-championx-4441000904,"Disclaimer: SLB completed the acquisition of ChampionX on July 16, 2025. If selected for this position, your employment will begin with ChampionX and will transition to SLB as part of the planned integration.
Artificial Lift Performance Ltd (ALP) is seeking an ambitious
Software Engineer
located in
Edinburgh, UK
. The Software Engineer will be responsible for delivering high-quality commercial software, mentor other developers and be ensure that the platform support is commercially focused and that the engineering team are fulfilling their 3rd line support responsibilities.
What’s In It For You
The ability to make an impact and shape your career with a company that is passionate about growth
The support of an organisation that believes it is vital to include and engage diverse people, perspectives, and ideas to achieve our best
Thrive in a company that values sustainability, drives a safety-focused culture and empowers its employees through continuous improvement
Comprehensive benefits package & flexible working arrangements that enable balancing work commitments with other priorities
What You Will Do
As an engineer:
Key to this appointment is a strong sense of software ownership and the desire to support and develop junior members of the team. This person must have a strong engineering background, successful track record in delivering high-quality commercial software and can establish credibility as well as providing input into technical decision making. Being able to organise your own work, problem solve efficiently and know when to consult are necessary traits to succeed in this position
As a Technical Leader
Influence and make good technical design decisions.
Actively contribute to technical and architectural discussions.
Own feature brief documents for product enhancements.
Participate in the evolution of the architecture to support the product road map, and play an instrumental role in the software engineering team
Deal with technical challenges that are particularly high profile, urgent, or strategically important to get right.
Have a pedigree of delivering successful technology solutions, across multiple products.
Minimum Qualifications
2 or 3+ years relevant experience.
Candidates should be passionate about quality software development and have a strong desire to learn and improve.
Good problem-solving skills, and the ability to work independently and in a team are essential.
Primary technical knowledge and background in C# (with an interest and experience in other languages), Entity Framework and ASP.NET MVC.
Knowledge and understanding of Object-Oriented Programming principles and design.
Experience with relational and non-relational data technologies bringing a breadth of knowledge and experience across this domain.
Experience in analysing and tuning database technologies to performance at scale
Experience in front-end technologies such as HTML5, CSS and JavaScript.
Knowledge or experience of unit and integration testing frameworks.
About Our Stack
We operate across several innovative technology domains, including cloud computing, data analytics, machine learning, and the Internet of Things (IoT). Our current stack features ASP.NET MVC using .NET 8, Vue 3 with TypeScript, Kendo UI, Highcharts, Google Cloud Platform (GCP), and SQL Server, with opportunities to engage with technologies such as Python, HTMX, Blazor, PostgreSQL, SCSS and Azure Dev ops.
Looking ahead, we’re undertaking a major re-architecture of our platform to adopt a microservices-based, containerized approach—enhancing scalability and flexibility, and enabling integration with software systems in our wider organisation. As we evolve our platform, we’re leveraging GCP and Azure to build robust data pipelines and consumption layers that support advanced analytics and machine learning capabilities.
About ChampionX
ChampionX is a global leader in providing chemistry programs and services, drilling technology, artificial lift solutions, and automation technologies for the upstream and midstream oil and gas industry. Our world-class safety culture fuels our purpose to improve lives through our commitment to deliver sustainable operations.
Our Commitment to Diversity and Inclusion
We believe the best teams are diverse and inclusive, and we are on a journey to create a workplace where every employee can grow and achieve their best. We are committed to fair and equal treatment of employees and applicants. We recruit, hire, promote, transfer and provide opportunities for advancement on the basis of individual qualifications and job performance. In all matters affecting employment, compensation, benefits, working conditions, and opportunities for advancement, we will not discriminate against any employee or applicant for employment because of race, religion, color, creed, national origin, citizenship status, sex, sexual orientation, gender identity and expressions, genetic information, marital status, age, disability, or status as a covered veteran.
Show more
Show less",Not Applicable,Full-time,Engineering and Information Technology,Oil and Gas
4444136616,Software Engineer,Ember Technology,"Glenrothes, Scotland, United Kingdom",1 week ago,2026-07-29,https://uk.linkedin.com/jobs/view/software-engineer-at-ember-technology-4444136616,"Ember
is going through an exciting and adventurous stage of growth right now and we are looking for Software Engineer who can come on board to compliment our team and hit the ground running. We are offering a great opportunity for someone to come into our business and really define their own role within the company. We are open to the level of experience you have and instead we will be looking more at how you will fit into our culture and our way of working, although some experience is absolutely necessary.
Our passion is how technology can make a difference in the world and we thrive on delivering projects with real purpose. Our business model combines client work along with investing in our own internal digital products which we have done at a considerable level over the last 4 years. A good example of this is The Feel Good Hub https://www.thefeelgoodhub.com which has recently launched.
We have a very flat management structure and are a small, informal and extremely close and experienced team. We are looking for someone to come into the company and own the projects they work on in every aspect of its lifecycle from design to delivery. There will at times be a bit of a hard graft but you will have freedom and autonomy to affect change at every level and from this grow as an Engineer and a person.
Our technologies include highly scalable online services and web/mobile apps along with heavy R&D problem solving in a variety of different sectors. We don’t shy away from hard work and complex problems. As an essential skill you must have demonstrable experience of building systems in Laravel and any experience in microservices and API driven applications are a bonus.
If you feel that you are a strong software engineer who thrives under pressure and can also efficiently manage your own time effectively then we would be interested in speaking to you. You must be able to articulate your decisions convincingly to others in the wider project team and construct creative solutions to any problems.
We are based in Glenrothes, Fife, but we do operate a work-from-home policy when possible. The majority of the team gather once or twice a week for meetings in the office and then work at home the rest of the time, communicating via Slack and Google Meet.
‍
‍
Ideally you would have a minimum of 2 years experience as an Engineer
You are confident in your abilities and can excel in converting complex project requirements to code
A commitment and passion for producing code that is exceptional in maintainability, reusability, readability and error proneness
Utilise a modular-driven pragmatic approach to all work
Knowledge of common source control systems and best practices
An understanding and belief in producing quality documentation around software deliverables
PHP (inc. exhaustive experience in the Laravel framework and the dependency manager Composer)
MySQL
Complex Rest API’s
Git
Project Tracking Tool (JIRA ideally)
Swagger API Documentation (OpenAPI Specification)
HTML5 / CSS3 / SASS
JavaScript (inc. exhaustive experience in SPA’s using a modern JS framework such as Vue, Angular, React)
Bootstrap
Vue / Vuex / Bootstrap Vue
Node / Npm
JS Testing Frameworks such as Jest or Mocha
Sketch / Figma Exporting
Perfectionist, have an excellent eye for detail and pixel-perfect is a way of life (inc. animations where appropriate)
Profit sharing/share options
Flexible working hours
Work from home opportunities
Casual dress
Job Details
‍
‍
Job Types:
Full-time, Permanent
Salary:
Competitive salary
Benefits:
Company pension, Flexible working, Work from home
Experience:
Software development: 2 years (Mandatory)
Work Authorisation:
United Kingdom (Mandatory)
Work Location:
Hybrid remote in Glenrothes, Fife, UK
‍
Apply for Job
Please send a covering email and your most recent cv demonstrating your experience and qualifications to jobs@ember.ltd
PLEASE NOTE: This position is for a UK based person only and we will not reply to any agencies.
Show more
Show less",Not Applicable,Full-time,Engineering and Information Technology,IT Services and IT Consulting
4431901990,Software Engineer,Opencast | B Corp™,"Edinburgh, Scotland, United Kingdom",1 week ago,2026-07-27,https://uk.linkedin.com/jobs/view/software-engineer-at-opencast-b-corp%E2%84%A2-4431901990,"Ready to work somewhere that cares more about how you build software than how fast you can ship it?
At Opencast, we don’t measure developers by the number of tickets you complete. We care about engineering craft, clean design and thoughtful problem-solving.
Opencast consultants deliver in complex environments, pairing often and working with others who take pride in doing things properly: TDD, emerging design, refactoring and leaving code better than they found it.
We build software we are proud of, and our clients trust us not just to code but to think, challenge and guide.
If you value simple and robust solutions and want a role where your judgment matters as much as your keyboard, this could be a great fit for you.
The role
Software developers at Opencast care about building products right and combine their own experience and approach with our company values. They are tech agnostic, have expertise in agile methodologies, eXtreme programming practices and use industry-leading programming languages to deliver agile transformation.
Our approach to software development is collaborative, focused on keeping things simple, and we use test driven development and pair programming as best practice.
Working with clients and key stakeholders is a crucial part of a consultancy role. Our developers are inclusive team players that listen, collaborate, can positively challenge and manage expectations when needed but most of all are always willing to teach and help others. Leaving a client with improved ways of working, working technology and a good experience from discovery through to live is the priority.
The role is varied, technical, never confined to any one provider or solution and there are always opportunities for learning and development.
Requirements
This role involves weekly on-site work, and you’ll be required to travel regularly to client locations across the UK. We’re looking for people who value in-person collaboration, enjoy building strong relationships, and are passionate about delivering solutions that make a real difference for our clients.
Due to the nature of this role, you must either hold active Security Check (SC) clearance or be eligible and willing to undergo the clearance process.
SC clearance is granted in line with UK Government security vetting requirements. Typically, applicants must have UK citizenship and have lived continuously in the UK for at least the past five years, with no single absence exceeding 28 consecutive days. Nationality and immigration status may also be considered as part of the vetting process. We are unable to progress applications from candidates who do not meet these requirements.
If you are unsure whether you meet the eligibility criteria, we encourage you to review the guidance or discuss this with us before applying.
We’re looking to welcome new team members for multiple roles from September onwards. If you’re interested in joining Opencast, we’d encourage you to apply.
Essential experience
To succeed in this role, you’ll have experience as a Software Developer and be able to demonstrate, with tangible examples, that you can:
Build high-quality, user-centred services using Java or Scala.
Select and apply additional languages, such as Kotlin, Ruby or JavaScript, to deliver the right solutions.
Design and develop well-structured, maintainable systems using object-oriented principles.
Apply strong testing practices to ensure quality, reliability and confidence in your work.
Bring recent government (public sector) experience
Deliver complex digital services aligned to Government Digital Service (GDS) standards
Adapt to new technologies, continuously developing your skills and contributing across the stack.
Work effectively within agile teams to deliver value iteratively.
Essential consulting skills
In addition to software engineering skills, there are essential core skills you’ll need to be an Opencast consultant. You’ll need to demonstrate how you:
Maintain and prioritise a team backlog to support focused, value-driven delivery.
Lead the implementation of user stories from refinement through to completion.
Collaborate with others to deliver a strong, shared testing approach.
Work collaboratively through pairing and mobbing to improve outcomes and share knowledge.
Build effective relationships with stakeholders and clients, communicating clearly to shape solutions.
Adapt to changing priorities and environments, responding positively to new challenges.
Demonstrate resilience and a growth mindset, using feedback to continuously improve.
Operate effectively within multi-disciplinary teams to deliver value.
During the interview process, we’ll ask questions to explore your experience across these areas.
Salary
£57,000 - £61,000 per annum.
What we offer
A competitive package including a 7% employer pension contribution, share options, and a discretionary bonus. You’ll also benefit from 25 days’ holiday and access to 3 annual “life happens” days to support unexpected situations. We provide wellbeing support, ongoing professional development, volunteering opportunities, and the chance to be part of a genuinely supportive team.
Where you’ll work
This role requires regular on-site attendance at our HQ, hub offices, and client sites, as well as the ability to work from home. Applicants must be able to travel to offices and client sites across the UK as part of their normal working arrangements, as travel is essential for fulfilling the responsibilities of the role.
We include you
We welcome candidates from all identities, attributes, ways of thinking and backgrounds to thrive in a career at Opencast. Our aim is for the diversity of our people to be reflected in the solutions we deliver, to help create a fairer society for all.
Interview
Interviews will be conducted via Microsoft Teams. We’re happy to make adjustments to support your needs.
Want to know more?
Visit our website or email careers@opencastsoftware.com
Show more
Show less",Mid-Senior level,Full-time,Consulting and Information Technology,IT Services and IT Consulting
4414705268,"Software Engineer, Java",Rockstar Games,"Dundee, Scotland, United Kingdom",1 day ago,2026-08-08,https://uk.linkedin.com/jobs/view/software-engineer-java-at-rockstar-games-4414705268,"At Rockstar Games, we create world-class entertainment experiences.
Become part of a team working on some of the most rewarding, large-scale creative projects to be found in any entertainment medium - all within an inclusive, highly-motivated environment where you can learn and collaborate with some of the most talented people in the industry.
Rockstar is on the lookout for a passionate Software Engineer who is skilled at hands on development.
This is a full-time, permanent and in-office position based in Rockstar’s unique game development studio in the heart of Dundee, Scotland.
What We Do
The Rockstar Games Information Systems team create and maintain production software tools that are used by all game development disciplines to support the creation of all Rockstar Games projects.
The tools we build range from task management software, defect trackers with games console integration, distributed video recording systems, reporting and analytics applications.
Responsibilities
Design and implement solutions to help us meet the challenges of fast paced game development.
Contribute towards the team’s software design guidelines.
Collaborate with other Rockstar technology teams across our worldwide studios.
Develop a strong understanding of the systems we use and learn new technologies to help advance our applications.
Requirements
3+ years of professional experience in Java backend development.
Strong command of Java, from low-level optimization to high-level architecture.
Deep expertise in the Spring Boot ecosystem and JPA/Hibernate.
Proven experience designing and scaling RESTful APIs.
Solid understanding of MySQL (or other major RDBMS) with query-tuning experience.
Hands-on experience with Apache Kafka and change data capture (CDC) pipelines.
Proficient in Java performance profiling and debugging.
Comfortable in Linux environments, with strong communication and production-support skills.
PLUSES
Please note that these are desirable skills and are not required to apply for the position.
Familiarity with Directed Acyclic Graphs and Graph Databases.
Familiarity with media processing tools like FFMPEG.
Exposure to version control, CI/CD systems and build automations.
Experience with service-oriented architecture and multi-tier server applications.
Exposure to Caching Systems, Spring Cloud, Swagger.
Experience with data warehousing solutions like Snowflake / Apache Doris.
Familiarity with Debezium.
How To Apply
Please apply with a CV and cover letter demonstrating how you meet the skills above. If we would like to move forward with your application, a Rockstar recruiter will reach out to you to explain next steps and guide you through the process.
Rockstar is committed to creating a work environment that promotes equal opportunity, dignity and respect. In line with this commitment, Rockstar will provide reasonable accommodations to qualified job applicants with disabilities during the recruitment process in order for such applicants to be considered for the position for which they are applying, as well as to qualified employees to enable them to perform the essential functions of their roles. If you need more information about Rockstar’s reasonable accommodation policies or process, or need to request an accommodation, please notify your recruiter during the interview process.
If you’ve got the right skills for the job, we want to hear from you. We encourage applications from all suitable candidates regardless of age, disability, gender identity, sexual orientation, religion, belief, race, or any other protected category.
Show more
Show less",Not Applicable,Full-time,Engineering and Information Technology,Computer Games
4431919602,Software Engineer,Opencast | B Corp™,"Glasgow, Scotland, United Kingdom",1 week ago,2026-07-27,https://uk.linkedin.com/jobs/view/software-engineer-at-opencast-b-corp%E2%84%A2-4431919602,"Ready to work somewhere that cares more about how you build software than how fast you can ship it?
At Opencast, we don’t measure developers by the number of tickets you complete. We care about engineering craft, clean design and thoughtful problem-solving.
Opencast consultants deliver in complex environments, pairing often and working with others who take pride in doing things properly: TDD, emerging design, refactoring and leaving code better than they found it.
We build software we are proud of, and our clients trust us not just to code but to think, challenge and guide.
If you value simple and robust solutions and want a role where your judgment matters as much as your keyboard, this could be a great fit for you.
The role
Software developers at Opencast care about building products right and combine their own experience and approach with our company values. They are tech agnostic, have expertise in agile methodologies, eXtreme programming practices and use industry-leading programming languages to deliver agile transformation.
Our approach to software development is collaborative, focused on keeping things simple, and we use test driven development and pair programming as best practice.
Working with clients and key stakeholders is a crucial part of a consultancy role. Our developers are inclusive team players that listen, collaborate, can positively challenge and manage expectations when needed but most of all are always willing to teach and help others. Leaving a client with improved ways of working, working technology and a good experience from discovery through to live is the priority.
The role is varied, technical, never confined to any one provider or solution and there are always opportunities for learning and development.
Requirements
This role involves weekly on-site work, and you’ll be required to travel regularly to client locations across the UK. We’re looking for people who value in-person collaboration, enjoy building strong relationships, and are passionate about delivering solutions that make a real difference for our clients.
Due to the nature of this role, you must either hold active Security Check (SC) clearance or be eligible and willing to undergo the clearance process.
SC clearance is granted in line with UK Government security vetting requirements. Typically, applicants must have UK citizenship and have lived continuously in the UK for at least the past five years, with no single absence exceeding 28 consecutive days. Nationality and immigration status may also be considered as part of the vetting process. We are unable to progress applications from candidates who do not meet these requirements.
If you are unsure whether you meet the eligibility criteria, we encourage you to review the guidance or discuss this with us before applying.
We’re looking to welcome new team members for multiple roles from September onwards. If you’re interested in joining Opencast, we’d encourage you to apply.
Essential experience
To succeed in this role, you’ll have experience as a Software Developer and be able to demonstrate, with tangible examples, that you can:
Build high-quality, user-centred services using Java or Scala.
Select and apply additional languages, such as Kotlin, Ruby or JavaScript, to deliver the right solutions.
Design and develop well-structured, maintainable systems using object-oriented principles.
Apply strong testing practices to ensure quality, reliability and confidence in your work.
Bring recent government (public sector) experience
Deliver complex digital services aligned to Government Digital Service (GDS) standards
Adapt to new technologies, continuously developing your skills and contributing across the stack.
Work effectively within agile teams to deliver value iteratively.
Essential consulting skills
In addition to software engineering skills, there are essential core skills you’ll need to be an Opencast consultant. You’ll need to demonstrate how you:
Maintain and prioritise a team backlog to support focused, value-driven delivery.
Lead the implementation of user stories from refinement through to completion.
Collaborate with others to deliver a strong, shared testing approach.
Work collaboratively through pairing and mobbing to improve outcomes and share knowledge.
Build effective relationships with stakeholders and clients, communicating clearly to shape solutions.
Adapt to changing priorities and environments, responding positively to new challenges.
Demonstrate resilience and a growth mindset, using feedback to continuously improve.
Operate effectively within multi-disciplinary teams to deliver value.
During the interview process, we’ll ask questions to explore your experience across these areas.
Salary
£57,000 - £61,000 per annum.
What we offer
A competitive package including a 7% employer pension contribution, share options, and a discretionary bonus. You’ll also benefit from 25 days’ holiday and access to 3 annual “life happens” days to support unexpected situations. We provide wellbeing support, ongoing professional development, volunteering opportunities, and the chance to be part of a genuinely supportive team.
Where you’ll work
This role requires regular on-site attendance at our HQ, hub offices, and client sites, as well as the ability to work from home. Applicants must be able to travel to offices and client sites across the UK as part of their normal working arrangements, as travel is essential for fulfilling the responsibilities of the role.
We include you
We welcome candidates from all identities, attributes, ways of thinking and backgrounds to thrive in a career at Opencast. Our aim is for the diversity of our people to be reflected in the solutions we deliver, to help create a fairer society for all.
Interview
Interviews will be conducted via Microsoft Teams. We’re happy to make adjustments to support your needs.
Want to know more?
Visit our website or email careers@opencastsoftware.com
Show more
Show less",Mid-Senior level,Full-time,Consulting and Information Technology,IT Services and IT Consulting
4451301884,"Software Engineer, Engineering Platforms Team",Women in Tech,"Edinburgh, Scotland, United Kingdom",15 hours ago,2026-08-09,https://uk.linkedin.com/jobs/view/software-engineer-engineering-platforms-team-at-women-in-tech-4451301884,"Join our digital revolution in NatWest Digital X
In everything we do, we work to one aim. To make digital experiences which are effortless and secure.
So we organise ourselves around three principles: engineer, protect, and operate. We engineer simple solutions, we protect our customers, and we operate smarter.
Job Description
This role is based in the United Kingdom and as such all normal working days must be carried out in the United Kingdom.
Join us as a Software Engineer, Engineering Platforms Team
Join our Engineering Platforms team delivers a modern software development tools chain for engineers across the bank, which protects them from the complexities of developing and delivering applications within NatWest Group
This is an opportunity for a technically minded individual to join us as a Software Engineer
You'll be designing, producing, testing and implementing working software, working across the lifecycle of the system
Hone your existing software engineering skills and advance your career in this critical role
What You'll Do
Working in a permanent product team, you'll be developing knowledge of aspects of the associated platform across the disciplines of business, applications, data and infrastructure. You'll also be liaising with principal engineers, architects in the domain and other key stakeholders to understand how the platform works and how it supports business objectives.
You'll Also Be
Applying Agile methods to the development of software on the backlog
Producing resilient and long-lived software and acting flexibly to cope with future needs
Delivering intentional architecture and formulating emergent design through innovative ideas, experimentation and prototyping
Designing and developing software with a focus on the automation of build, test and deployment activities, using executable patterns
The Skills You'll Need
We're looking for someone with strong full stack experience in software design and implementation, including being able to exploit programming languages to solve complex problems. You'll also need to be capable of complex requirements analysis capture and validation against and with business and systems requirements.
Additionally, You'll Demonstrate
Experience of leading the implementation of programming best practice, especially around scalability, automation, virtualisation, optimisation, availability and performance
Sound collaboration skills with the ability to work with business teams to produce pragmatic solutions that work for the business
Strong understanding of designing scalable, maintainable, extensible systems by applying best practices in software architecture. Skilled at leveraging language-specific strengths across multiple languages (Java, Python, JavaScript) for designing solutions, reviewing clean code, optimising testability and performance Pro-actively identify and resolve inefficiencies autonomously, driving process optimisation and automation initiatives without explicit instruction
Demonstrated experience with information security policies, managing vulnerabilities and practices specific to the financial sector, ensuring compliance and risk mitigation
Maintain up-to-date knowledge of advancements in Artificial Intelligence, including Large Language Models (LLMs) and related tooling. Understand their impact on software development workflows and leverage these insights to enhance productivity and innovation
Strong stakeholder management and communication skills, able to translate complex technical concepts into clear, accessible language for diverse audiences
Show more
Show less",Not Applicable,Full-time,Engineering and Information Technology,Information Technology & Services
4379591810,Senior software engineer (Node.js/TypeScript),Seccl,"Edinburgh, Scotland, United Kingdom",2 weeks ago,2026-07-20,https://uk.linkedin.com/jobs/view/senior-software-engineer-node-js-typescript-at-seccl-4379591810,"This is a flexible hybrid role requiring 1 day per week in Bath, London, or Edinburgh.
About Us
Seccl is the Octopus-owned embedded investment platform that’s on a mission to helping more people to invest – and invest well.
We’re B-Corp certified with an amazing product-market fit, impressive early traction and the potential to transform an outdated industry, for the better. We've been growing fast and will scale even faster over the next few years.
We’re also proud to be part of Octopus, the £multi billion group that's on a mission to breathe new life into broken industries, through companies like Octopus Energy, Octopus Investments and Octopus Money.
Check out the Seccl website for the latest on our products and our mission to shape the future of investments.
Our Culture
Never settle –
We think of ourselves as ‘embedded hero-makers’ for our customers. We put them first, and if we say we’ll do something, we’ll move heaven and earth to do it. We think boldly and embrace change.
Take ownership -
We think rigorously and deeply about a problem, but then charge at it, acting with and urgency and speed that sets us apart. But we never lose sight of quality or long-term scalability.
Be generous & candid -
We encourage our people – and our customers – to challenge us and never shy away from tough conversations. We have a flat and inclusive culture where everyone can be themselves – and speak up.
Check out our Glassdoor page for the latest reviews or our LinkedIn for company updates and insights from the team.
Our Engineering Ways Of Working
Our Product and Engineering organisation is structured into four tribes: Custody, Accounts, Experience, and Cloud & Security. Each tribe contains multiple autonomous squads, with clear full ownership over specific product domains.
The squads are intentionally small and cross-functional, typically made up of an Engineering Manager, Product Manager, and 3–5 engineers with complementary skills aligned to the domain they own.
We operate in a build-and-run model, with teams responsible for the full software lifecycle, from architecture and delivery through to operational support and incident management.
Our core platform is built on AWS serverless technologies including Lambda, SQS, EventBridge, API Gateway, S3, and ECS. We primarily develop in TypeScript and Node.js, with MongoDB as our primary document database. We also have a small number of C# services and are continuing to evolve our platform architecture, including expanding our use of ECS Fargate.
Infrastructure is managed through a combination of Terraform and Serverless Framework. We use GitHub Actions for CI/CD and incident.io to support our incident management processes and operational workflows.
We care deeply about engineering quality, pragmatic architecture, and continuous improvement. If you’d like to go deeper, we’re happy to share more about our engineering practices and technology radar during the interview process.
The role
As an engineer at Seccl you will design, build and operate reliable and scalable, testable and maintainable software solutions, building new functionalities and products using
Typescript and Node.js.
You play a key role in our software development and have a hands-on approach throughout the development process supporting resilient financial workflow systems and regulated investment operations. As a senior member of the team, you are the ‘go-to’ person for queries.
On a typical day you will…
Work collaboratively in a domain aligned cross-functional squad made up of engineers and product along with colleagues from customer-facing and operations teams
Design, implement and operate your services within your domain
Be accountable for the SLAs of your products and iterative improvements
Maintain and extend documentation for your services
Foster a culture of continuous improvement and technical excellence while understanding when “good enough for now” is appropriate
Provide guidance and mentorship for other engineers
Communicate with non-technical colleagues to answer queries about the Seccl system
What You Need…
To own your services from design to operation. We operate a build-and-run model where engineers have autonomy but full accountability.
We care deeply about correctness, resilience and operational excellence because our systems underpin real customer investments.
Engineers are not passengers in their products but champions. Drive improvements and features while collaborating openly with product, operations and engineering colleagues, challenging ideas constructively and focusing on delivering the best outcomes for customers.
Have a strong ability to understand business and customer problems and turn them into efficient, scalable solutions. Be curious about how investment and custody products operate, and pragmatic in balancing customer value, operational correctness, engineering quality and long-term scalability.
Experience building financial systems with multi-region, multi-currency or trading-related complexity would be advantageous.
Experience in a strongly/statically typed language.
Have a strong understanding of designing, building, and running high-quality, standards-compliant workflow APIs, with a focus on testing, observability, and performance.
Have worked with a cloud provider (AWS/Azure/GCP). We use AWS.
Have worked with distributed systems and are comfortable debugging through tracing and observability.
Willing to be on-call for your services.
Core Technical Skills You Must Have
Strong commercial experience with Node.js, specifically TypeScript
Experience with Amazon Web Services
Experience with Serverless products
Experience with document databases, ideally MongoDB
Experience mentoring engineers
Experience leading technical delivery in a build-and-run engineering model
Experience in a structured on-call process and incident management
Experience working in regulated industries, ideally financial services or FinTech.
This role isn’t for you if...
You rely on a lot of top-down direction. Here, you’ll have a lot of freedom and ownership of your role, and you’ll be expected to shape your own progression, bring forward ideas, and spot opportunities to improve
You’re not comfortable working in a fast-paced environment. Our speed and scalability are what set us apart; you need to be able to act quickly and think on your feet
You struggle to follow through on ideas. We value people who do what they say they will. If you care about something, you have the freedom here to make it happen
You don’t like change. You’ll get on great here if you relish the ambiguity of rapid growth and are willing to embrace uncertainty
What’s In It For You…
We offer a generous mix of benefits for the things that really matter to our people, including:
Base salary based on experience and skills demonstrated during our assessment phase
🌴 27 days holiday + bank holidays (some can be flexible) + day off on your birthday + three days (full time) per year for Dependant leave
💙 Two volunteering days per year
🏅 Length of service award – one month paid sabbatical at eight years
✅ 6% employer pension contribution, and life assurance
🏥 Private medical insurance with AXA Health
👪 Enhanced Parental leave
💻 MacBook and up to £500 home office set up budget
📖 £750 per person learning budget
🌎 Option to work abroad for up to six weeks a year
🌻 Health and wellbeing initiatives including free therapy via Wellness Cloud, mental health support via Headspace
🌱 Strong financial wellbeing focus including access to Octopus Money, Octopus Share Incentive Plan and will writing offering via Octopus Legacy
🎁 Perkbox – Flexi-points giving you a range of discounts and perks including free weekly coffee, gym and retail discounts
🚲 Access to initiatives like Cycle to Work and Octopus Electric Vehicle Leasing
Interview process
Interviewing Is a Two-way Thing, And We Want You To Have The Time And Opportunity To Get To Know Us, As Much As We Are Getting To Know You. Our Interviews Are Conversational, So Come With Questions And Be Curious. In General, You Can Expect The Interview Process To Look a Bit Like This
Talent screen - 30 min intro call with our Talent partner or an Engineering manager
Technical loop - 2.45h virtual technical assessment with 3 core components - system design, bar raiser round and TypeScript code review with breaks between the stages. You will receive preparation materials for the round and more information on how to prepare.
⏳ We’ll only close this role once we have enough applications for the next stage. Please submit your application as soon as possible to make sure you don’t miss out and you should expect to hear back from us within one to two weeks of applying.
🌈 Our aim is to build a diverse and inclusive company of awesome people, with unique skills, passions and experiences. All applicants will be considered for employment without attention to age, ethnicity, religion, sex, sexual orientation, gender identity, family or parental status, national origin, or veteran, neurodiversity or disability status.
If this sounds like your kind of thing, we encourage you to apply even if you don’t tick every box.
We’d love to hear from you!
Show more
Show less",Not Applicable,Full-time,Engineering and Information Technology,Financial Services
4446829547,Senior Software Engineer,GE Vernova,"Edinburgh, Scotland, United Kingdom",1 week ago,2026-07-29,https://uk.linkedin.com/jobs/view/senior-software-engineer-at-ge-vernova-4446829547,"Job Description Summary
As a Senior Software Engineer, you’ll be responsible for providing technical leadership and designing, developing, and evolving of world leading Grid Software products that enable the analysis and management of real-time data. As part of the team, you will develop innovative algorithms and architectures that solve real-world problems and be responsible for software lifecycle including activities such as requirement analysis, documentation/procedures, and implementation.
Job Description
Roles and Responsibilities
Provide technical leadership in defining, developing, and evolving software within a fast-paced Agile development environment.
Contribute to the development of software and data delivery platforms using reusable, scalable components.
Guide developers in planning and execution using Agile methodologies such as Scrum.
Work closely with Support and QA teams to resolve defects and maintain software quality.
Collaborate with cross-functional teams to gather requirements, support product design, define specifications, and deliver implementations.
Partner with technical writers to create and maintain high-quality documentation.
Analyse complex technical requirements and translate them into effective development tasks.
Mentor team members and promote best practices in software engineering.
Continuously evaluate new technologies and approaches to improve software solutions.
Deliver high-quality solutions while balancing competing priorities and project commitments.
Essential Responsibilities
Bachelor's Degree in Computer Science or a STEM discipline.
Demonstrated commercial software development experience, typically gained over 4+ years.
Strong understanding of Computer Science fundamentals, including:
Data structures
Algorithms
Object-Oriented Design
Software Design Patterns
Strong experience with:
Java
Spring / Spring Boot
Experience developing Microservices and Web Services (REST/SOAP).
Experience with containerisation technologies including:
Docker
Kubernetes
Helm
Programming experience in C and/or Python.
Experience working within Agile/Scrum environments.
Strong problem-solving and organisational skills.
Ability to work independently while collaborating effectively within cross-functional teams.
Excellent written and verbal communication skills.
Ability to mentor and support junior engineers.
Strong analytical skills with the ability to translate business requirements into technical solutions.
Demonstrates ownership, accountability, and the ability to deliver with minimal supervision.
Qualifications / Requirements
Bachelor's Degree in Computer Science or STEM (Science, Technology, Engineering or Mathematics).
Minimum 4 years of commercial software development experience.
Strong knowledge of Java, Spring Framework, and Spring Boot.
Experience with Microservices architecture.
Experience with REST and SOAP web services.
Experience with Docker, Kubernetes, and Helm.
Programming knowledge of C and/or Python.
Strong understanding of software engineering principles and design patterns.
Experience working in Agile development environments.
Ability to collaborate across multidisciplinary teams.
Strong communication and stakeholder management skills.
Demonstrated ability to solve complex technical problems and influence technical decisions.
Desirable Experiences
Master's Degree or PhD in Computer Science.
Experience with Windows and Unix/Linux-based software development.
Experience developing software within the Energy sector, including:
Energy Management
Oil & Gas
Power & Water
Certified Scrum Master and/or Product Owner certification.
Knowledge of current technology trends and emerging software technologies.
Experience evaluating technology choices and their business impact.
Understanding of competitor technologies and industry trends.
Passion for continuous learning, innovation, and mentoring others.
Experience driving technical improvements and influencing engineering best practices.
Additional Information
Relocation Assistance Provided:
No
Show more
Show less",Not Applicable,Full-time,Engineering and Information Technology,Energy Technology
4450767974,"Software Engineer, Engineering Platforms Team",NatWest Group,"Edinburgh, Scotland, United Kingdom",1 day ago,2026-08-07,https://uk.linkedin.com/jobs/view/software-engineer-engineering-platforms-team-at-natwest-group-4450767974,"Join us as a Software Engineer, Engineering Platforms Team
Join our Engineering Platforms team delivers a modern software development tools chain for engineers across the bank, which protects them from the complexities of developing and delivering applications within NatWest Group
This is an opportunity for a technically minded individual to join us as a Software Engineer
You’ll be designing, producing, testing and implementing working software, working across the lifecycle of the system
Hone your existing software engineering skills and advance your career in this critical role
What You'll Do
Working in a permanent product team, you’ll be developing knowledge of aspects of the associated platform across the disciplines of business, applications, data and infrastructure. You’ll also be liaising with principal engineers, architects in the domain and other key stakeholders to understand how the platform works and how it supports business objectives.
You’ll Also Be
Applying Agile methods to the development of software on the backlog
Producing resilient and long-lived software and acting flexibly to cope with future needs
Delivering intentional architecture and formulating emergent design through innovative ideas, experimentation and prototyping
Designing and developing software with a focus on the automation of build, test and deployment activities, using executable patterns
The Skills You'll Need
We’re looking for someone with strong full stack experience in software design and implementation, including being able to exploit programming languages to solve complex problems. You’ll also need to be capable of complex requirements analysis capture and validation against and with business and systems requirements.
Additionally, You’ll Demonstrate
Experience of leading the implementation of programming best practice, especially around scalability, automation, virtualisation, optimisation, availability and performance
Sound collaboration skills with the ability to work with business teams to produce pragmatic solutions that work for the business
Strong understanding of designing scalable, maintainable, extensible systems by applying best practices in software architecture. Skilled at leveraging language-specific strengths across multiple languages (Java, Python, JavaScript) for designing solutions, reviewing clean code, optimising testability and performance Pro-actively identify and resolve inefficiencies autonomously, driving process optimisation and automation initiatives without explicit instruction
Demonstrated experience with information security policies, managing vulnerabilities and practices specific to the financial sector, ensuring compliance and risk mitigation
Maintain up-to-date knowledge of advancements in Artificial Intelligence, including Large Language Models (LLMs) and related tooling. Understand their impact on software development workflows and leverage these insights to enhance productivity and innovation
Strong stakeholder management and communication skills, able to translate complex technical concepts into clear, accessible language for diverse audiences
Show more
Show less",Not Applicable,Full-time,Information Technology,Software Development
4436225689,Software Engineer - DevOps,LSEG,"Edinburgh, Scotland, United Kingdom",1 week ago,2026-07-28,https://uk.linkedin.com/jobs/view/software-engineer-devops-at-lseg-4436225689,"ABOUT US:
LSEG (London Stock Exchange Group) is more than a diversified global financial markets infrastructure and data business. We are dedicated, open-access partners with a dedication to excellence in delivering the services our customers expect from us. With extensive experience, deep knowledge and worldwide presence across financial markets, we enable businesses and economies around the world to fund innovation, manage risk and create jobs. It’s how we’ve contributed to supporting the financial stability and growth of communities and economies globally for more than 300 years. Through a comprehensive suite of trusted financial market infrastructure services – and our open-access model – we provide the flexibility, stability and trust that enable our customers to pursue their ambitions with confidence and clarity.
LSEG is headquartered in the United Kingdom, with significant operations in 70 countries across EMEA, North America, Latin America and Asia Pacific. We employ 25,000 people globally, more than half located in Asia Pacific. LSEG’s ticker symbol is LSEG.
OUR PEOPLE:
People are at the heart of what we do and drive the success of our business. Our culture of connecting, creating opportunity and delivering excellence shape how we think, how we do things and how we help our people fulfil their potential. We embrace diversity and actively seek to attract individuals with unique backgrounds and perspectives. We break down barriers and encourage teamwork, enabling innovation and rapid development of solutions that make a difference. Our workplace generates an enriching and rewarding experience for our people and customers alike. Our vision is to build an inclusive culture in which everyone feels encouraged to fulfil their potential.
We know that real personal growth cannot be achieved by simply climbing a career ladder – which is why we encourage and enable a wealth of avenues and interesting opportunities for everyone to broaden and deepen their skills and expertise. As a global organisation spanning 70 countries and one rooted in a culture of growth, opportunity, diversity and innovation, LSEG is a place where everyone can grow, develop and fulfil your potential with meaningful careers!!
ROLE SUMMARY:
You will join a team of Lead Software Engineers who design and develop high-impact, scalable solutions, working hands-on throughout the complete software lifecycle – from architecture to deployment.
They deliver high-quality code that aligns with business goals and productionizes AI solutions, and help establish and maintain software engineering standards.
They combine strategic thinking, strong problem-solving skills, and a collaborative approach to successfully ship efficient software.
What you'll be doing:
Contribute to the design, architecture and development of scalable AI software solutions, ensuring alignment with business objectives and technical standards.
Optimize development workflows and establish and apply coding standards and guidelines to maintain robust and clean code.
Work closely with data science and software engineering teams to define project requirements, set technical direction, and establish development roadmaps.
What you'll bring:
Knowledge of DevOps practices, including CI/CD pipelines, automated testing, and monitoring.
Extensive experience in software engineering with a focus on designing and delivering robust, scalable solutions.
Experience in establishing and upholding coding standards to ensure high-quality, maintainable code.
Effective teamwork skills and experience with working with multi-functional team
Bonus points:
Expertise in cloud technologies (emphasis on Azure and/or AWS) and deployment practices.
What you’ll get in return:
High-impact projects: We work on a variety of core projects pioneering AI products and leveraging extensive datasets to solve high-value challenges.
Industry leadership: We deliver brand-new products that democratize modeling and analytics solutions.
Career progression: We provide opportunities for continuous learning and professional development in a work environment of dedicated, highly experienced teams.
Career Stage:
Senior Associate
London Stock Exchange Group (LSEG) Information:
Join us and be part of a team that values innovation, quality, and continuous improvement. If you're ready to take your career to the next level and make a significant impact, we'd love to hear from you.
LSEG is a leading global financial markets infrastructure and data provider. Our purpose is driving financial stability, empowering economies and enabling customers to create sustainable growth.
Our purpose is the foundation on which our culture is built. Our values of
Integrity, Partnership
,
Excellence
and
Change
underpin our purpose and set the standard for everything we do, every day. They go to the heart of who we are and guide our decision making and everyday actions.
Working with us means that you will be part of a dynamic organisation of 25,000 people across 65 countries. However, we will value your individuality and enable you to bring your true self to work so you can help enrich our diverse workforce.
We are proud to be an equal opportunities employer. This means that we do not discriminate on the basis of anyone’s race, religion, colour, national origin, gender, sexual orientation, gender identity, gender expression, age, marital status, veteran status, pregnancy or disability, or any other basis protected under applicable law. Conforming with applicable law, we can reasonably accommodate applicants' and employees' religious practices and beliefs, as well as mental health or physical disability needs.
You will be part of a collaborative and creative culture where we encourage new ideas. We are committed to sustainability across our global business and we are proud to partner with our customers to help them meet their sustainability objectives. Our charity, the LSEG Foundation provides charitable grants to community groups that help people access economic opportunities and build a secure future with financial independence. Colleagues can get involved through fundraising and volunteering.
LSEG offers a range of tailored benefits and support, including healthcare, retirement planning, paid volunteering days and wellbeing initiatives.
Please take a moment to read this privacy notice carefully, as it describes what personal information London Stock Exchange Group (LSEG) (we) may hold about you, what it’s used for, and how it’s obtained, your rights and how to contact us as a data subject.
If you are submitting as a Recruitment Agency Partner, it is essential and your responsibility to ensure that candidates applying to LSEG are aware of this privacy notice.
Show more
Show less",Not Applicable,Full-time,Engineering and Information Technology,IT Services and IT Consulting and Financial Services
4450750344,"Software Engineer, Associate",BlackRock,"Edinburgh, Scotland, United Kingdom",1 day ago,2026-08-07,https://uk.linkedin.com/jobs/view/software-engineer-associate-at-blackrock-4450750344,"About This Role
Aladdin Platform Eng-ES-Identity Engineering You are: Curious and eager to learn new things, with a healthy disrespect for the status quo Excited to learn about new technologies and strive to reach new levels of efficiencies in the platform we provide. Passionate about technology, with personal ownership for the work you do Data-focused, with an eye for the details that matter to solve the problem Proficient in using AI for day-to-day engineering work. We are: Passionate about building quality software and scaling technology to meet the needs of tomorrow Building solutions for BlackRock and over over 200 institutions that rely on our technology who use our technology Working closely with enterprise identity providers (e.g., Okta/Azure AD) and modern auth standards to deliver secure, scalable solutions.
A platform team responsible for identity management, authentication, and access foundations that enable seamless and secure access to Aladdin applications and APIs.
Focused on operational excellence and reliability—improving telemetry, strengthening controls, and reducing friction for our users and partner teams.
Building and operating production services in Java, Python, and Golang using technologies like distributed event streaming and messaging platforms, Enterprise-grade container orchestration platform supporting declarative infrastructure and horizontal scaling, Redis (and more), with a strong emphasis on testability and safe rollout.
Working closely with enterprise identity providers (e.g., Okta/Azure AD/Keycloak) and modern auth standards to deliver secure, scalable solutions. You have (Must have):
Minimum of 3+ years of software engineering experience building and supporting production services.
BS/MS in Computer Science from an accredited university (or equivalent practical experience).
Strong programming skills in Java, Python, or Golang (and willingness to learn the others).
Experience working in Linux environments (shell, basic debugging, log analysis).
Solid understanding of API fundamentals (HTTP, authentication basics, error handling). You have (Nice to have):
Demonstrated understanding and practical experience with authentication and authorization mechanisms such as OAuth 2.0/OpenID Connect, mTLS, TLS/SSL, certificate-based auth, JWT, SAML, and PKI infrastructure.
Hands-on experience configuring/managing/integrating with Okta, Azure AD, or Keycloak.
Experience with API frameworks and spec-first development, including Google API Improvement Proposals (AIPs) and protobuf.
Familiarity with distributed systems and platform tooling (distributed event streaming and messaging platforms, Enterprise-grade container orchestration platform supporting declarative infrastructure and horizontal scaling, caching, CI/CD) and observability (metrics/logging/tracing).
Our Benefits
To help you stay energized, engaged and inspired, we offer a wide range of employee benefits including: retirement investment and tools designed to help you in building a sound financial future; access to education reimbursement; comprehensive resources to support your physical health and emotional well-being; family support programs; and Flexible Time Off (FTO) so you can relax, recharge and be there for the people you care about.
Our hybrid work model
BlackRock’s hybrid work model is designed to enable a culture of collaboration and apprenticeship that enriches the experience of our employees, while supporting flexibility for all. Employees are currently required to work at least 4 days in the office per week, with the flexibility to work from home 1 day a week. Some business groups may require more time in the office due to their roles and responsibilities. We remain focused on increasing the impactful moments that arise when we work together in person – aligned with our commitment to performance and innovation. As a new joiner, you can count on this hybrid model to accelerate your learning and onboarding experience here at BlackRock.
Guidance on AI use for candidates
At BlackRock, AI has long been part of how we work – enhancing decision-making, improving operations, and helping us deliver better outcomes for clients. We encourage candidates to use AI thoughtfully to learn, prepare, and work more effectively; but during our interview process, we want to focus on getting to know you through your own experiences, thinking, and judgment. To support you, we’ve provided
guidance
on when and how to use AI during our hiring process so you can approach each step with confidence and showcase your best self.
About BlackRock
At BlackRock, we are all connected by one mission: to help more and more people experience financial well-being. Our clients, and the people they serve, are saving for retirement, paying for their children’s educations, buying homes and starting businesses. Their investments also help to strengthen the global economy: support businesses small and large; finance infrastructure projects that connect and power cities; and facilitate innovations that drive progress.
This mission would not be possible without our smartest investment – the one we make in our employees. It’s why we’re dedicated to creating an environment where our colleagues feel welcomed, valued and supported with networks, benefits and development opportunities to help them thrive.
To learn more about BlackRock, please visit Careers.BlackRock.com. We also encourage you to get to know us on LinkedIn, Instagram, YouTube, X, and TikTok.
BlackRock is proud to be an Equal Opportunity Employer. We evaluate qualified applicants without regard to age, disability, race, religion, sex, sexual orientation and other protected characteristics at law.
Show more
Show less",Not Applicable,Full-time,Engineering and Information Technology,Financial Services
4450617871,Founding Engineer (Full-Stack),Nexal Technologies,"Edinburgh, Scotland, United Kingdom",2 days ago,2026-08-06,https://uk.linkedin.com/jobs/view/founding-engineer-full-stack-at-nexal-technologies-4450617871,"Founding Engineer (Full Stack)
Edinburgh · Office-based
Build the future of engineering software.
Nexal is building a next-generation engineering platform for process industries.
Engineering teams today work across disconnected drawings, calculations, schedules, specifications, standards and documents, spread across multiple applications. We're replacing that fragmented workflow with a connected platform where engineering information lives in one place and stays synchronised throughout the design process.
We're looking for an experienced full-stack engineer to become our first engineering hire and help build an enterprise-grade platform capable of secure, collaborative deployment at scale for some of the world's largest infrastructure organisations.
This isn't a feature development role. You'll be helping build the technical foundations of an entirely new engineering platform from the ground up.
It's an opportunity to work on genuinely difficult engineering problems that very few software companies get to solve - from collaborative engineering workflows and graph-based data models to enterprise architecture, CAD and BIM integration, intelligent automation and configurable engineering platforms.
The Role
You'll work closely with the founder to translate product concepts and customer requirements into scalable production software.
Product direction is driven through close collaboration with customers, rapid prototyping and continuous iteration. Your role is to design and build the systems that make those ideas secure, scalable and maintainable while contributing your own expertise on architecture, usability and technical implementation.
This is a hands-on engineering role. You'll spend your time designing, building and shipping software while helping establish the engineering foundations the company will scale upon.
You'll be responsible for
Platform architecture
Full-stack software development
Backend architecture and APIs
Frontend application development
Engineering standards and best practices
Security and permissions architecture
Performance, scalability and reliability
Technical implementation and architecture
Helping shape the future engineering team
What you'll build
You'll work on challenges including:
Scaling a collaborative multi-user engineering platform
Designing secure and scalable data models
Building modern frontend and backend systems
Developing configurable engineering workflows
Creating robust API architecture
Integrating with CAD, BIM and enterprise engineering software
Building a highly configurable platform that can be tailored to each customer's engineering standards, workflows and delivery processes
Building our AI-driven standards onboarding engine, enabling customer engineering standards, templates and workflows to be onboarded rapidly across process industries
Designing enterprise-grade security and permissions for critical infrastructure organisations
Improving platform performance, reliability and maintainability
Helping lay the foundations for future capabilities including engineering automation, drone surveys, automated 3D workflows and AI-assisted engineering
What we're looking for
We're looking for builders.
People who enjoy taking an idea from a whiteboard discussion to production software, working through ambiguity and solving technical problems that don't already have a defined solution.
You'll be comfortable working closely with the founder, translating product concepts into scalable software and helping shape how the platform is built.
Early-stage startup experience is strongly preferred.
Whether you've been one of the first engineers in a startup or built your own product or company, you'll understand how to operate with autonomy, make pragmatic technical decisions and move quickly with minimal process.
You'll likely have:
Strong full-stack software engineering experience
Experience building and shipping production software
Strong software architecture skills
Strong experience with TypeScript, React and Next.js
Experience designing and building APIs and backend services
Experience working with PostgreSQL or another relational database
Experience building cloud-native applications on AWS, Azure or GCP
Experience designing authentication and authorisation systems
Excellent problem-solving ability
Strong communication skills
Nice to have:
Experience building workflow platforms
Experience integrating with CAD or BIM software
Experience developing industrial or engineering software
Experience building graph-based applications or data models
Experience building collaborative or real-time applications
Location
This is an office-based role in Edinburgh.
During the early stages of the company, we're looking for someone who can work closely with the founder to enable rapid collaboration, technical discussions and product iteration.
Once established within the business, there will be flexibility to work from home one to two days per week.
Applicants must already have the right to work in the UK and either be based in, or be willing to relocate to, the Edinburgh area. Unfortunately, we are unable to offer visa sponsorship for this role.
What we offer
Up to
£80,000
depending on experience
Meaningful equity with significant long-term upside
Workplace pension
Modern city centre Edinburgh office
Significant influence over the platform's technical architecture, engineering practices and future engineering culture
The opportunity to build a category-defining engineering platform from the very beginning
The opportunity to grow into technical leadership as the company scales, should that be a path you're interested in
Freedom to solve genuinely challenging engineering problems alongside the founder
Show more
Show less",Mid-Senior level,Full-time,Engineering and Information Technology,Software Development
4419638389,Software Engineer,Barclays,"Glasgow, Scotland, United Kingdom",2 months ago,2026-06-02,https://uk.linkedin.com/jobs/view/software-engineer-at-barclays-4419638389,"Join Barclays as a Senior Software Engineer
to design, develop, and improve software, utilising a range of engineering methodologies to deliver scalable business, platform, and technology capabilities for our customers and colleagues.
In this role, you will play a key part in driving innovation, ensuring high-quality solutions, and enhancing system performance while collaborating across teams to support the delivery of secure and reliable digital services.
To be successful as a
Senior Software Engineer
, you should have experience with;
Considerable front‑end development skills using modern frameworks (React, Angular) and core web technologies, including JavaScript/TypeScript, HTML, CSS, and responsive UI design principles.
Proven back‑end development experience with Java and Spring technologies, including Spring Boot, REST APIs, and common security and integration patterns.
Experience designing and building robust APIs, encompassing RESTful service design, versioning strategies, security (OAuth2/JWT), and performance optimisation.
Some other highly valued skills may include;
Experience with domain‑driven design (DDD), event‑driven architectures, and event sourcing, with an understanding of how these patterns support scalable, maintainable distributed systems.
Solid background in microservices architecture, including service decomposition, inter‑service communication, and the use of real‑time messaging frameworks (e.g. Kafka) to support asynchronous processing and resilience.
Exposure to cloud platforms such as AWS, Azure, or GCP, including deploying, configuring, and operating applications in cloud‑native environments.
You may be assessed on the key critical skills relevant for success in role, such as risk and controls, change and transformation, business acumen strategic thinking and digital and technology, as well as job-specific technical skills
This role will be based in Glasgow
Purpose of the role
To design, develop and improve software, utilising various engineering methodologies, that provides business, platform, and technology capabilities for our customers and colleagues.
Accountabilities
Development and delivery of high-quality software solutions by using industry aligned programming languages, frameworks, and tools. Ensuring that code is scalable, maintainable, and optimized for performance.
Cross-functional collaboration with product managers, designers, and other engineers to define software requirements, devise solution strategies, and ensure seamless integration and alignment with business objectives.
Collaboration with peers, participate in code reviews, and promote a culture of code quality and knowledge sharing.
Stay informed of industry technology trends and innovations and actively contribute to the organization’s technology communities to foster a culture of technical excellence and growth.
Adherence to secure coding practices to mitigate vulnerabilities, protect sensitive data, and ensure secure software solutions.
Implementation of effective unit testing practices to ensure proper code design, readability, and reliability.
Assistant Vice President Expectations
To advise and influence decision making, contribute to policy development and take responsibility for operational effectiveness. Collaborate closely with other functions/ business divisions.
Lead a team performing complex tasks, using well developed professional knowledge and skills to deliver on work that impacts the whole business function. Set objectives and coach employees in pursuit of those objectives, appraisal of performance relative to objectives and determination of reward outcomes
If the position has leadership responsibilities, People Leaders are expected to demonstrate a clear set of leadership behaviours to create an environment for colleagues to thrive and deliver to a consistently excellent standard. The four LEAD behaviours are: L – Listen and be authentic, E – Energise and inspire, A – Align across the enterprise, D – Develop others.
OR for an individual contributor, they will lead collaborative assignments and guide team members through structured assignments, identify the need for the inclusion of other areas of specialisation to complete assignments. They will identify new directions for assignments and/ or projects, identifying a combination of cross functional methodologies or practices to meet required outcomes.
Consult on complex issues; providing advice to People Leaders to support the resolution of escalated issues.
Identify ways to mitigate risk and developing new policies/procedures in support of the control and governance agenda.
Take ownership for managing risk and strengthening controls in relation to the work done.
Perform work that is closely related to that of other areas, which requires understanding of how areas coordinate and contribute to the achievement of the objectives of the organisation sub-function.
Collaborate with other areas of work, for business aligned support areas to keep up to speed with business activity and the business strategy.
Engage in complex analysis of data from multiple sources of information, internal and external sources such as procedures and practises (in other areas, teams, companies, etc).to solve problems creatively and effectively.
Communicate complex information. 'Complex' information could include sensitive information or information that is difficult to communicate because of its content or its audience.
Influence or convince stakeholders to achieve outcomes.
All colleagues will be expected to demonstrate the Barclays Values of Respect, Integrity, Service, Excellence and Stewardship – our moral compass, helping us do what we believe is right. They will also be expected to demonstrate the Barclays Mindset – to Empower, Challenge and Drive – the operating manual for how we behave.
Show more
Show less",Not Applicable,Full-time,Engineering and Information Technology,Banking and Financial Services
4448838467,Senior Software Engineer,Phlo,"Glasgow, Scotland, United Kingdom",5 days ago,2026-08-04,https://uk.linkedin.com/jobs/view/senior-software-engineer-at-phlo-4448838467,"Senior Software Engineer - Glasgow
We’re looking for an experienced full-stack developer to join Phlo as a Senior Software Engineer. You’ll work across our products and platforms as priorities evolve, as part of a close-knit team of developers, designers and product owners. You’ll have the autonomy and influence to help shape both our technology and the future of Phlo.
The Job
On a day-to-day basis, you’ll be involved in:
Working collaboratively with developers, designers, product owners and the wider business to deliver our vision of the pharmacy of the future.
Working in small, collaborative teams where AI-assisted development is part of our day-to-day approach. You’ll use AI tools extensively and thoughtfully to spend less time on routine work and more time solving the problems that matter, while sharing effective practices and maintaining strong engineering judgement.
Communicating complex technical subjects clearly to both technical and non-technical colleagues.
Building our products and leading by example through hands-on development. You’ll help establish effective engineering practices and maintain the quality of our systems.
Planning complex work, breaking it into manageable tasks and leading projects through to delivery. Our teams are given the autonomy to shape technical solutions and own their outcomes.
Designing the technical approach and architecture for projects, identifying the key components, data structures and delivery steps required.
Researching areas of technical uncertainty, clearly documenting findings and reviewing recommendations with the team.
Thriving in a fast-moving scale-up environment by getting stuck in, spotting opportunities and taking ownership without waiting for detailed instructions.
Experimenting with new ideas, building proofs of concept and helping turn promising approaches into practical improvements for the team and our products.
Mentoring other developers, helping them identify opportunities for growth and supporting them through their development.
Working with technologies including TypeScript, React, Koa, Next.js, Vite, Playwright, Node.js, PostgreSQL, Kubernetes, GCP and Azure DevOps.
The Person
Ideally, we’re looking for someone with:
A genuine preference for working collaboratively in person and spending regular time with the team in our Glasgow office to workshop ideas, shape architecture and solve problems together.
Experience building, deploying and supporting software in production, taking ideas from concept through to reliable products used by Phlo’s patients and healthcare partners.
Deep, hands-on experience using AI-assisted development tools as part of everyday engineering work. You’ll actively experiment with new capabilities, develop effective workflows and help others use them well, while maintaining accountability for the quality and security of what you produce.
A strong understanding of modern web and cloud technologies, with the judgement to choose practical solutions and establish effective technical patterns.
The ability to take a holistic view of the systems you’re building. You’ll look beyond an individual feature, understand how components fit together and identify emerging patterns, risks and architectural issues early.
Experience planning and delivering complex work, including breaking larger problems into manageable tasks and taking ownership through to completion.
A proactive, solution-focused mindset. You’ll be comfortable working through ambiguity, getting stuck into unfamiliar problems and taking action where you see an opportunity to improve something.
The ability to communicate complex technical ideas clearly and adapt your approach for both technical and non-technical audiences.
Evidence that you can make change happen by testing ideas, demonstrating their value and bringing others with you.
An open and collaborative attitude. You’ll enjoy sharing knowledge, supporting the development of others and helping the team succeed as a whole.
The Perks
And in joining Phlo, you’ll receive a competitive package designed to support your wellbeing, development and success, including:
Salary between £58,000 - £65,000 depending on experience
Opportunity to join a high growth health tech business
Company Bonus Scheme - up to 10% depending on performance
33 days annual leave (inclusive of 8 bank holidays)
An extra day of annual leave for every complete year of service, up to 5 extra days
An extra day off for your Birthday to prolong the celebrations
Pension scheme – 5% employer contribution
Private Medical Insurance via Vitality
Bereavement Leave policy covering family, friends, pets, and miscarriage
Enhanced Maternity, Paternity and Adoption Pay after 1 year of service
Charity Day to support a cause that’s important to you
Dependant Leave to take care of the people who rely on you
Duvet Days to rest and reset
Fertility Leave to support your journey to parenthood
Pawternity Leave to welcome a new pet
Menopause Leave to support employees
20% Staff Discount on Phlo Clinic products
8 x free professional counselling sessions to support your mental health
Perkbox membership for discounts and points
£500 Employee Referral Scheme
Hybrid working, casual dress code and a great culture
Please note, eligibility criteria for benefits applies.
Interested? Please apply now.
Closing date for applications is 18.08.26
Please note that the advert may close early, depending on application volume.
The Logistics
We’re headquartered in the Onyx building on Bothwell St in Glasgow City Centre. While this role is predominantly remote, we support a blend of in-person collaboration and flexible hybrid working.
About Phlo
Phlo is ranked 13th in the Sunday Times 100 Tech 2026, recognising it as one of the UK's fastest-growing technology companies. At Phlo, we’re redefining modern healthcare - combining innovation, compassion and technology, putting patients at the heart of everything we do.
Our mission is to help people across the UK take control of their health by making access to care simpler, faster and more personal.
We’re a team of professionals who share the same values - collaboration, curiosity and a genuine drive to make a difference. It’s that shared purpose that makes Phlo a rewarding place to work and one where great ideas turn into meaningful impact.
It’s an incredibly exciting time to join Phlo as we continue to scale up rapidly. By joining the team, you will have an opportunity to grow our company and enhance our products from day one.
For more information about Phlo’s services please visit
www.phloclinic.co.uk
,
www.wearephlo.com
or check out our socials and Trustpilot reviews!
To deliver great service to Phlo’s patients we're building a company that’s reflective of their diversity. We’re an inclusive workplace that promotes and values difference, where everyone, from any background, can do their best work and be proud to belong.
Show more
Show less",Mid-Senior level,Full-time,Engineering,Hospitals and Health Care
4445206230,Platform engineer,Seccl,"Edinburgh, Scotland, United Kingdom",2 weeks ago,2026-07-24,https://uk.linkedin.com/jobs/view/platform-engineer-at-seccl-4445206230,"Hybrid with travel to Bath, London and Edinburgh a couple times a month
About Us
Seccl is the Octopus-owned embedded investment platform that’s on a mission to helping more people to invest – and invest well.
We’re B-Corp certified with an amazing product-market fit, impressive early traction and the potential to transform an outdated industry, for the better. We've been growing fast and will scale even faster over the next few years.
We’re also proud to be part of Octopus, the £multi billion group that's on a mission to breathe new life into broken industries, through companies like Octopus Energy, Octopus Investments and Octopus Money.
Check out the Seccl website for the latest on our products and our mission to shape the future of investments.
The role
We're looking for a
Platform engineer
to shape and evolve the platform that underpins our investment products. You’ll be someone who loves understanding engineering problems and enabling teams to self-serve their needs. You view the cloud platform as a product, and engineering as your customer.
The role is within our
Cloud Resilience team - a critical squad within our engineering organisation responsible for empowering squads to
build and run their own services.
We’re primarily in
AWS
, utilising
Lambda, ECS, SQS, EventBridge, API Gateway, Aurora, Redshift
among others. Our main data store is
MongoDB Atlas and
our observability platform is
Datadog
. Our application is written in
Typescript/NodeJS
and our infrastructure is defined in
Terraform
.
On a typical day you will be…
Architecting, implementing, and maintaining scalable, secure infrastructure in AWS using Terraform.
Designing cloud-native solutions using MongoDB, Lambda, API Gateway, and other AWS services with a strong focus on serverless.
Contributing to incident response efforts, production readiness, and reliability initiatives across engineering squads.
Enhancing observability and platform insight through actionable alerting and data visibility using Datadog.
Continuously improving CI/CD processes with GitHub Actions, reducing friction in delivery pipelines.
Collaborating with software engineers (working in Node.js/TypeScript) to ensure secure, performant, and resilient applications.
Mentoring engineers and champion DevOps culture and best practices across teams.
This role’s for you if...
You’re a pragmatic platform engineer with experience in regulated environments, balancing delivery with compliance and operational excellence.
You’re confident working with JavaScript/TypeScript-based applications and collaborating closely with development teams.
You know what “good” looks like for databases like MongoDB and Postgres and can diagnose, design, and optimise for scale and resilience.
You care deeply about observability - you don’t just monitor systems, you build alerts that engineers can act on.
You’re fluent in AWS best practices, infrastructure-as-code (Terraform), and CI/CD tooling like GitHub Actions.
You’ve had exposure to architectural decisions and willingness to own of platform-level outcomes.
This role isn’t for you if...
You rely on a lot of top-down direction. Here, you’ll have a lot of freedom and ownership of your role, and you’ll be expected to shape your own progression
You’re not comfortable working in a fast-paced environment. Our speed and scalability are what set us apart; you need to be able to act quickly and think on your feet
You struggle to follow through on ideas. We value people who do what they say they will. If you care about something, you have the freedom here to make it happen
You don’t like change. You’ll get on great here if you relish the ambiguity of rapid growth and are willing to embrace uncertainty
What’s In It For You…
We offer a generous mix of benefits for the things that really matter to our people, including:
💰 A salary between
£55,000 and £75,000
–
dependant on experience + reviewed annually
🌴 27 days holiday + bank holidays (some can be flexible) + day off on your birthday + three days (full time) per year for Dependant leave
💙 Two volunteering days per year
🌎 Option to work abroad for up to six weeks a year
🌟 Secclbrate - our recognition programme that offers a mix of flexible rewards including extra pay, additional holiday and increased learning budget
🏅 Length of service award – one month paid sabbatical at eight years
✅ 6% employer pension contribution, and life assurance
🏥 Private medical insurance with AXA Health
👪 Enhanced Parental leave
💻 MacBook and up to £500 home office set up budget
📖 £750 per person learning budget
🌻 Health and wellbeing initiatives including free therapy via Wellness Cloud, mental health support via Headspace
🌱 Strong financial wellbeing focus including access to Octopus Money, Octopus Share Incentive Plan and will writing offering via Octopus Legacy
🎁 Perkbox – Flexi-points giving you a range of discounts and perks including free weekly coffee, gym and retail discounts
🚲 Access to initiatives like Cycle to Work and Octopus Electric Vehicle Leasing
Our culture
We're proud to put people first, creating a culture where we truly listen to what matters most to them. Our transparent and inclusive environment encourages diversity of thought, challenge and experimentation.
Check out our Glassdoor page for the latest reviews or our LinkedIn for company updates and insights from the team.
Interview process
Interviewing Is a Two-way Thing, And We Want You To Have The Time And Opportunity To Get To Know Us, As Much As We Are Getting To Know You. Our Interviews Are Conversational, So Come With Questions And Be Curious. In General, You Can Expect The Interview Process To Look a Bit Like This, (following An Initial Chat With One Of Our Talent Team)
First stage – 60 mins Cloud System Design interview
Second stage – 60 mins Terraform Code Review Interview
Final stage – 45 mins bar-raiser culture-based interview
⏳ We’ll only close this role once we have enough applications for the next stage. Please submit your application as soon as possible to make sure you don’t miss out and you should expect to hear back from us within one to two weeks of applying.
🌈 Our aim is to build a diverse and inclusive company of awesome people, with unique skills, passions and experiences. All applicants will be considered for employment without attention to age, ethnicity, religion, sex, sexual orientation, gender identity, family or parental status, national origin, or veteran, neurodiversity or disability status.
If this sounds like your kind of thing, we encourage you to apply even if you don’t tick every box.
We’d love to hear from you!
Compensation Range: £55K - £75K
Show more
Show less",Not Applicable,Full-time,Engineering and Information Technology,Financial Services
4436316295,Senior Software Engineer - Space Reliability,Spire,"Glasgow, Scotland, United Kingdom",2 weeks ago,2026-07-24,https://uk.linkedin.com/jobs/view/senior-software-engineer-space-reliability-at-spire-4436316295,"Spire is making a fundamental shift in how it operates its constellation. We are moving from a model where trained operators watch dashboards and escalate to experts, to one where the system is fully autonomous, self-healing, and data intelligent. This team is building that future, and this role sits at the center of it.
The old model relies on operators, escalations, manual processes, and institutional knowledge locked in the heads of a few experts. It does not scale and it does not belong in a modern space company. We know what we want to replace it with: SRE principles applied to a constellation, autonomous fault handling, AI-driven anomaly detection, low toil, high data quality, and continuous improvement baked into the system.
You will be one of the engineers who makes that real.
What You Will Work On
Autonomous Operations:
Design and build fault detection, isolation, and automated recovery pipelines for satellites and ground stations
Drive elimination of manual processes. If a human is doing it repeatedly, automate it.
Build space situational awareness systems so the fleet always knows its own state
Develop operational automation for mission execution at scale
Telemetry and Data Platform:
Architect and build a flexible data platform that ingests, stores, and surfaces telemetry from space and ground assets
Build analytics and visualization tools that surface operational insight and not just raw data
Apply ML and AI techniques to detect anomalies, predict failures, and optimize constellation performance
Work directly with data at every layer from pipeline design to query
Reliability Engineering:
Define and instrument SLOs and reliability metrics for space and ground assets
Build monitoring and alerting systems that know what matters and ruthlessly suppress noise
Own configuration control and software rollout processes for on-orbit and ground assets
Mission Software:
Build real-time dashboards and operator tooling that make mission status immediately legible
Collaborate directly with satellite operators and mission teams to turn operational pain into software solutions
Design systems for automated mission execution including planning, scheduling, and commanding at scale
Basic Qualifications
5+ years of professional software engineering, SRE, or DevOps experience
Strong Python skills across backend services, data pipelines, and automation. Not just scripts.
Real experience applying data analysis to solve complex operational or technical problems, comfortable working directly with data at every layer from pipeline design to query
Solid Linux fundamentals including bash scripting and basic system administration
Experience with containerized development and production environments
The communication skills to work across engineering, operations, and mission teams and translate real-world requirements into working software
Preferred Qualifications
Experience with data backends such as Postgres, Redis, Elasticsearch, or S3
Hands-on experience with Databricks or modern data Lakehouse tooling
Experience building or operating monitoring and alerting systems such as Grafana, Prometheus, or Nagios
Infrastructure as Code experience with tools such as Terraform or Ansible
ML or AI applications in an operational or monitoring context
Experience with Python data visualization libraries
Spire operates a hybrid work model, and this position will require you to work a minimum of three business days per week in the office.
Access to US export-controlled software and/or technology may be
required
for this role. If needed, Spire will arrange the necessary licenses—this is not something candidates need to have before applying.
Global Perks
🛰️ Name Your Satellite Program (NYSP)
🚀 Launch Attendance
🌴 Generous Time Off Policy
🎓 Education Assistance Program
🥰 Employee Assistance Program (EAP)
📈 Employee Stock Purchase Program (ESPP)
👣 Family Leave
💪 Fitness Reimbursement
🧡 Employee Referral Program
🍉 Healthy snacks & beverages in every office
About Spire
We
improve life on Earth with data from space.
Spire Global is a space-to-cloud analytics company that owns and operates the largest multi-purpose constellation of satellites. Its proprietary data and algorithms provide the most advanced maritime, aviation, and weather tracking in the world. In addition to its constellation, Spire’s data infrastructure includes a global ground station network and 24/7 operations that provide real-time global coverage of every point on Earth.
Spire is Global and our success draws upon the diverse viewpoints, skills and experiences of our employees. We are proud to be an equal opportunity employer and are committed to equal employment opportunity regardless of race, color, ancestry, religion, sex, national origin, sexual orientation, age, marital status, disability, gender identity or veteran status.
To help
maintain
a safe and secure workplace for Spire employees, all candidates who receive a conditional offer will
be required
to complete a background check
. This
may include criminal history and employment verification.
Please take a moment to review Spire's Global Data Privacy Notice for Employees, Contractors, Candidates and Visitors, as well as
Spire's Privacy Policy.
Kindly be advised that communication regarding your application may come from @spire.com, @recruiting.spire.com, or from Candidate.fyi (our scheduling tool).
Show more
Show less",Mid-Senior level,Full-time,Engineering and Information Technology,Information Services
4449426708,Lead DevOps Engineer,V.Group,"Glasgow, Scotland, United Kingdom",4 days ago,2026-08-05,https://uk.linkedin.com/jobs/view/lead-devops-engineer-at-v-group-4449426708,"Location Country
United Kingdom
Work Location
Glasgow
Who are V?
As a global leader in ship management and marine services, we add value to a vessel’s operations. Operating around the clock and around the world, V. gives every client the quality and efficiency they need in every sector. Covering crew management and recruitment, quality ship management and technical services, together with supporting management and commercial services, V. has an unrivalled industry knowledge with performance assured. Our values, We Care, We Collaborate, We Challenge, We are Consistent, We Commit and Deliver, are at the heart of everything we do and they support our strategy of Investing in Talent. We are always interested in making contact with talented individuals - people who will demonstrate our values and deliver great service, for internal and external stakeholders.
Overall Purpose of The Job
The Lead DevOps Engineer is a critical senior player-coach role in the IT Director’s team. The role will own security, cloud cost optimisation and developer experience, while actively coaching and upskilling engineers.
The role is split approximately 50% coaching and upskilling engineers and 50% infrastructure strategy. The role will report into the IT Delivery Director (hard line) with a dotted line to the Head of Engineering, and uphold engineering standards across squads working with the development partners.
Key Responsibilities And Tasks
DevOps Strategy & Infrastructure (~50%)
Define and own the DevOps strategy, CI/CD pipelines, cloud infrastructure and tooling across ShipSure.
Own cloud cost optimisation (FinOps), driving efficiency and value for money across cloud spend.
Own the platform security posture, embedding security into the software development lifecycle (DevSecOps).
Uphold ISO 27001 controls and the information security management system (ISMS), embedding security compliance into pipelines, cloud infrastructure and ways of working.
Improve developer experience through paved-road tooling, self-service automation and reduced friction in the delivery pipeline.
Coaching & Capability (~50%)
Coach, mentor and upskill engineers across squads in DevOps, automation and cloud-native practices.
Operate as a hands-on player-coach — contributing directly while raising the capability of the team.
Uphold and evolve engineering standards in partnership with the Head of Engineering.
Leadership & Collaboration
Operate as a member of the IT Delivery Director’s leadership team, filling a critical capability gap.
Partner with development partners to ensure consistent DevOps practice across internal and outsourced squads.
Report on security, reliability, cloud cost and developer-experience metrics.
Liaise closely with the Head of Information and Cyber Security to uphold ISO 27001 and broader information security compliance across the platform.
What can I expect in return?
V. Group can offer you a market leading salary and benefits package, in addition to significant opportunities for career growth and personal development. This a great opportunity to join a true leader in the maritime sector - a company that has exciting plans for future growth.
Essential
Significant experience in DevOps, platform engineering or SRE, including a leadership or player-coach element.
3+ years’ hands-on Microsoft Azure experience (required), including cloud cost optimisation / FinOps; experience of other cloud providers (AWS or GCP) is helpful but not essential.
Strong CI/CD and Infrastructure-as-Code experience (e.g. Terraform, pipelines, containers/Kubernetes).
Solid security / DevSecOps experience, embedding security into the SDLC.
Demonstrable experience coaching and upskilling engineers.
Able to be Glasgow-based with regular onsite presence.
Desirable
Experience in maritime, ERP, or multi-tenant SaaS environments.
Experience working across multi-vendor / outsourced delivery models.
Relevant cloud or FinOps certifications.
Experience operating within an ISO 27001-certified environment (or equivalent ISMS), including security controls, audit and compliance.
Applications Close Date
Show more
Show less",Not Applicable,Full-time,Engineering and Information Technology,Maritime Transportation
4448999355,Senior Software Engineer - Space Reliability,UK Space Jobs,"Glasgow, Scotland, United Kingdom",4 days ago,2026-08-05,https://uk.linkedin.com/jobs/view/senior-software-engineer-space-reliability-at-uk-space-jobs-4448999355,"Spire is making a fundamental shift in how it operates its constellation. We are moving from a model where trained operators watch dashboards and escalate to experts, to one where the system is fully autonomous, self-healing, and data intelligent. This team is building that future, and this role sits at the center of it.
The old model relies on operators, escalations, manual processes, and institutional knowledge locked in the heads of a few experts. It does not scale and it does not belong in a modern space company. We know what we want to replace it with: SRE principles applied to a constellation, autonomous fault handling, AI-driven anomaly detection, low toil, high data quality, and continuous improvement baked into the system.
You will be one of the engineers who makes that real.
Autonomous Operations
What You Will Work On
Design and build fault detection, isolation, and automated recovery pipelines for satellites and ground stations
Drive elimination of manual processes. If a human is doing it repeatedly, automate it.
Build space situational awareness systems so the fleet always knows its own state
Develop operational automation for mission execution at scale
Telemetry And Data Platform
Architect and build a flexible data platform that ingests, stores, and surfaces telemetry from space and ground assets
Build analytics and visualization tools that surface operational insight and not just raw data
Apply ML and AI techniques to detect anomalies, predict failures, and optimize constellation performance
Work directly with data at every layer from pipeline design to query
Reliability Engineering
Define and instrument SLOs and reliability metrics for space and ground assets
Build monitoring and alerting systems that know what matters and ruthlessly suppress noise
Own configuration control and software rollout processes for on-orbit and ground assets
Mission Software
Build real-time dashboards and operator tooling that make mission status immediately legible
Collaborate directly with satellite operators and mission teams to turn operational pain into software solutions
Design systems for automated mission execution including planning, scheduling, and commanding at scale
Basic Qualifications
5+ years of professional software engineering, SRE, or DevOps experience
Strong Python skills across backend services, data pipelines, and automation. Not just scripts.
Real experience applying data analysis to solve complex operational or technical problems, comfortable working directly with data at every layer from pipeline design to query
Solid Linux fundamentals including bash scripting and basic system administration
Experience with containerized development and production environments
The communication skills to work across engineering, operations, and mission teams and translate real-world requirements into working software
Preferred Qualifications
Experience with data backends such as Postgres, Redis, Elasticsearch, or S3
Hands-on experience with Databricks or modern data Lakehouse tooling
Experience building or operating monitoring and alerting systems such as Grafana, Prometheus, or Nagios
Infrastructure as Code experience with tools such as Terraform or Ansible
ML or AI applications in an operational or monitoring context
Experience with Python data visualization libraries
Spire operates a hybrid work model, and this position will require you to work a minimum of three business days per week in the office.
Access to US export-controlled software and/or technology may be required for this role. If needed, Spire will arrange the necessary licenses—this is not something candidates need to have before applying.
Global Perks
🛰️ Name Your Satellite Program (NYSP)
🚀 Launch Attendance
🌴 Generous Time Off Policy
🎓 Education Assistance Program
🥰 Employee Assistance Program (EAP)
📈 Employee Stock Purchase Program (ESPP)
👣 Family Leave
💪 Fitness Reimbursement
🧡 Employee Referral Program
🍉 Healthy snacks & beverages in every office
About Spire
We
improve life on Earth with data from space.
Spire Global is a space-to-cloud analytics company that owns and operates the largest multi-purpose constellation of satellites. Its proprietary data and algorithms provide the most advanced maritime, aviation, and weather tracking in the world. In addition to its constellation, Spire’s data infrastructure includes a global ground station network and 24/7 operations that provide real-time global coverage of every point on Earth.
Spire is Global and our success draws upon the diverse viewpoints, skills and experiences of our employees. We are proud to be an equal opportunity employer and are committed to equal employment opportunity regardless of race, color, ancestry, religion, sex, national origin, sexual orientation, age, marital status, disability, gender identity or veteran status.
To help maintain a safe and secure workplace for Spire employees, all candidates who receive a conditional offer will be required to complete a background check. This may include criminal history and employment verification.
Please take a moment to review Spire's Global Data Privacy Notice for Employees, Contractors, Candidates and Visitors, as well as
Spire's Privacy Policy.
Kindly be advised that communication regarding your application may come from @spire.com, @recruiting.spire.com, or from Candidate.fyi (our scheduling tool).
Show more
Show less",Not Applicable,Full-time,Engineering and Information Technology,Space Research and Technology
4439637113,Infrastructure Engineer,HM Revenue & Customs,"Edinburgh, Scotland, United Kingdom",4 hours ago,2026-08-09,https://uk.linkedin.com/jobs/view/infrastructure-engineer-at-hm-revenue-customs-4439637113,"About The Job
Job summary
Discover a career in your hands at HMRC. Whether you're seeking purpose, growth, or a workplace that gives you a true sense of belonging, hear from some of our employees as they share their story about what it's really like to work at HMRC.
Visit our  YouTube channel  to watch the full series and come and discover your potential.
Candidates will either have SC level security clearance or be willing to undertake such - including having been a continuous resident of the UK for a minimum of 5 years.
HMRC Chief Digital & Information Office is made up of Customer Groups which are working independently towards one common goal. Our role sits within HMRC's Chief Digital & Information Office (CDIO) Group that deliver in-house solutions for projects and programmes that deal with a broad range of business, technical and operational issues. Our CDIO offices are hi-tech, state-of-the-art facilities that allow our teams to maximise their capabilities.
The IT Operations profession is made up of professionals, paramount to our digital services. Our vision for the future is to attract people to work and progress in a fast paced, exciting environment whilst ensuring consistency in your training and upskilling.
We are working to have clear career pathways and succession planning, to enable people to see our area as a long-term career with prospects and development opportunities for all roles.
Job Description
This is an exciting opportunity to join HMRC's CDIO (Chief Digital & Information Officer), Borders and Trade Delivery Group working within the IT Operations space.
The role focuses on the management and oversight of Borders and Trade environments and services, ensuring platforms are reliable, secure and cost-effective. You will work closely with internal teams and third-party suppliers to coordinate activity across environments, ensuring that required work is delivered effectively and in line with operational priorities.
A strong technical understanding is important, enabling you to engage with engineering teams, understand issues and risks, and drive actions through to resolution.
Person specification
At This Role Level, You Will
Oversee and manage Border and Trade platforms across all environments, working closely with internal teams and 3rd party suppliers to ensure services remain available, secure and performant.
Track and manage environments and associated assets, using agreed tooling and processes to maintain accurate data, support reporting and provide insight into estate health and usage.
Coordinate and assure patching and security activities, ensuring suppliers and internal teams deliver updates in line with agreed timelines and compliance standards.
Own the management of cyber vulnerabilities and risks, ensuring issues are understood, prioritised and actively progressed to resolution with minimal business impact.
Support the maintenance and improvement of environment and monitoring tooling, working with senior engineers and central teams to enhance capability and visibility.
Develop and maintain clear processes, documentation and standards for environment and service management, ensuring consistency across Borders and Trade.
Act as a point of coordination for incidents and service issues, working across teams to support triage, resolution and post-incident improvements.
Identify trends, risks and opportunities for improvement, using monitoring data and operational insight to enhance system reliability and efficiency.
Take an active role in FinOps and cost optimisation activities, helping ensure environments are managed in a cost-effective and sustainable way.
Essential Criteria:
Experience of working with or supporting IT environments or services.
Experience of coordinating operational activities (e.g. patching, maintenance, or service changes) across teams or suppliers.
Familiarity with tools such as Jira and Confluence, or similar.
Ability to understand technical issues and risks and help drive actions through to resolution.
Good analytical and problem-solving skills.
Ability to work independently and take ownership of tasks.
Experience of working collaboratively as part of a team.
Desirable Criteria:
Ideally, the successful candidate will have experience in the use of some or all of the following:
Experience working with Windows, Unix or Linux systems.
Experience or exposure to cloud environments (e.g. AWS or Azure).
Office closures
For more information on where you might be working,  review this information on our locations  .
If your location preference is for one of the following sites, it's important to note that these are not long-term sites for HMRC and we will require you to move to a new building in the future, subject to our location strategy and the applicable employee policies at that time.
These Sites Are
Telford Plaza, Telford - moving to Parkside Court, Telford
You will be given more information about what this means at the job offer stage.
Leeds Locations
Moves Adjustment Payment will be available for this role, provided the successful applicant is a current HMRC colleague in Bradford and meets the eligibility requirements outlined in the HMRC's Moves Adjustment Payment guidance.
Further Location Information
Please ensure that you only apply for a location that you are willing and able to work from, as we will only make one offer of employment. Any additional notes included in a 'Further Location Preferences (optional)' field within the application form, will not be considered. Please be aware that you cannot change your location preference after submitting your application.
Benefits
Alongside your salary of £37,682, HM Revenue and Customs contributes £10,916 towards you being a member of the Civil Service Defined Benefit Pension scheme.  Find out what benefits a Civil Service Pension provides (opens in a new window).
HMRC operates both Flexible and Hybrid Working policies, allowing you to balance your work and personal commitments. We welcome applications from those who need to work a more flexible arrangement and will agree to requests where possible, considering our operational and customer service needs.
We offer a generous leave allowance, starting at 25 days and increasing by a day for every year of qualifying service up to a maximum of 30 days.
Pension - We make contributions to our colleagues' Alpha pension equal to at least 28.97% of their salary.
Family friendly policies.
Personal support.
Coaching and development.
To find out more about HMRC  benefits  and find out what it's really like to work for HMRC  hear from our insiders  or visit  Thinking of joining the Civil Service
Things you need to know
Artificial intelligence
Artificial intelligence can be a useful tool to support your application, however, all examples and statements provided must be truthful, factually accurate and taken directly from your own experience. Where plagiarism has been identified (presenting the ideas and experiences of others, or generated by artificial intelligence, as your own) applications may be withdrawn and internal candidates may be subject to disciplinary action. Please see our candidate guidance (opens in a new window) for more information on appropriate and inappropriate use.
Selection process details
How To Apply
As part of the application process, you will be asked to provide the following:
A name-blind CV including your job history and skills and experience.
A 500-word Personal Statement. Your Personal Statement should be used to describe how your skills and experience would be suitable for the advertised role, making reference to the Essential Criteria and Person Specification outlined in the advert.
Please complete a separate statement (Max 250 words) for the Desirable Criteria where applicable. This is not essential for the role but may be considered by the vacancy-holder where candidates have the same scores at sift or interview.
Further details around what this will entail are listed on the application form.
Sift
In the event of a large number of applications being received an initial sift may be held on your CV.
At sift your CV, and your Personal Statement, will be assessed, with the successful candidates being invited to interview.
We may also raise the score required at any stage of the process if we receive a high number of applications.
Interview
During the panel interview, you will be assessed on Experience based questions.
Interviews will take place via video link. Sift and interview dates to be confirmed.
Eligibility
Please take extra care to tick the correct boxes in the eligibility sections of your application form . Mistakes sometimes happen but if you contact us later than two working days (Monday-Friday) before the vacancy closes, we may not be able to reopen your application for you. If you do make a mistake with your eligibility form, or have withdrawn yourself in error and need your application reinstated whilst the campaign is still live, please contact us via: unitybusinessservicesrecruitmentresults@hmrc.gov.uk - Use the subject line to insert appropriate wording for example - 'Please re-open my application -
[insert vacancy ref]
& vacancy closing date
[insert date]'.
To check that you are eligible to apply for this role, please review the eligibility information before submitting your application.
Exceptionally, candidates who are not successful at this grade may be considered for appointment to similar roles at a lower grade where the eligibility criteria are met. If this applies, we will contact you directly.
The HMRC app can help you with your application
The  HMRC app  can provide you with your past 5 years' employment history, making the process of filling in your application quicker and easier.
If successful in your application, you will need your National Insurance number for the onboarding process.
Download the  HMRC app  now and save your National Insurance number to your digital phone wallet.
How to download the HMRC app and sign up for an account
Download the free  HMRC app  from the App Store or Google Play store.
If you have an HMRC online account already, sign straight in using your ID and password. If not, you can prove your identity by answering some questions or providing your photo ID.
You'll then be able to access the app quickly and easily by signing in using a 6-digit PIN, your fingerprint, or facial recognition.
You can find guidance for technical issues on GOV.UK:  Technical support with HMRC online services .
Reserve List
A reserve list may be held for up to 12 months from which further appointments may be made for the same or similar roles - if this applies to you, we'll let you know via your Civil Service Jobs account.
Merit List
After interview, a single merit list will be created, and you will only be considered for posts in locations you have expressed a preference for. Appointments will be made in strict merit order in line with the set number of roles in each location.
Criminal Record Check
Applications received from candidates with a criminal record are considered fairly in accordance with the DBS Code of Practice and the Recruitment of ex-offenders Policy.
Hybrid working at HMRC
HMRC is an office-based organisation, and colleagues are expected to spend 60% of their working time in the office. Our offices provide opportunity for interaction, collaboration which aids learning and development and a sense of community. Where the role allows it, and where the home environment is suitable, colleagues can work from home for up to 2 days a week, averaged over a calendar month (or a proportionate amount of time for colleagues who work less than full time).
Reasonable Adjustments
We want to make sure no one is put at a disadvantage during our recruitment process. To assist you with this, we will reduce or remove any barriers where possible and provide additional support where appropriate.
If you need a change to be made so that you can make your application, you should:
Contact the UBS Recruitment team via  unitybusinessservicesrecruitmentresults@hmrc.gov.uk  as soon as possible before the closing date to discuss your needs.
Complete the ""Assistance required"" section in the ""Additional requirements"" page of your application form to tell us what changes or help you might need further on in the recruitment process. For instance, you may need wheelchair access at interview, or if you're deaf, a Language Service Professional.
Technical Support
If you are experiencing problems that cannot be resolved by our ' help ' section, then  technical support  is available. You will receive a reply in 2 working days.
Additional Security Information
Please note: in addition to the standard pre-employment checks for appointment into the Civil Service, all candidates must also obtain National Security Vetting at Security Check (SC) clearance level for this vacancy. You will normally need to meet the minimum UK residency period as determined by the level of vetting being undertaken, which for SC is 5 years UK residency prior to your vetting application. If you have any questions about this residency requirement, please speak to the vacancy holder for this post.
From 1 April 2026, applicants will be required to meet updated nationality and residency requirements so that National Security Vetting (NSV) checks can be conducted. If this affects you, we will give you more information at the appropriate time.
Important Information For Existing HMRC Contractual Homeworkers
This role may be suitable for existing HMRC employees who are contractual homeworkers. Occasional attendance to the office will be required where there is a business need. Please consider the advertised office locations for this role when applying and only select locations from the 'location preferences' section that you can travel to.
Terms and Conditions
Customer facing roles in HMRC require the ability to converse at ease with members of the public and provide advice in accurate spoken English and/or Welsh where required. Where this is an essential requirement, this will be tested as part of the selection process.
HMRC has a presence in every region of the UK. For more information on where you might be working,  review this information on our locations .
The Civil Service values honesty and integrity and expects all candidates to abide by these principles. The evidence you provide in your application must relate to your own experiences.
Any instances of plagiarism or other forms of cheating will be investigated and, if proven, the relevant application(s) will be withdrawn from the process.
Recording of interviews is prohibited unless explicit agreement is sought in line with the UK General Data Protection Regulations.
Questions relating to an individual application must be emailed as detailed later in this advert.
Applicants who are successful at interview will be, as part of pre-employment screening, subject to a check on the Internal Fraud Database (IFD). This check will provide information about employees who have been dismissed for fraud or dishonesty offences. This check also applies to employees who resign or otherwise leave before being dismissed for fraud or dishonesty had their employment continued. Any applicant's details held on the IFD will be refused employment.
A candidate is not eligible to apply for a role within the Civil Service if the application is made within a 5 year period following a dismissal for carrying out internal fraud against government.
New entrants will join on the minimum of the pay band.
Please note that, if you are applying for roles on a part-time basis, the salary agreed will be pro-rata, reflective of the working hours agreed within your contract.
If you experience accessibility problems with any attachments on this advert, please contact the email address in the 'Contact point for applicants' section.
For more Information for people applying for, or thinking of applying for, roles at HM Revenue and Customs, please see link:  Working for HMRC: information for applicants - GOV.UK .
Feedback will only be provided if you attend an interview or assessment.
Security
Successful candidates must undergo a standard (or equivalent) criminal record check.
Successful candidates must meet the security requirements before they can be appointed. The level of security needed is security check (opens in a new window).
See our vetting charter (opens in a new window).
People working with government assets must complete baseline personnel security standard (opens in new window) checks.
Nationality Requirements
This job is broadly open to the following groups:
UK nationals
nationals of the Republic of Ireland
nationals of Commonwealth countries who have the right to work in the UK
nationals of the EU, Switzerland, Norway, Iceland or Liechtenstein and family members of those nationalities with settled or pre-settled status under the European Union Settlement Scheme (EUSS) (opens in a new window)
nationals of the EU, Switzerland, Norway, Iceland or Liechtenstein and family members of those nationalities who have made a valid application for settled or pre-settled status under the European Union Settlement Scheme (EUSS)
individuals with limited leave to remain or indefinite leave to remain who were eligible to apply for EUSS on or before 31 December 2020
Turkish nationals, and certain family members of Turkish nationals, who have accrued the right to work in the Civil Service
Further information on nationality requirements (opens in a new window)
Working for the Civil Service
The Civil Service Code (opens in a new window) sets out the standards of behaviour expected of civil servants.
We recruit by merit on the basis of fair and open competition, as outlined in the Civil Service Commission's recruitment principles (opens in a new window).
The Civil Service embraces diversity and promotes equal opportunities. As such, we run a Disability Confident Scheme (DCS) for candidates with disabilities who meet the minimum selection criteria.
The Civil Service also offers a Redeployment Interview Scheme to civil servants who are at risk of redundancy, and who meet the minimum requirements for the advertised vacancy.
Diversity and Inclusion
The Civil Service is committed to attract, retain and invest in talent wherever it is found. To learn more please see the  Civil Service People Plan (opens in a new window) and the  Civil Service Diversity and Inclusion Strategy (opens in a new window).
Apply and further information
This vacancy is part of the Great Place to Work for Veterans (opens in a new window) initiative.
Once this job has closed, the job advert will no longer be available. You may want to save a copy for your records.
Contact point for applicants
Job Contact
Name : Ahsan Ahmed
Email : ahsan.ahmed@hmrc.gov.uk
Recruitment team
Email : unitybusinessservicesrecruitmentresults@hmrc.gov.uk
Further information
Appointment to the Civil Service is governed by the Civil Service Commission's Recruitment Principles. You have the right to complain if you feel there has been a breach of the Recruitment Principles. In the first instance, you should raise the matter directly via ubsrecruitmentcomplaints@hmrc.gov.uk. Please note that we do not accept complaints or appeals regarding scoring of outcomes of campaigns, unless candidates can provide clear evidence that the campaign did not follow the Recruitment Principles. If you are not satisfied with the response, you may bring your complaint to the Commission. For further information on bringing a complaint to the Civil Service Commission please visit their website.
Show more
Show less",Not Applicable,Contract,Information Technology,Government Administration
4442403356,Senior Cloud Engineer,Charles River Laboratories,"Tranent, Scotland, United Kingdom",3 weeks ago,2026-07-18,https://uk.linkedin.com/jobs/view/senior-cloud-engineer-at-charles-river-laboratories-4442403356,"For 75 years, Charles River employees have worked together to assist in the discovery, development and safe manufacture of new drug therapies. When you join our family, you will have a significant impact on the health and well-being of people across the globe. Whether your background is in life sciences, finance, IT, sales or another area, your skills will play an important role in the work we perform. In return, we’ll help you build a career that you can feel passionate about.
Job Overview
Do you have expertise in Cloud Engineering?
Are you a Subject Matter Expert in AWS?
Charles River Laboratories is looking for an energetic professional to provide engineering and architecture expertise within the
Global Infrastructure Services
team as an individual contributor and part of a cross functional team of engineers.
The
Senior Cloud Engineer
will be an integral component in delivering effective and secure end-to-end cloud infrastructure technology solutions.
This role will require a mix of subject matter expertise in cloud computing technologies along with legacy data center environments. You will be challenged to find approaches that enable rapid adoption of new cloud services and drive transformation for our business and IT processes. The cloud engineer will take part in infrastructure as code deployment tooling and supporting services.
Through excellence in delivery, they will help to achieve and maintain a high level of employee engagement, customer satisfaction and team productivity.
This is a remote position, with the ideal candidate based in the UK/IRL or EU.
Approximate salary banding on this role: £50,000 - £60,000 per annum + bonus + benefits. Please note that the salary varies within the range based on factors including, but not limited to, experience, skills, education, certifications, and location.
Job Description
Role Accountabilities:
Supporting the digital transformation initiative and cloud strategy by designing and implementing cloud migrations and services as part of a dedicated team of engineers.
Contributing to a high performing team that delivers consumable, standardized hybrid cloud infrastructure services and solutions (resilient, high quality, secure, highly automated and up to date)
Collaborating and consulting with other IT practices to support technical solution development and deployment
Working with external strategic partners to develop and deliver technical solutions
Essential Duties And Responsibilities
Design, build and deploy IaaS and PaaS infrastructure solutions in AWS
Lift and Shift application migrations to AWS using cloud migration technologies
Participate in multiple highly complex projects/tasks simultaneously and prioritize as required
Develop and document technical designs and requirements for integration and implementation of new and existing cloud applications and systems
Document cloud infrastructure engineering procedures and collaborate on various information technology projects.
Maintains and grows knowledge of platform configuration management and troubleshooting
Embrace a team mentality by mentoring more junior engineers and cross-training with other engineers
Perform all other related duties as assigned
Requirements And Profile
Required Qualifications and General Skills:
Bachelor’s degree (B.A./B.S.) or equivalent in computer science, engineering, or related discipline.
Effective communication skills for large, multi-national audiences.
Able to work collaboratively across geographical regions
Utility player – broad understanding of tools and technologies
Flexibility and willingness to learn new toolsets and solutions
Business acumen – understanding of customer value
Technical Experience
Significant IT industry experience with a strong track record of hands-on experience using Azure and AWS Cloud, including Transit Gateway and Hub/Spoke micro-segmented or zero trust designs
Demonstrable experience with designing cloud implementation architectures and solutions using DevOps mindset, automation, and PaaS & IaaS resources.
Experience migrating Windows and Linux workloads to public cloud infrastructure
In-depth knowledge of networking, firewalls, load balancers
Experience using infrastructure as code and tooling (Azure DevOps Pipelines, GitHub Actions, Terraform, Ansible, CI/CD)
Experience with Cloud Security standards and frameworks including NIST, CIS , etc
Experience working on or with teams using Agile methodologies such as Scrum.
Other
Experience with containers such as Docker, OpenShift a plus
Ability and willingness to cross train, document and operationalize new technologies
In depth knowledge of hybrid cloud infrastructure design and implementation
Experience with building and maintaining systems for regulated workloads
Certification/Licensure:
AWS certification a plus.
About Corporate Functions
The Corporate Functions provide operational support across Charles River in areas such as Human Resources, Finance, IT, Legal, Sales, Quality Assurance, Marketing, and Corporate Development. They partner with their colleagues across the company to develop and drive strategies and to set global standards. The functions are essential to providing a bridge between strategic vision and operational readiness, to ensure ongoing functional innovation and capability improvement.
About Charles River
Charles River is an early-stage contract research organization (CRO). We have built upon our foundation of laboratory animal medicine and science to develop a diverse portfolio of discovery and safety assessment services, both Good Laboratory Practice (GLP) and non-GLP, to support clients from target identification through preclinical development. Charles River also provides a suite of products and services to support our clients’ clinical laboratory testing needs and manufacturing activities. Utilizing this broad portfolio of products and services enables our clients to create a more flexible drug development model, which reduces their costs, enhances their productivity and effectiveness to increase speed to market.
With over 20,000 employees within 110 facilities in over 20 countries around the globe, we are strategically positioned to coordinate worldwide resources and apply multidisciplinary perspectives in resolving our client’s unique challenges. Our client base includes global pharmaceutical companies, biotechnology companies, government agencies and hospitals and academic institutions around the world.
At Charles River, we are passionate about our role in improving the quality of people’s lives. Our mission, our excellent science and our strong sense of purpose guide us in all that we do, and we approach each day with the knowledge that our work helps to improve the health and well-being of many across the globe. We have proudly supported the development of 80% of the drugs approved by the FDA in the last five years.
At Charles River Laboratories, we recognize and recruit all talent. We are a company committed to fostering a sense of belonging and work daily in this direction.
233464
Show more
Show less",Not Applicable,Full-time,Information Technology,Biotechnology Research
4433240790,Software Engineer,Accenture UK & Ireland,"Glasgow, Scotland, United Kingdom",23 hours ago,2026-08-08,https://uk.linkedin.com/jobs/view/software-engineer-at-accenture-uk-ireland-4433240790,"Role: Software Engineer
Locations: Glasgow or Edinburgh (must be willing to travel to client sites throughout the UK on an ad hoc basis)
Salary: Competitive salary and package (Depending on level of experience)
Please Note: Any offer of employment is subject to satisfactory BPSS and SC security clearance which requires 5 years continuous UK address history at the point of application.
Accenture is a leading global professional services company, providing a broad range of services in strategy and consulting, interactive, technology and operations, with digital capabilities across all of these services. With our thought leadership and culture of innovation, we apply industry expertise, diverse skill sets and next-generation technology to each business challenge.
We believe in inclusion and diversity and supporting the whole person. Our core values comprise of Stewardship, Best People, Client Value Creation, One Global Network, Respect for the Individual and Integrity. Year after year, Accenture is recognized worldwide not just for business performance but for inclusion and diversity too.
“Across the globe, one thing is universally true of the people of Accenture: We care deeply about what we do and the impact we have with our clients and with the communities in which we work and live. It is personal to all of us.” – Julie Sweet, Accenture CEO
As a team:
Accenture Software & Platform Engineering is over 1,000 people strong and provides end-to-end product engineering solutions which deliver tangible value, fast. We bring together an obsession for technical excellence with agility and scale, to help clients move from project to product at speed.
We work with clients in every sector. They range from scale-ups through to national and international blue-chip names and public sector organisations. Our teams routinely work on products that are used by millions of people.
We offer an exciting career working in a vibrant environment, with access to training and a global network of experts. As part of our Software & Platform Engineering team, you’ll be working with cutting-edge technologies and will have the opportunity to develop a wide range of new skills on the job.
In our team you will:
We typically work hand-in-hand with our clients to build great digital products for them and for their customers. To do this, we need experienced, capable engineers who can both deploy their own mastery to get things done hands-on
and
successfully lead others in doing so. The nature of our work varies from client to client so there will be lots of opportunities to experience new domains and new stacks.
Our team is dedicated to applying great engineering to get great outcomes. Our engineers stand out by keeping one eye on value at all times, and by proposing thoughtful solutions that get the job done efficiently and with low complexity. You’d be a key advocate for this approach within a team.
Beyond client work, our engineers are essential contributors to our internal and regional engineering communities. There’s loads of scope to get involved and help shape conversations around tech you’re interested in, share your knowledge and experience, and learn from colleagues working in very diverse problem spaces.
We are looking for experience in the following skills:
Several years of industry experience as a Java‑focused full‑stack engineer, with strong front‑end experience using modern frameworks such as React, Angular or Vue.
Proven experience building end‑to‑end solutions, owning features from design and implementation through to deployment and production support.
Strong hands-on experience with AWS and cloud‑native architectures, including the ability to deploy, operate and support your own code in live AWS environments.
Experience using Infrastructure as Code within AWS (e.g. Terraform, AWS CDK, Pulumi).
Experience designing, building and maintaining CI/CD pipelines (e.g. GitHub Actions, GitLab CI, Jenkins, ArgoCD), with a focus on automation, reliability and quality.
Strong engineering standards across accessibility, security, performance and caching, applied consistently throughout the full stack.
Proven team leadership experience, including leading engineers day‑to‑day, setting technical direction, and growing careers through coaching, mentoring and structured feedback.
What’s In It For You
At Accenture in addition to a competitive basic salary, you will also have an extensive benefits package which includes 25 days’ vacation per year, private medical insurance and 3 extra days leave per year for charitable work of your choice!
Flexibility and mobility are required to deliver this role as there will be requirements to spend time onsite with our clients and partners to enable delivery of the first-class services we are known for.
About Accenture
Accenture is a leading global professional services company, providing a broad range of services in strategy and consulting, interactive, technology and operations, with digital capabilities across all of these services. We combine unmatched experience and specialized capabilities across more than 40 industries — powered by the world’s largest network of Advanced Technology and Intelligent Operations centers. With 509,000 people serving clients in more than 120 countries, Accenture brings continuous innovation to help clients improve their performance and create lasting value across their enterprises. Visit us at www.accenture.com
Accenture is an equal opportunities employer and welcomes applications from all sections of society and does not discriminate on grounds of race, religion or belief, ethnic or national origin, disability, age, citizenship, marital, domestic or civil partnership status, sexual orientation, or gender identity, or any other basis as protected by applicable law.
Closing Date for Applications 31/08/2026
Accenture reserves the right to close the role prior to this date should a suitable applicant be found.
Show more
Show less",Not Applicable,Full-time,Information Technology and Engineering,Software Development
4445743490,Site Reliability Engineer (SRE) / Production Support Engineer / DevOps Engineer,hackajob,"Glasgow, Scotland, United Kingdom",1 week ago,2026-07-28,https://uk.linkedin.com/jobs/view/site-reliability-engineer-sre-production-support-engineer-devops-engineer-at-hackajob-4445743490,"hackajob
is collaborating with
Barclays
to connect them with exceptional professionals for this role.
Join us as a Site Reliability Engineer at Barclays, where you will play a pivotal role in ensuring the resilience and availability of critical banking technology systems that power Barclays and support the global economy. You will be part of a Global L2 Team providing support for production applications, driving operational excellence and service reliability across our diverse technology landscape.
To be successful as Site Reliability Engineer you should have:
Experience on Lunix/Unix, Java Applications, Oracle, SQL (PLQSP/MySQL) and RDBMS with exposure to writing queries, tuning concepts, data analysis etc.
Experience of at least two of the Middleware technologies amongst JBOSS Apache Tomcat, Glassfish.
Experience of Cloud technologies, AWS, OpenShift/APIs.
Experience of monitoring tools AppDynamics. ITRS and scheduling Tools - TWS and/or Autosys.
Some Other Highly Valued Skills May Include
Prior experience and knowledge of Barclays or and/or Banking domain knowledge will be preferred.
Skills of any programming languages (like ML, AI/GenAI, Shell, Java, Python, Json or any other) will be preferred.
You may be assessed on the key critical skills relevant for success in role, such as risk and controls, change and transformation, business acumen, strategic thinking, and digital and technology, as well as job-specific technical skills.
This role will be based in Glasgow.
Purpose of the role
To apply software engineering techniques, automation, and best practices in incident response, to ensure the reliability, availability, and scalability of the systems, platforms, and technology through them.
Accountabilities
Availability, performance, and scalability of systems and services through proactive monitoring, maintenance, and capacity planning.
Resolution, analysis and response to system outages and disruptions, and implement measures to prevent similar incidents from recurring.
Development of tools and scripts to automate operational processes, reducing manual workload, increasing efficiency, and improving system resilience.
Monitoring and optimisation of system performance and resource usage, identify and address bottlenecks, and implement best practices for performance tuning.
Collaboration with development teams to integrate best practices for reliability, scalability, and performance into the software development lifecycle, and work closely with other teams to ensure smooth and efficient operations.
Stay informed of industry technology trends and innovations, and actively contribute to the organization's technology communities to foster a culture of technical excellence and growth.
Assistant Vice President Expectations
To advise and influence decision making, contribute to policy development and take responsibility for operational effectiveness. Collaborate closely with other functions/ business divisions.
Lead a team performing complex tasks, using well developed professional knowledge and skills to deliver on work that impacts the whole business function. Set objectives and coach employees in pursuit of those objectives, appraisal of performance relative to objectives and determination of reward outcomes
If the position has leadership responsibilities, People Leaders are expected to demonstrate a clear set of leadership behaviours to create an environment for colleagues to thrive and deliver to a consistently excellent standard. The four LEAD behaviours are: L - Listen and be authentic, E - Energise and inspire, A - Align across the enterprise, D - Develop others.
OR for an individual contributor, they will lead collaborative assignments and guide team members through structured assignments, identify the need for the inclusion of other areas of specialisation to complete assignments. They will identify new directions for assignments and/ or projects, identifying a combination of cross functional methodologies or practices to meet required outcomes.
Consult on complex issues; providing advice to People Leaders to support the resolution of escalated issues.
Identify ways to mitigate risk and developing new policies/procedures in support of the control and governance agenda.
Take ownership for managing risk and strengthening controls in relation to the work done.
Perform work that is closely related to that of other areas, which requires understanding of how areas coordinate and contribute to the achievement of the objectives of the organisation sub-function.
Collaborate with other areas of work, for business aligned support areas to keep up to speed with business activity and the business strategy.
Engage in complex analysis of data from multiple sources of information, internal and external sources such as procedures and practises (in other areas, teams, companies, etc).to solve problems creatively and effectively.
Communicate complex information. 'Complex' information could include sensitive information or information that is difficult to communicate because of its content or its audience.
Influence or convince stakeholders to achieve outcomes.
Show more
Show less",Not Applicable,Full-time,Information Technology,Software Development
4418826081,"Forward Deployed Engineer, Agentic Platform (UK/Europe)",Cohere,"Edinburgh, Scotland, United Kingdom",1 week ago,2026-07-31,https://uk.linkedin.com/jobs/view/forward-deployed-engineer-agentic-platform-uk-europe-at-cohere-4418826081,"Who are we?
Cohere is the leading security-first enterprise AI company. We build cutting-edge foundation AI models and end-to-end products that are designed to solve real-world business problems.
We’re training and deploying frontier models for enterprises who are building AI systems. We believe that our work is instrumental to the widespread adoption of AI and we are looking for folks that want to be part of that.
We obsess over what we build. Each one of us is responsible for contributing to increasing the capabilities of our models and the value they drive for our customers. Cohere is a team of researchers, engineers, designers, and more, who are all passionate about their craft.
We are a global technology company headquartered in Toronto with key offices in London, New York City, San Francisco, Montreal, Paris, Berlin and Seoul. Join us!
About North
North is Cohere's cutting-edge AI workspace platform, designed to revolutionize the way enterprises utilize AI. It offers a secure and customizable environment, allowing companies to deploy AI while maintaining control over sensitive data. North integrates seamlessly with existing workflows, providing a trusted platform that connects AI agents with workplace tools and applications.
Why This Role?
This role offers a unique opportunity to shape how enterprises harness the power of AI in real-world applications. As a bridge between our core North product and our clients’ engineering teams, you’ll be at the forefront of solving complex problems and securely integrating AI into critical sectors such as finance, healthcare, and telecommunications.
We’re looking for Software Engineers with Applied AI experience who can own the design, build, and deployment of agentic workflows powered by Large Language Models (LLMs), from early prototypes to production-grade AI agents, to deliver concrete business value in enterprise workflows.
You’ll work closely with customers on real-world business problems, often building first-of-their-kind agent workflows that integrate LLMs with tools, APIs, and data sources. While our pace is startup-fast, the bar is enterprise-high: agents must be reliable, observable, safe, and auditable from day one.
In This Role, You Will
Work closely with our enterprise customers to translate high-value, ambiguous business problems into well-framed agentic workflows with clear success criteria and evaluation methodologies
Lead the design, build, and delivery of LLM-powered agents that reason, plan, and act across tools, APIs, and sensitive enterprise data sources, with enterprise-grade reliability and performance
Build and ship features for North, our AI workspace platform, working across the full product lifecycle from conceptualisation through production
Take ownership of scoping and shaping use cases end-to-end, flexing into whatever technical area the problem demands (including frontend) to drive the most effective solution
Contribute to shared frameworks and patterns that enable consistent, high-quality delivery across customers and teams
Drive clarity in ambiguous situations, build alignment, and raise engineering quality across the organization
Travel up to 20–40% to work on-site with customers and partners
You May Be a Good Fit If
You have hands-on experience building and deploying production-grade software in Python; you write clean, testable, observable, scalable code
You've built and deployed highly performant RAG and agentic applications, including agents that plan and execute multi-step tasks using patterns like ReAct or Plan-and-Execute
You're deeply familiar with the LLM stack: frontier models, vector databases, and orchestration frameworks
You have a proven ability to build robust evaluation frameworks, moving well beyond trial and error, to measure agent accuracy, safety, and latency
You’re experienced working directly with customers and can lead technical discussions with enterprise stakeholders, translating ambiguous business needs into concrete technical specs
You have experience owning the full scope of a use case end-to-end
You thrive in fast-paced and ambiguous environments and can execute well even when priorities are shifting
It's a Bonus If You Have
Experience setting architectural standards for AI and agentic systems across distributed teams
Experience flexing into unfamiliar technical areas, such as frontend, when the problem calls for it
Exposure to regulated or sensitive industry environments (finance, healthcare, telecoms)
Experience with enterprise security, compliance, or auditability requirements for AI systems
Full-Time Employees At Cohere Enjoy These Perks
A weekly lunch stipend of $75/£75 or equivalent in your local currency for lunch.
Full health and dental benefits, including a separate budget for mental health.
RRSP matching, 401K, Pension Scheme.
100% Parental Leave top-up for up to 6 months, for either parent.
Annual enrichment benefits:
Arts & culture, fitness/wellness, quality time, and a workspace improvement credit.
Education & learning stipend for conferences, courses, and coaching.
6 weeks of paid vacation (30 working days!)
Budget for traveling to other offices if you are remote, plus an annual company offsite.
How And Where We Work
Cohere is remote-friendly, but we also have offices in Toronto, London, New York City, San Francisco, Montreal, Paris, Berlin and Seoul with more opening soon.
For those in the office: a daily lunch program, plenty of snacks, and regular community and social events.
For those not near an office: a co-working benefit so you can work alongside others in your city.
Everyone receives a $500 home office stipend to set up your workspace properly.
If any of the above doesn’t line up exactly with your experience, we still encourage you to apply.
We strive to create an inclusive work environment for all; we welcome applicants from all backgrounds and are committed to providing equal opportunities. Should you require any accommodations during the recruitment process, please submit an Accommodations Request Form, and we will work together to meet your needs.
We may use AI-enabled tools to screen and assess applicants against the criteria for this position. This helps our recruiters identify potentially qualified candidates, but it doesn't limit the applications our recruiters may review or consider.
Beware of Scams: Cohere will never ask for payment or third-party services (e.g., CV writing) as part of our hiring process. All legitimate roles are listed on the Cohere careers page and LinkedIn only, with all communications from Cohere employees coming from an @cohere.com or @cw.cohere email alias. If jobs are viewed on other sites then please verify these through our
official careers
page.
Show more
Show less",Not Applicable,Full-time,Engineering and Information Technology,Software Development
4446213748,Lead Machine Learning Engineer,Be-IT,"Glasgow, Scotland, United Kingdom",1 day ago,2026-08-08,https://uk.linkedin.com/jobs/view/lead-machine-learning-engineer-at-be-it-4446213748,"This business has never run machine learning in production. This is the role that changes that, and it starts on the single highest-value optimisation problem they have.
It's a physical manufacturing process where getting the settings right first time, instead of running it again, saves material, energy and time at very large scale. Today that judgement sits with a handful of specialists. You'd build the ML capability that supports and extends it, from data pipeline and training workflow through to serving, monitoring and the standards every model that follows will be held to.
You'll begin with no ML platform, no playbook, no team to slot into. You define all of it. The data involved is also the company's most sensitive IP, so everything runs inside a closed perimeter with no external egress, and that constraint shapes how you build from day one.
What this needs:
You're senior enough to be the last word on ML decisions here, because there's no ML lead above you to escalate to and the calls are yours to make.
You've taken a model from proposal to production and measured the business impact, so you'll understand why this starts with offline validation, then shadow mode, then a controlled live trial, and why research-only experience won't carry it.
You've built a capability from nothing before, because a defined problem with no existing scaffolding either energises you or unsettles you, and this role needs the former.
Remote, with 1-2 days a month on-site in Scotland. Outside IR35, 12+ months project.
Show more
Show less",Mid-Senior level,Contract,Information Technology,Software Development and Data Infrastructure and Analytics
4446827880,Senior Platform Engineer (Remote UK Only),Partnerize,"Edinburgh, Scotland, United Kingdom",1 week ago,2026-07-29,https://uk.linkedin.com/jobs/view/senior-platform-engineer-remote-uk-only-at-partnerize-4446827880,"Who We Are
At Partnerize, we're on a mission to transform the way businesses grow. We've built the leading partnership automation platform that empowers brands to discover, engage, and convert their audiences at scale. From affiliate marketing to influencer collaborations, we help our clients build and manage profitable partnerships that drive real results. We're a team of passionate problem-solvers who are dedicated to helping our clients win in the ever-evolving world of digital marketing.
Why Join Us
We're looking for passionate, talented people who want to be part of a winning team. At Partnerize, you'll find a culture of collaboration, innovation, and respect. We're guided by our core values, and we're committed to creating an environment where everyone can do their best work. We also offer a competitive salary, generous benefits, and a flexible work environment that allows you to thrive both personally and professionally. If you're ready to grow your career and make a difference, we'd love to hear from you.
About The Role
We're looking for a Senior Platform Engineer to join our engineering team and champion the deployment architecture that drives our platform maturity. You'll be embedded within our engineering teams, optimizing day-to-day delivery across our on-premise estate while acting as the key engineering stakeholder to help shape, configure, and roll out our new Kubernetes platform, modernising how we deploy and scale workloads.
This is a hands-on role with real impact. You won't be rubber-stamping tickets; you'll have true autonomy over our CI/CD pipelines, automated guardrails, and migration strategies, shaping how engineering safely and rapidly ships value to production.
What You'll Be Doing
BAU & Platform Stability
Utilise and contribute to Ansible-based deployment automation to facilitate seamless product feature releases, adhering to established TechOps peer-review processes.
Monitor application-level health within the cluster, collaborating with TechOps on incident response and driving post-mortems for engineering-led deployments.
Maintain clear documentation, deployment runbooks, and developer self-service guides to streamline the engineering onboarding and release processes.
Kubernetes
Represent Engineering as a key stakeholder in platform design: Collaborate with TechOps to shape engineering self-service workflows, guardrails, and standards. This includes contributing requirements for Kubernetes primitives (such as Gateway API, RBAC, admission controllers, and resource policies) to ensure engineering teams can move fast safely, without compromising core platform stability.
Standardise application-level configurations: Work alongside TechOps to establish clear engineering standards within the namespaces for ingress, RBAC, namespacing strategy, and secrets management.
Drive phased application migrations: Partner with engineering teams to containerise and migrate existing workloads to Kubernetes, starting with non-critical environments to establish confidence before moving business-critical systems.
Build robust deployment pipelines: Establish CI/CD workflows for Kubernetes-based deployments (using Helm, Kustomize, ArgoCD, or similar) with automated guardrails to ensure fast, repeatable, and safe code delivery.
Implement application observability: Set up application-level metrics, logging, and alerting within the namespaces, ensuring engineering teams have the visibility they need to monitor workload health.
Create developer self-service documentation: Document deployment runbooks, manifest templates, and best practices so that engineers can onboard and self-serve safely within the established guardrails.
What We're Looking For
Must-Have
Strong interpersonal and communication skills
: we're a people-first culture where teamwork is paramount. On highly technical projects with many moving parts, the ability to collaborate openly, communicate clearly, and bring people with you is just as important as technical ability
Strong, demonstrable experience with Ansible: roles, inventories, vault, idempotency, the lot
Comfortable with Docker and Docker Compose in production environments
Understanding of networking fundamentals
Strong scripting ability: Bash and Python
Experience with GitOps tooling: ArgoCD or Flux
Experience with observability tooling (Prometheus, Grafana, Loki, Alertmanager or equivalent)
Ability to think creatively within constraints and plan pragmatically around them: our stack is real-world, not greenfield-perfect, and we need someone who can deliver iteratively, working with what exists today while roadmapping towards the ideal state
A methodical, security-conscious approach
Nice-to-Have
Familiarity with Helm chart authoring and management
Experience with infrastructure-as-code tools such as Terraform (even in an on-prem context)
Experience with secrets management tooling (HashiCorp Vault, Sealed Secrets, External Secrets Operator)
Prior experience in a role where you balanced greenfield work alongside BAU responsibilities
The Kind of Person We're After
You're comfortable being the person engineering teams come to when something's on fire, and you're also comfortable saying ""let me schedule that properly"" when it isn't
You can hold your own in a conversation with a software engineer, a network engineer, and senior leadership even if they all want different things
You write things down. Runbooks and diagrams: you treat documentation as part of the job, not an afterthought
You have opinions about how things should be done, but you're pragmatic; you know when to pick the right tool vs. the perfect tool
Autonomously drive outcomes
: we're looking for people who demonstrate intent and take initiative, not those who wait to be told what to do next
What We Offer
True ownership of the delivery lifecycle: The autonomy to shape how we ship code, build pipelines, and automate guardrails, moving entirely away from manual ticket execution.
A pivotal role in our cloud-native transformation: The opportunity to act as the key engineering stakeholder shaping our migration to Kubernetes, partnering closely with TechOps to build a modern, scalable platform.
A progressive engineering culture: A collaborative, forward-thinking team that values automation, continuous improvement, and building modern delivery standards.
We welcome applications from candidates who don't tick every box. If you've got strong Ansible and Kubernetes experience and the right mindset, we'd love to hear from you.
UK Benefits & Perks
25 days holiday in addition to bank holidays
Enhanced Parental Leave: 6 months full pay for birth parent, 4 weeks non-birth parent at full pay after one year employment
5 extra 'Partnerize Parental Days' each year
Private Medical and Dental Insurance
Enhanced pension contributions
Cycle to Work scheme
Eye Care Vouchers
Life Assurance
Enhanced Wellness Program including access to EAP, Wellness Coaching & Wellness Programs
Regular company events and activities
Our Commitment to Diversity & Inclusion
We are committed to attracting, developing, and advancing our outstanding team members, regardless of race, ethnic identity, sexual orientation, religion, age, gender, gender identity, physical abilities, or any other dimension of diversity. We strive to foster an environment where people can be their authentic selves, raise concerns and innovate, all without fear; where they are treated fairly and respectfully, have equal access to opportunities and resources and can contribute fully to the organization’s success. Every individual in our business is expected to live this commitment without exception.
Privacy and data protection
. The data collected as part of this application will be used for the recruitment process and any subsequent employment. You can find further information in Partnerize privacy policy here: https://partnerize.com/privacy-policy/
Notice to Recruiters and Staffing Agencies:
To protect the interests of all parties, Partnerize will not accept unsolicited resumes from any source other than directly from a candidate or an approved vendor that has a written and signed agreement in place with Partnerize. Please do not contact or forward resumes to our company employees or locations. Any unsolicited resumes will be considered Partnerize property. Partnerize is not responsible for any charges or fees related to unsolicited resumes.
Show more
Show less",Mid-Senior level,Full-time,Engineering,Advertising Services
4422190905,Data and AI Modeller / Analytics Engineer,RES,"Glasgow, Scotland, United Kingdom",3 days ago,2026-08-06,https://uk.linkedin.com/jobs/view/data-and-ai-modeller-analytics-engineer-at-res-4422190905,"Description
Data and AI Modeller / Analytics Engineer
Make Power for Good
RES is the world's largest independent renewable energy company. Our mission is simple: a future where everyone has access to affordable, zero-carbon energy. The problems we're solving are among the most important of our generation — and the people working on them are extraordinary.
This is a rare opportunity to join a newly created global role within a growing central data and analytics team. If you want to build the data foundation that the whole business depends on — at global scale, using cutting-edge AI and data tooling — read on.
The Role
As Data and AI Modeller / Analytics Engineer, you'll own the design and build of RES's governed, reusable global data models — translating enterprise data into the business-ready dimensions, facts, and metrics that power consistent reporting, self-service analytics, and AI/ML at scale.
This is a hands-on technical role that sits at the intersection of data engineering, business intelligence, and artificial intelligence. You'll work across gold layer models, semantic models and AI-ready data products in Microsoft Azure Fabric — and you'll actively use LLMs, machine learning, and generative AI both as tools in your own workflow and as capabilities you enable for the rest of the business. The quality of your dimensional and semantic models determines the quality of every AI output, every dashboard, and every business decision that flows from RES's data platform.
What You'll Do
Design and build governed gold layer models/dimensional and semantic models, and certified data products.
Design models that support self-service analytics, natural language querying, and AI consumption — documenting metric definitions, calculation rules, filters, and caveats so outputs can be safely used by both people and AI tools.
Translate business rules, KPI definitions, and reporting logic into trusted, reusable metric logic; ensure consistency across dashboards, reports, and AI-enabled tools.
Own version control, testing, documentation, and governance of semantic models and metric definitions; identify and replace duplicate, conflicting, or ungoverned metrics with controlled enterprise definitions.
Apply retrieval-augmented generation (RAG) principles to data product design, enabling AI tools to retrieve accurate, contextualised metric definitions and business logic for queries.
Use LLMs and prompt engineering to accelerate model documentation, metric definition drafting, data lineage annotation, and consistency checking across large model libraries.
Stay current with how LLM tooling and agentic AI frameworks consume structured data — and shape RES's semantic layer to be AI-ready as these capabilities evolve.
Produce feature-ready datasets and ML-optimised data products that data scientists and AI engineers can consume directly.
Work with executives, business domain leads, and senior IT stakeholders to understand data and model requirements and translate them into agreed, future-proof data models. Leadworking groups and regularly present to senior executive stakeholders, negotiating and influencing and building strong partnerships across the globe.
Partner with data engineers and architects on upstream transformations, data quality, lineage. Collaborate with governance, architecture, system owners, and cyber teams to align models..
Support migration and rationalisation of existing models.
Apply Python, SQL, and DAX to build and maintain analytical data products and calculation logic.
Use automation tooling — such as Power Platform, Power Automate, or equivalent — to streamline modelling workflows and reduce manual effort.
What You'll Bring
Data modelling — deep expertise in physical, logical, semantic and dimensional modelling within enterprise architecture.
Azure Fabric & Microsoft stack — hands-on experience with Microsoft Fabric, Power BI, Azure Synapse, and associated consumption patterns.
SQL and DAX — advanced proficiency for data transformation, metric calculation.
LLMs and generative AI — practical experience designing data products and dimensional models for LLM consumption; understanding of RAG architectures, prompt engineering, and AI answer risk in an analytics context.
ML enablement — experience producing feature-ready datasets, understanding of ML pipeline data requirements, and ability to collaborate effectively with data scientists and AI engineers.
KPI governance — strong understanding of metric definition, business rules, and calculation logic across multiple products and source systems.
Data quality & observability — experience embedding data quality, lineage, and traceability into modelling workflows.
AI answer risk — working knowledge of how LLMs and AI tools can fail when consuming poorly governed data; ability to design models that reduce these risks.
Stakeholders — able to articulate complex modelling and AI concepts to executive and non-technical audiences; comfortable working as a global lead with significant autonomy. Chair working groups and regularly present to senior executive stakeholders, negotiate, influence and direct outcomes and high value products.
Automation and scripting — Python and/or automation tooling (such as Power Platform or equivalent) applied to modelling and analytics workflows.
Your Background
Essential
Degree in data analytics, data science, computer science, or a related discipline — or equivalent hands-on experience.
Significant experience in analytics engineering and dimensional/semantic modelling, with evidenced outcomes — including executive-adopted models, measurable efficiency savings, and reduced duplicated logic.
Proven delivery of reusable data layers that enabled self-service reporting across multiple systems and global domains.
Advanced SQL and DAX; strong command of dimensional modelling.
Experience with Microsoft Fabric and Azure data platform components.
Practical experience designing data products for LLM, generative AI, or ML consumption — including an understanding of how AI tools consume structured data and where they can fail.
Strong experience working with senior business and IT stakeholders to define and govern enterprise metrics.
Track record of working with senior stakeholders to translate complex data into clear and prioritised requirements and products that drive business decisions. Able to chair working groups and regularly present to senior executive stakeholders with strong negotiating and influencing skills.
Experience with global data standardisation — harmonising definitions, taxonomies, and formats across regions.
Desirable
Experience with RAG architectures and agentic AI frameworks in a data or analytics context.
Hands-on experience working alongside data scientists on ML feature engineering or model pipeline design.
Why RES?
A genuinely global remit — you'll be the modelling lead for a data platform used across a worldwide renewable energy business.
Work at the intersection of data, BI, and AI — a rare role where your models directly determine the quality of every AI output, ML model, and executive dashboard across the business.
A modern, cloud-first stack — Azure, Fabric, Synapse, and active investment in AI tooling.
A collaborative, growing data function with real scope to shape how analytics and AI evolves at RES.
Join a brand new, agile, global data and analytics team at the heart of AI, innovation, Next Gen technology and driving innovation for competitive advantage for RES.
You will have a diverse portfolio and be able to lead on many types of work, honing and developing strong skills in Artificial Intelligence to shape your future career at the forefront of the latest technologies.
A collaborative, cross-functional data function with architecture, AI, science, analytics, and engineering working closely together.
Competitive salary, benefits, and commitment to your professional development.
At RES, we celebrate differences as we know it makes our company a great place to work. Encouraging applicants with different backgrounds, ideas and points of view, we create teams who work together to solve complex problems and design practical solutions for our clients. Our multiple perspectives come from many sources including the diverse ethnicity, culture, gender, nationality, age, sex, sexual orientation, gender identity and expression, disability, marital status, parental status, education, social background and life experience of our people.
Show more
Show less",Associate,Full-time,Information Technology,Environmental Services
4443924873,Systems Research Engineer - Distributed Systems / C++,European Tech Recruit,"Edinburgh, Scotland, United Kingdom",2 weeks ago,2026-07-22,https://uk.linkedin.com/jobs/view/systems-research-engineer-distributed-systems-c%2B%2B-at-european-tech-recruit-4443924873,"Systems Research Engineer - Distributed Systems / C++
We are currently partnered with a globally leading research centre in the UK looking to expand their team with a Systems Research Engineer. This is an incredibly high calibre team reshaping how large-scale models are trained and served through next-generation AI-native infrastructure and ""super-node"" clusters.
This is a permanent opportunity based onsite in Edinburgh.
Key responsibilities for this Systems Research Engineer position:
Architect and implement distributed system components for AI workloads across CPU, GPU, and NPU clusters.
Conduct in-depth profiling and performance tuning of inference pipelines, focusing on KV cache management.
Develop low-latency, fault-tolerant AI serving frameworks using vLLM, Ray Serve, and PyTorch Distributed.
Research and prototype novel techniques for cache sharing, data locality, and resource orchestration.
Translate innovative designs into publishable contributions at top-tier venues (e.g., OSDI, NSDI, MLSys).
Collaborate with global research teams to drive the internal adoption of novel system architectures.
Key Requirements:
Preferably a PhD, at minimum a masters degree, in Computer Science, distributed systems, or related field.
Strong knowledge of Distributed Systems, OS internals, and Machine Learning systems architecture.
Hands-on experience with LLM serving frameworks (vLLM, Ray Serve, TensorRT-LLM, or TGI).
Proficiency in C/C++ for systems development and Python for research prototyping.
Solid grounding in distributed algorithms, load balancing, and state management.
Proven ability to conduct systems research, ideally evidenced by publications in top-tier conferences.
Keywords:
Systems Research Engineer / Distributed Systems / AI Infrastructure / LLM Serving / vLLM / KV Cache / Performance Optimization / Machine Learning Systems / C++ / Python / Ray Serve / PyTorch Distributed / Cloud Infrastructure
If you are interested in this Systems Research Engineer position, please send a copy of your CV to ts@eu-recruit.com
By applying to this role you understand that we may collect your personal data and store and process it on our systems. For more information please see our Privacy Notice https://eu-recruit.com/wp-content/uploads/2024/07/European-Tech-Recruit-Privacy-Notice-2024.pdf
Show more
Show less",Mid-Senior level,Full-time,"Research, Design, and Engineering","Research Services, Semiconductor Manufacturing, and Software Development"
4436407549,Senior/Staff Engineer - Computing Architecture,Axelera AI,"Scotland, United Kingdom",1 month ago,2026-07-02,https://uk.linkedin.com/jobs/view/senior-staff-engineer-computing-architecture-at-axelera-ai-4436407549,"About Us
Axelera AI is not your regular deep-tech startup. We are creating the next-generation AI platform to support anyone who wants to help advancing humanity and improve the world around us.
In just four years, we have raised a total of $370 million and have built a world-class team of 220+ employees (including 49+ PhDs with more than 40,000 citations), both remotely from 18 different countries and with offices in Belgium, France, Switzerland, Italy, the UK, headquartered at the High Tech Campus in Eindhoven, Netherlands.
We have also launched our Metis™ AI Platform, which achieves a 3-5x increase in efficiency and performance, and have visibility into a strong business pipeline exceeding $100 million.
Our unwavering commitment to innovation has firmly established us as a global industry pioneer.
Are you up for the challenge?
Position Overview
Axelera AI is seeking a talented
Senior/Staff Engineer – Computing Architecture
to design and develop the next generation of AI computing systems. In this critical role, you will work closely with hardware, software, and product teams to define architectural requirements, optimize system performance, and ensure scalability for our AI solutions.
As a Computing Architecture Engineer, you will contribute to the conceptualization, specification, and implementation of advanced computing architectures, enabling Axelera AI to deliver cutting-edge solutions that meet the demanding needs of our customers.
Key responsibilities:
Architecture Design: Define and develop computing architectures for AI accelerators.
Performance Optimization: Analyze and optimize computational workloads, ensuring low power consumption, high efficiency, and maximum performance for AI applications.
Technology Leadership: Drive innovation in architectural design by evaluating emerging technologies, industry trends, and academic advancements.
Cross-Functional Collaboration: Work with hardware, software, and product teams to translate system requirements into architectural solutions that balance performance, cost, and power.
System Modeling & Tooling Development: Develop simulation and modeling tools to validate architectural designs and predict system performance across target AI workloads.
Mentorship: Provide technical guidance and mentorship to junior engineers, fostering a culture of excellence and innovation within the team.
Qualifications
Essential:
Master’s or PhD in Computer Engineering, Electrical Engineering, or a related field.
5+ years of experience in computing architecture or system design, preferably within AI, semiconductor, or computing domains.
Strong expertise in AI accelerator designs, including neural processing units (NPUs) or graphics processing units (GPUs).
Proficiency in architectural modeling, simulation tools, and performance analysis frameworks.
Proficiency in Python or C++ programming with a strong understanding of language features and best practices.
Deep understanding of state-of-the-art AI inference workloads, algorithms, and dataflow.
Proven track record of delivering complex computing architectures from concept to implementation.
Strong communication and collaboration skills, with the ability to work in a multidisciplinary and global environment.
Additionally preferred:
Familiarity with the modern IC design flow from architecture to GDSII to communicate with silicon implementation stakeholders.
Familiarity with parallel programming models, e.g. via CUDA or similar APIs.
Hands-on experience with low-level programming close to hardware and understanding of computer system architecture basics.
Experience with AI compilation frameworks such as MLIR and/or TVM.
Location
We offer a flexible working arrangement, with options to:
Work from one of our Axelera AI offices (Leuven in Belgium, Amsterdam and Eindhoven in the Netherlands, Zurich in Switzerland, Florence and Milan in Italy or Bristol in the United Kingdom) if you're already based in the vicinity.
Work fully remotely from any European country (incl. the UK) you are already in.
Relocate with us and work from Italy (Florence or Milan) or the Netherlands (Amsterdam or Eindhoven).
Kindly note that priority will be given to candidates who are [interested in being] based in Belgium or Italy.
What We offer
This is your chance to shape and be part of a dynamic, fast-growing, international organization. We offer an attractive compensation package, including a pension plan, extensive employee insurances and the option to get company shares.
An open culture that supports creativity and continual innovation is awaiting you. Collaborative ownership and freedom with responsibility is characteristic for the way we act and work as a team.
At Axelera AI, we wholeheartedly embrace equal opportunity and hold diversity in the highest regard. Our steadfast commitment is to cultivate a warm and inclusive environment that empowers and celebrates every member of our team. We welcome applicants from all backgrounds to join us in shaping the future of AI.
Show more
Show less",Not Applicable,Full-time,Engineering and Information Technology,Semiconductor Manufacturing
4443035197,"Software Development Engineer, Intelligent Talent Acquisition - Lead Generation & Detection Services",Amazon,"Edinburgh, Scotland, United Kingdom",2 weeks ago,2026-07-21,https://uk.linkedin.com/jobs/view/software-development-engineer-intelligent-talent-acquisition-lead-generation-detection-services-at-amazon-4443035197,"Description
Do you want a role with deep meaning and the ability to make a major impact? As part of Intelligent Talent Acquisition (ITA), you'll have the opportunity to reinvent the hiring process and deliver unprecedented scale, sophistication, and accuracy for Amazon Talent Acquisition operations. ITA is an industry-leading people science and technology organization made up of scientists, engineers, analysts, product professionals and more, all with the shared goal of connecting the right people to the right jobs in a way that is fair and precise. Last year we delivered over 6 million online candidate assessments, and helped Amazon deliver billions of packages around the world by making it possible to hire hundreds of thousands of workers in the right quantity, at the right location and at exactly the right time. You’ll work on state-of-the-art research, advanced software tools, new AI systems, and machine learning algorithms, leveraging Amazon's in-house tech stack to bring innovative solutions to life. Join ITA in using technologies to transform the hiring landscape and make a meaningful difference in people's lives. Together, we can solve the world's toughest hiring problems.
We're seeking an exceptional Software Development Engineer to join our Lead Generation and Detection Services (LEGENDS) organization, where we're transforming the future of recruiting through innovative technology solutions. This role offers the exciting opportunity to work with a team driving the evolution of our existing services and pioneering new AI/ML-powered recruiting products. The team focuses on foundational data about the job ecosystem within Amazon. We own a knowledge-graph of key attributes used to power ML systems across the organization. You will have the opportunity to work on systems that scale across the entire recruiting experience and work closely with scientists to deliver world class ML solutions.
Key job responsibilities
We are looking for a software engineer who has strong technical abilities, a focus on the customer experience, great teamwork and communication skills, and a motivation to achieve results. You will work alongside applied and research scientists solving complex machine learning problems. Familiarity with Machine Learning lifecycle management, such as model training, validation, debugging tools, and analysis techniques would be ideal.
A day in the life
Your daily activities will range from writing code, reviewing requirements with the product team, or reviewing your peer's code. You'll work closely with product, scientists, and engineers assigned to a shared project focused on delivering value to our customers.
About The Team
The Lead Generation & Detection Services (LEGENDS) organization is a specialized organization focused on developing AI-driven solutions to enable fair and efficient talent acquisition processes across Amazon.
Our team focuses on building systems for engineering and science foundational systems used across the recruiting process. Our work encompasses capabilities across the entire talent acquisition lifecycle, including role creation, recruitment strategy, sourcing, candidate evaluation, and talent deployment. The focus is on utilizing state-of-the-art solutions using Deep Learning, Generative AI, and Large Language Models (LLMs) for recruitment at scale that can support immediate hiring needs as well as longer-term workforce planning for corporate roles.
Basic Qualifications
Experience (non-internship) in professional software development
Experience programming with at least one modern language such as Java, C++, or C# including object-oriented design
Experience designing or architecting (design patterns, reliability and scaling) of new and existing systems
Experience with full software development life cycle, including coding standards, code reviews, source control management, build processes, testing, and operations
Preferred Qualifications
Bachelor's degree in computer science or equivalent
Experience in machine learning, data mining, information retrieval, statistics or natural language processing
Amazon is an equal opportunities employer. We believe passionately that employing a diverse workforce is central to our success. We make recruiting decisions based on your experience and skills. We value your passion to discover, invent, simplify and build. Protecting your privacy and the security of your data is a longstanding top priority for Amazon. Please consult our Privacy Notice (https://www.amazon.jobs/en/privacy_page) to know more about how we collect, use and transfer the personal data of our candidates.
Amazon is an equal opportunity employer and does not discriminate on the basis of protected veteran status, disability, or other legally protected status.
Our inclusive culture empowers Amazonians to deliver the best results for our customers. If you have a disability and need a workplace accommodation or adjustment during the application and hiring process, including support for the interview or onboarding process, please visit https://amazon.jobs/content/en/how-we-hire/accommodations for more information. If the country/region you’re applying in isn’t listed, please contact your Recruiting Partner.
Company
- Amazon Development Centre (Scotland) Limited
Job ID: A10470055
Show more
Show less",Mid-Senior level,Full-time,"Research, Science, and Engineering",Software Development
4433081984,Senior Platform Engineer,Encompass Corporation,"Glasgow, Scotland, United Kingdom",3 days ago,2026-08-06,https://uk.linkedin.com/jobs/view/senior-platform-engineer-at-encompass-corporation-4433081984,"Department:
Engineering
Location:
Glasgow
Description
Encompass enables fast, accurate identity validation and verification of corporate customers, and a gold standard approach to KYC. Our award-winning corporate digital identity (CDI) platform incorporates real-time data and documents from authoritative global public data sources and private customer information, to create and maintain digital risk profiles.
Utilizing the expertise of a global transformation team of KYC and banking industry experts, as well as strategic data, technology and consulting partnerships, enables seamless integration of Encompass into existing workflows and systems. With Encompass the world’s leading banks improve customer experience and increase business opportunities through consistent regulatory compliance and risk mitigation.
With offices in Amsterdam, Glasgow, London, New York, and Sydney, we are a rapidly growing international company offering a chance to be part of our success - read on if you think you’re up for the challenge
About the role
We’re building a modern Platform Engineering team focused on creating self-service, scalable platforms that empower developers and accelerate delivery. This isn’t about “doing DevOps” for others; it’s about engineering resilient systems, improving developer experience, and enabling teams through automation and architecture.
As a Senior Platform Engineer, you’ll lead the design, implementation, and evolution of complex infrastructure projects that power our engineering teams and products. You’ll drive large-scale initiatives independently, mentor others, and shape the future of our platform strategy. Success isn’t measured by uptime alone; it’s about adoption, developer satisfaction, and reducing cognitive load.
What You’ll Do· Architect and lead complex platform projects from design to deployment.
· Enable engineering teams with robust CI/CD capabilities through reusable patterns, automation, and security-first practices.
· Design scalable infrastructure using Infrastructure as Code and config management tools.
· Build and optimize cloud-native architectures across multiple cloud providers with cost efficiency in mind.
· Engineer containerized environments with advanced orchestration, networking, and security.
· Deliver internal platforms and self-service capabilities that improve developer experience and reduce friction.
· Implement observability stacks—metrics, logs, traces, and proactive alerting for reliability.
· Champion security and compliance across infrastructure and delivery pipelines.
· Architect secure, scalable networking solutions for hybrid and cloud environments.
· Drive continuous improvement through automation, scripting, and tooling.
· Lead and mentor engineers, foster collaboration, and influence technical direction.
· Troubleshoot complex issues, optimize performance, and plan for capacity at scale.
Skills, Knowledge and Expertise
· Deep expertise in CI/CD, automation, and pipeline architecture.
· Mastery of IaC tools (e.g., Terraform, Pulumi) and config management (e.g., Ansible, Chef).
· Strong AWS architecture skills and cost optimisation strategies
· Advanced containerization and orchestration experience (Docker, Kubernetes, etc.).
· Proficiency in observability tools (Prometheus, Grafana, ELK, OpenTelemetry).
· Security-first mindset with hands-on experience in access control, encryption, and incident response.
· Solid networking knowledge - protocols, routing, firewalls, and cloud networking.
· Experience integrating and optimizing software delivery ecosystems (Git, Artifactory, Jenkins) as part of a cohesive platform strategy.
· Strong scripting and automation skills (Python, Bash, Go, etc.).
· Proven leadership, mentoring, and stakeholder communication skills.
· A knack for solving hard problems and making systems better.
· You’ll help shape the future of our infrastructure and the team itself.
We offer a rewarding and challenging place to work, a transparent and collaborative culture and a well rounded benefits package. Below are some of what we currently offer:
Participation in our industry leading share options scheme
Private Medical Plan
20 days a year Work From Anywhere policy for all staff
Flexible-first working policy
Enhanced annual, personal and parental leave schemes.
Paid volunteering leave programme
Employer recognition and employee assistance programmes
Equal Opportunities
We are committed to fostering a diverse and inclusive workplace where everyone feels valued and empowered to thrive. We welcome applications from individuals of all backgrounds, regardless of race, ethnicity, gender, sexual orientation, age, disability, religion, or any other protected characteristic.
If you require any adjustments during the recruitment process to ensure an equitable experience, please let us know.
Join us in creating an environment where everyone can contribute their best work.
*Please note, we are not looking for agency assistance on these roles and will not accept any speculative CVs shared.
Show more
Show less",Mid-Senior level,Full-time,Engineering and Information Technology,"Technology, Information and Internet"
4443621264,Grid Insights Architect,Analog Devices,"Edinburgh, Scotland, United Kingdom",1 week ago,2026-07-28,https://uk.linkedin.com/jobs/view/grid-insights-architect-at-analog-devices-4443621264,"About Analog Devices
Analog Devices, Inc. (NASDAQ: ADI) is a global semiconductor leader that bridges the physical and digital worlds to enable breakthroughs at the Intelligent Edge. ADI combines analog, digital, AI, and software technologies into solutions that combat climate change, reliably connect humans and the world, and help drive advancements in automation and robotics, mobility, healthcare, energy and data centers. With revenue of more than $11 billion in FY25, ADI ensures today's innovators stay Ahead of What's Possible. Learn more at www.analog.com and on LinkedIn and X.
The Energy Business Unit
The Energy Business Unit develops cutting-edge sensing and algorithmic solutions for modern electrical infrastructure. We focus on transforming raw data from distribution grid assets into actionable intelligence to enable a more reliable, efficient, and resilient power system, accelerating global goals of decarbonization and low-cost energy for everyone.
Role Overview
We are seeking a highly experienced algorithm engineer and leader (Principal Engineer) to help shape and execute on next-generation grid intelligence solutions. This is a hands-on technical leadership role with a clear pathway toward broader leadership responsibilities.
The ideal candidate combines deep knowledge of power systems with advanced expertise in signal processing and machine learning, has experience across an entire algorithm development and deployment pipeline, from first idea and proof-of-concept through to deployment across complex distributed systems, and is an excellent communicator capable of bridging the gaps between stakeholders at multiple organization levels and of varied backgrounds.
What You’ll Do
Own and drive the design and development of advanced algorithms for power system monitoring and grid analytics (e.g., transformers, asset health, and condition monitoring)
Develop signal processing and machine learning techniques to extract actionable insights from real-world sensor data.
Architect and deploy solutions across the Edge-to-Cloud stack, including implementation on resource-constrained and embedded platforms
Lead end-to-end solution development, from modelling and simulation through to validation and production deployment.
Influence product and technology strategy through deep domain expertise and technical leadership.
Collaborate with cross-functional teams (hardware, firmware, data, applications) to translate innovations into scalable products
Engage with grid equipment OEMS, utilities, industry partners, and stakeholders to ensure solutions address real-world challenges
Mentor engineers and contribute to building a high-performance team, with opportunity to grow into broader leadership roles
What You’ll Bring
Strong background in Power Systems Engineering, including modelling of grid assets (e.g. transformers, distribution systems)
Deep expertise in Signal Processing and Machine Learning, with proven application to real-world data
Experience deploying solutions across Edge and Cloud architectures, particularly in constrained or embedded environments
Excellent communication skills and ability to influence and reason across technical and non-technical stakeholders and requirements
Proven ability to translate models and algorithms into production systems
Strong programming and modelling experience (e.g. Python, MATLAB/Simulink, or embedded environments)
Experience working with sensor data and physical system modelling (digital twins)
Required Experience
A Ph.D. degree in Electrical Engineering, Computer Science, Power Systems, Mathematics, Physics, or a related field (equivalent experience will be accepted)
A minimum of 6 years’ experience post-PhD (12 years post bachelors degree) with development and deployment experience of practical algorithms in production systems,
Leadership skills, as proven by a record of increasing responsibility in technical leadership and management
Communication skills, as proven by a record of technical talks and influence in a technical field,
Innovation skills, as proven by a record of patents and/or technical publications demonstrating novelty and the ability to think creatively.
Preferred Experience
Condition monitoring or predictive maintenance in energy systems
Industrial IoT, distributed sensing, or grid analytics platforms
Demonstrated experience scaling prototypes into production deployments
Demonstrated early leadership experience or strong motivation to grow into leadership
Availability to travel to customers and partners (10% of time)
Why Join ADI
Join ADI’s Energy Business Unit and contribute to building intelligent systems that enable the transition to a more resilient and sustainable power grid. You will work at the intersection of advanced sensing, algorithms, and real-world infrastructure, delivering solutions with tangible global impact.
For positions requiring access to technical data, Analog Devices, Inc. may have to obtain export licensing approval from the U.S. Department of Commerce - Bureau of Industry and Security and/or the U.S. Department of State - Directorate of Defense Trade Controls. As such, applicants for this position – except US Citizens, US Permanent Residents, and protected individuals as defined by 8 U.S.C. 1324b(a)(3) – may have to go through an export licensing review process.
Analog Devices is an equal opportunity employer. We foster a culture where everyone has an opportunity to succeed regardless of their race, color, religion, age, ancestry, national origin, social or ethnic origin, sex, sexual orientation, gender, gender identity, gender expression, marital status, pregnancy, parental status, disability, medical condition, genetic information, military or veteran status, union membership, and political affiliation, or any other legally protected group.
Job Req Type: Experienced
Required Travel: Yes, 10% of the time
Shift Type: 1st Shift/Days
Show more
Show less",Not Applicable,Full-time,"Design, Art/Creative, and Information Technology",Semiconductor Manufacturing
4446044756,Lead Consultant,Nine Twenty Recruitment,"Glasgow, Scotland, United Kingdom",1 week ago,2026-07-29,https://uk.linkedin.com/jobs/view/lead-consultant-at-nine-twenty-recruitment-4446044756,"Lead Power Platform Consultant
Remote | UK (London commute as required by client) | Full-Time
About the Role
Our client is a fast-growing Microsoft Partner operating at the forefront of AI enablement and intelligent business transformation. They work with enterprise clients across the UK to deploy practical AI solutions, build internal capability, and drive measurable business outcomes across the full Microsoft AI stack. As they continue to scale their delivery function, they are looking for a Lead Power Platform Consultant to own the technical direction of their Power Platform practice and act as the senior authority across delivery, architecture and client strategy, including within financial services accounts.
This is a senior, client-facing leadership role where you will set the technical standards for how Power Apps, Power Automate, Power BI and Copilot Studio are delivered across the business, while directly leading the consultants and developers who build them. The role is remote-first, but you'll need to be able to travel to London when client engagements require it.
Key Responsibilities
Own the technical strategy and architecture standards for the Power Platform practice, ensuring solutions are consistent, scalable and enterprise-grade across all client engagements.
Act as the senior escalation point and trusted advisor for key clients, including financial services accounts, on complex or high-risk delivery decisions.
Lead the design and architecture of the most complex client solutions across Power Apps, Power Automate, Power BI and Dataverse.
Line-manage and develop a team of Power Platform Consultants and Developers, owning career progression, technical upskilling and delivery quality across the team.
Architect and govern integration strategy between Power Platform, Microsoft 365, Dynamics 365 and third-party systems via APIs and connectors.
Set direction on the adoption of Copilot Studio and AI-powered workflows across client engagements, staying ahead of the practice on capability and best practice.
Own delivery governance, including ALM strategy, environment management and deployment standards, across the wider team.
Lead pre-sales activity for Power Platform engagements, including solution scoping, technical proposals and client pitches.
Represent the Power Platform practice in internal leadership discussions, contributing to hiring, delivery frameworks and the wider AI enablement roadmap.
Own and evolve internal accelerators, reusable component libraries and best-practice frameworks across the practice.
Skills & Experience
Extensive, demonstrable leadership experience across Power Apps (Canvas and Model-Driven), Power Automate and Power BI, gained within a consultancy or Microsoft Partner environment.
Proven experience leading or managing a team of Power Platform professionals, including technical mentoring and career development.
Deep expertise in Dataverse, data modelling, and enterprise-grade Power Platform governance and security.
Strong track record integrating Power Platform solutions with Microsoft 365, Azure and external systems via REST APIs and custom connectors.
Significant experience with Copilot Studio or AI Builder, with the credibility to set direction on their use across a practice.
Strong command of ALM practices, including solution management, environment strategy and deployment pipelines, at a governance level.
Financial services experience is beneficial, given the client base this role will support.
Comfortable owning senior client relationships, pre-sales conversations and escalation management across multiple concurrent projects.
Able to travel to London as required by client engagements, alongside a primarily remote working pattern.
What We're Looking For
A senior leader who combines strong technical credibility with the ability to manage and grow people.
A confident, polished communicator who can operate comfortably at C-suite and senior stakeholder level.
Someone with a genuine passion for AI and the Microsoft ecosystem, capable of shaping how Copilot and agent-based delivery evolves across the practice.
A natural coach and mentor, invested in building the capability of the wider team.
Commercially aware, comfortable contributing to proposals, pricing conversations and practice growth.
Desirable Skills & Qualifications
Microsoft certifications such as PL-200, PL-400 or PL-600.
Experience with Azure services including Logic Apps, Azure Functions or Azure OpenAI.
Strong exposure to Dynamics 365 and its integration with the Power Platform.
Background in software development with knowledge of JavaScript, TypeScript or C#.
Prior leadership experience within an AI consultancy, Microsoft Partner or managed service environment, ideally supporting financial services clients.
If your interested feel free to reach out jharding@weareninetwenty.com
Show more
Show less",Mid-Senior level,Full-time,Information Technology,IT Services and IT Consulting
4448644035,DC Pensions Investment Consultant,Mercer,"Edinburgh, Scotland, United Kingdom",5 days ago,2026-08-03,https://uk.linkedin.com/jobs/view/dc-pensions-investment-consultant-at-mercer-4448644035,"Mercer is seeking a DC Pensions Consultant to join our specialist team in the delivery of DC pension services to a large portfolio of clients. Mercer has one of the largest fully integrated group of DC experts in the UK (including governance, scheme design, investment consultants, provider and technical researchers and technicians).
This exciting growth area of Mercer’s UK business is a key strategic focus and delivers both successful pension and savings solutions for clients and career opportunities for our talented colleagues. Our collaborative culture within the team drives and naturally promotes our successful growth of winning new business and maintaining strong existing relationships.
This is a hybrid role, with a requirement to work at least three days per week in the office, offering the opportunity to collaborate closely with a highly experienced and supportive team while also benefiting from flexible working. This role can be based in either our
London
,
Manchester
,
Leeds,
Bristol
,
Birmingham
or
Edinburgh
offices.
We will count on you to:
Serve as a lead investment consultant on mid-size to large clients delivering and promoting our services
Provides support to lead consultant on our largest and more complex clients
Review work produced by analysts and junior consultants using Mercer software/tools
Role may include wider client relationship management for some clients
Manage budgets and commercial relationships with clients
Provide support and advise internal Mercer teams regarding defined contribution investments
Have responsibility for proactive revenue generation of existing clients and aim to extend the range of services provided by other lines of business as appropriate
What you need to have:
Proven DC Pensions consulting experience
Ability to develop excellent working relationships with colleagues, clients and provider contacts at all levels
Client relationship management
CFA or studying towards CFA
What makes you stand out?
Trust based DC Pensions Consulting experience
Project management experience
Mercer is a business of Marsh (NYSE: MRSH), a global leader in risk, reinsurance and capital, people and investments, and management consulting, advising clients in 130 countries. With annual revenue of over $27 billion and more than 95,000 colleagues, Marsh helps build the confidence to thrive through the power of perspective. For more information about Mercer, visit mercer.com, or follow us on LinkedIn and X.
Marsh is committed to embracing a diverse, inclusive and flexible work environment. We aim to attract and retain the best people and embrace diversity of age background, civil partnership status, disability, ethnic origin, family duties, gender orientation or expression, gender reassignment, marital status, nationality, parental status, personal or social status, political affiliation, race, religion and beliefs, sex/gender, sexual orientation or expression, skin color, or any other characteristic protected by applicable law. We are an equal opportunities employer. We are committed to providing reasonable adjustments in accordance with applicable law to any candidate with a disability to allow them to fully participate in the recruitment process. If you have a disability that may require reasonable adjustments, please contact us at reasonableaccommodations@marsh.com.
Marsh is committed to hybrid work, which includes the flexibility of working remotely and the collaboration, connections and professional development benefits of working together in the office. All Marsh colleagues are expected to be in their local office or working onsite with clients at least three days per week. Office-based teams will identify at least one “anchor day” per week on which their full team will be together in person.
R_354460
Show more
Show less",Not Applicable,Full-time,Finance and Sales,Insurance and Business Consulting and Services
4444449576,Solutions Architect,Harvey Nash,"Edinburgh, Scotland, United Kingdom",3 days ago,2026-08-05,https://uk.linkedin.com/jobs/view/solutions-architect-at-harvey-nash-4444449576,"Solution Architect
Leading Financial Services Organisation | Global Role | Significant Transformation Agenda
If you're a Solution Architect who enjoys solving complex business problems, influencing technology direction, and working at enterprise scale, this is an opportunity worth exploring.
We're partnered with a leading global Financial Services organisation seeking a Solution Architect to join a high-performing architecture function responsible for shaping the future of a business that supports millions of customers, investors and corporate stakeholders worldwide.
This is a genuinely broad role, offering the chance to work across a diverse technology estate spanning customer-facing platforms, core business applications, data services, integrations and cloud technologies. You'll partner with senior business and technology leaders to turn strategic objectives into practical, scalable, secure solutions that deliver real business value.
Rather than simply reviewing designs, you'll play a key role in driving technology decisions, influencing roadmaps, reducing complexity, modernising legacy platforms and helping shape the long-term architecture strategy of a globally recognised organisation.
What you'll be doing
Leading solution architecture across major technology initiatives and business-critical programmes
Shaping future-state platforms, application landscapes and technology roadmaps
Working closely with product, engineering, infrastructure and business teams to define solution approaches
Driving modernisation and cloud adoption strategies
Promoting architectural best practice, governance and reusable design patterns
Acting as a trusted advisor to stakeholders, helping navigate complex technical and commercial decisions
Supporting a business at the heart of shareholder, governance and corporate administration services
What we're looking for
Proven experience as a Solution Architect within a complex enterprise environment
Strong background designing large-scale applications, platforms and integrations
Experience with cloud technologies and modern architecture patterns
Knowledge of APIs, integration services, data flows and enterprise application ecosystems
Ability to engage and influence both technical and non-technical stakeholders
Experience delivering architecture across large transformation or modernisation programmes
Financial Services experience would be beneficial but is not essential
Why consider this opportunity?
Global remit with exposure to senior stakeholders across multiple regions
Opportunity to influence architecture strategy, not just project delivery
Large-scale transformation and modernisation programmes
Complex, business-critical technology landscape
Strong architecture community and collaborative culture
Significant autonomy and visibility across the organisation
This is an excellent opportunity for a Solution Architect who wants to operate at enterprise scale, influence major technology decisions and help shape the future direction of a market-leading Financial Services organisation.
Show more
Show less",Mid-Senior level,Full-time,Information Technology and Strategy/Planning,IT Services and IT Consulting and Financial Services
4446637062,ERP Systems Lead,MacGregor Black,"Scotland, United Kingdom",5 days ago,2026-08-04,https://uk.linkedin.com/jobs/view/erp-systems-lead-at-macgregor-black-4446637062,"Are you passionate about transforming Supply Chain technology and delivering enterprise-wide ERP change across Manufacturing, Logistics and Operations?
Do you have strong Oracle Fusion Supply Chain expertise and enjoy partnering with operational leaders to drive technology-enabled business improvement?
Ready to play a pivotal role in a multi-year Oracle transformation programme, shaping the future of Supply Chain systems across Procurement, Manufacturing, Planning, Inventory and Logistics?
This is an opportunity to join a business at the beginning of a major enterprise transformation programme.
The Supply Chain Systems Lead will provide ownership of Oracle Fusion Supply Chain governance, configuration standards and business alignment, ensuring future system decisions support operational excellence, manufacturing efficiency and long-term technology strategy.
Working closely with senior stakeholders across Operations, Manufacturing, Procurement, Supply Chain, Logistics and Technology, this role will become one of the key technology leadership positions supporting the wider transformation programme.
Key Responsibilities:
Act as the internal owner and subject matter expert for the Oracle Fusion Supply Chain platform.
Provide leadership and governance across Oracle Fusion Supply Chain modules including Procurement, Inventory, Manufacturing, Planning, Logistics and Warehouse Management.
Define and maintain Oracle configuration standards, governance processes and documentation.
Partner with Supply Chain, Manufacturing, Procurement, Operations and Technology teams to translate business requirements into scalable Oracle solutions.
Provide technical oversight and quality assurance across Oracle configuration, enhancements and continuous improvement initiatives.
Support the successful delivery of Oracle Fusion Supply Chain implementation programmes across multiple business functions.
Work closely with implementation partners and third-party suppliers to ensure successful programme delivery.
Identify opportunities to optimise Supply Chain processes through Oracle capability and emerging technologies.
Ensure data integrity, system stability and operational resilience across the Oracle Supply Chain ecosystem.
Support future transformation initiatives across Manufacturing, Logistics, Planning, Procurement and Warehouse Operations.
What We're Looking For:
Strong Oracle Fusion Supply Chain experience.
Experience operating as a Supply Chain Systems Lead, Oracle Functional Lead, Enterprise Applications Lead, Product Owner or Technology Manager.
Strong understanding of Oracle Fusion configuration governance and enterprise application management.
Experience translating operational Supply Chain processes into scalable technology solutions.
Good understanding of end-to-end Supply Chain business processes, including:
Experience delivering large-scale ERP transformation or Oracle Fusion implementation programmes.
Strong stakeholder management skills with the ability to influence senior operational and technology leaders.
Ability to communicate complex technical concepts to both technical and non-technical audiences.
Experience working alongside Oracle implementation partners and managed service providers.
For more information, please contact
Scott McGowan
.
Show more
Show less",Mid-Senior level,Full-time,Supply Chain,Food and Beverage Manufacturing
4432223915,Principal BIM Lead,COWI,"Glasgow, Scotland, United Kingdom",5 days ago,2026-08-04,https://uk.linkedin.com/jobs/view/principal-bim-lead-at-cowi-4432223915,"Principal BIM Lead
Glasgow/Derby/York/London/Bristol
Permanent Position
Office/Home Hybrid Working
Do you want to join one of the most technical design consultancies in Scotland? Can you produce high calibre models and drawings? Are you experienced on infrastructure projects? Then join COWI, to be outstanding together.
Create Solutions that will enable a better tomorrow
To enhance our Digital Delivery team, we are looking for a Principal BIM Lead to join us.
Working from our offices in Glasgow, Derby, York, London, or Bristo
l
, you'll be providing advice and support to internal and external supply chain/stakeholders and enforce consistent and compliant use of Digital Tools to align with or inform the production of Exchange Information Requirements and BIM Execution Plans. Developing, Updating or maintaining software interfaces between project, client and 3rd party systems.
Your key responsibilities will be:
Driving the production and delivery of high-quality 3D models and 2D drawings in accordance with COWI’s standards and any project-specific standards agreed with our clients.
Supporting the delivery of/developing detailed multi-disciplinary models, knowledge of Asset Tagging required, as well as the development of families/component libraries.
Implementing/running the coordination of multidisciplinary teams by ensuring models are fully integrated.
Assisting discipline leads by providing technical support and expertise throughout project lifecycles.
Implementing/running automated scripts and tools to enhance workflows and improve project efficiency.
Assisting and advising on and ensuring projects are set-up effectively with respect to software, tools, and processes.
Taking an engaged approach in training and developing colleagues across the business and junior members of the Digital Delivery Discipline Team, ensuring their advancement and skill-building on various projects, as well as acting as a Key Specialist and perform a lead role across Teams and Projects.
Providing key specialist support to the Discipline Management Team in the development of internal Processes.
Maintaining a positive and enthusiastic attitude towards checking and a business-mindset towards quality.
Your skills. Our team. Together we design the future.
The first step to success in this role is that you are eager to collaborate with the people around you, whether they are colleagues, partners, or customers. Developing ties with others is something you do by acting respectfully and delivering on your promises. And you never get set in your ways but keep exploring new insights and ways to improve.
On top of that, you’ll have:
Previous experience of supporting projects within the digital production, compliance and handover stages.
Experience in coordinating with multidisciplinary teams and integrating designs.
Knowledge of programming languages and visual programming: Python, C#, Dynamo, Grasshopper etc. Implementation and oversight of the above in projects.
Experience with implementing/overseeing the use of interfacing software for clash avoidance, clash detection and coordination activities.
Experience of working with Common Data Environments (CDE) specifically ProjectWise and Autodesk Construction Cloud (ACC).
Extensive experience and comprehensive understanding of working with and the application of multiple software platforms (including Revit, Tekla and/or Bentley OpenBuildings Designer) on UK infrastructure projects, especially in in a multi-disciplinary environment.
An HNC or higher education in Civil Engineering or a related field and Professionally Qualified to EngTech (MICE or TMIET).
Enhanced communication skills and the ability to work collaboratively with engineers, discipline leads, and project managers.
Demonstrable experience of working with the Information Management Initiative [IMI] (formerly the UK BIM Framework - delivering Projects using the framework provided by ISO19650) and working in UK BIM Project Delivery Roles.
Thought leader, with a drive and vision to support COWI UK on its digital delivery journey resulting in consistent and efficient project outcomes that meet client needs.
A place to work and so much more
At COWI, we work together with our customers to shape a sustainable and liveable world. We do it by applying our knowledge and curiosity – and sometimes even our courage – to create the solutions the world needs today to enable a better tomorrow. We support our customers’ transition towards increased sustainability. We strive to lead by example by embedding environmental management, social responsibility and good governance into our business practices and the options we provide to our customers.
We value differences and development and cultivate an environment of belonging and having fun. Because that is what brings out the best in you, at work and at home.
With offices primarily located in the Nordic region, the UK, North America and India, we are currently more than 7,500 people who bring their expertise in engineering, architecture, energy and environment into play.
What we also offer:
To us, a fair reward is more than a competitive salary. We want to take care of our people professionally and personally as well.
Some of our benefits include:
28 days' holiday plus all UK bank and public holidays
Formalised development plans and yearly promotion opportunities
Private health care, for you and a contribution from you for your immediate dependents
Flexible and hybrid working conditions
Annual subscription fees paid for your membership of two Professional Institutions
Group personal pension scheme – salary exchange
Life assurance
Maternity Leave: 1-20 weeks full pay, 21-26 weeks half pay, 27-39 Statutory (SMP) 40-52 weeks unpaid (eligibility criteria will apply)
Paternity Leave: 12 weeks full pay (eligibility criteria will apply)
Optional benefits include:
Cycle-to-work scheme
Electric vehicle lease
Corporate gym membership
Annual Rail card (available for under 30s)
Got more questions?
If you have any unanswered questions about the role or what we have to offer, please reach out to Abhinav Khanna at abkn
@COWI.COM
.
Get to know us even better at our website,
www.cowi.com
,
where you can learn more about our projects, our strategy, what we want to achieve and what life is like at COWI.
Equal opportunity employer
.
COWI provides equal employment opportunities (EEO) to all employees and applicants for employment without regard to ethnicity, colour, religion, gender, national origin, age or disability. This policy applies to all terms and conditions of employment, including recruiting, hiring, placement, promotion, termination, layoff, recall, transfer, leaves of absence, compensation, and training.
Hybrid
ABKN
Show more
Show less",Not Applicable,Full-time,"Management, Consulting, and Engineering",Civil Engineering and Business Consulting and Services
4438722186,Programme Technical Lead,The Weir Group PLC,"Glasgow, Scotland, United Kingdom",3 days ago,2026-08-06,https://uk.linkedin.com/jobs/view/programme-technical-lead-at-the-weir-group-plc-4438722186,"Role:
S4+ Technical Lead
Reporting to:
Chief Architect
Division
Group/Corporate
Work location:
Flexible
Country:
Flexible
Job Profile:
Technology
Organisation
PMO
Purpose of Role
The S4+ Tech Lead is accountable for the end-to-end technical delivery of the S4+ solution across SAP S/4HANA core, environments, landing zones, infrastructure, SAP RISE, technical tooling and the wider SAP and non-SAP ecosystem in confirmed programme scope.
The role acts as the single-thread accountable owner for technical execution, ensuring that technical delivery is planned, governed, built, tested, cut over and transitioned into support in line with agreed architecture principles, Clean Core standards, SAP Activate gates and programme milestones.
The S4+ Tech Lead works closely with the Integration Lead, Tooling SME, Data, Security, Infrastructure, Environment and Testing teams to ensure specialist technical areas are coordinated as part of one integrated delivery plan. The Integration Lead remains accountable for integration architecture, integration patterns, interface design assurance and integration delivery coordination; the Tech Lead ensures integration activity is aligned to the wider technical plan, dependencies, readiness criteria and programme governance.
The role coordinates activity across Deloitte, SAP, Weir technology teams, BAU support teams and third-party vendors, ensuring technical ownership boundaries are clear across design, build, test, cutover, hypercare and transition to BAU.
A critical part of the role is ensuring that technical solutions are right for Weir — sustainable, supportable, secure, operable and aligned to the target operating model — rather than reflecting supplier preference, legacy complexity or localised ways of working.
Objectives & Measurement - Key Responsibilities
Technical Delivery & Execution
Own the end-to-end technical delivery plan for S4+, ensuring technical activities are aligned to the integrated programme plan, SAP Activate phases and programme milestones.
Translate the Chief Architect’s target architecture, design principles and Clean Core intent into executable technical workplans across internal teams, Deloitte, SAP and other delivery partners.
Ensure technical delivery milestones are achieved within agreed scope, time, cost and quality parameters.
Maintain technical execution discipline across build, integration, data migration, security, testing, cutover and hypercare.
Intervene rapidly where technical workstreams are off-track, driving corrective action and recovery plans.
Ensure technical deliverables are clearly owned, sequenced, resourced and governed across Weir, Deloitte, SAP and other suppliers.
Architecture, Design Authority & Technical Governance
Own and operate the Technical Working Group, ensuring technical decisions are prepared, reviewed, escalated and resolved effectively.
Support the Chief Architect in operating the Design Authority, ensuring architectural choices remain aligned to enterprise architecture, programme scope, fit-to-standard and Clean Core principles.
Ensure deviations from standard, customisation requests and technical exceptions are assessed for business value, risk, complexity, operability and long-term maintainability.
Provide clear recommendations on technical design decisions, trade-offs and risk positions to the Chief Architect, Programme Director and relevant governance forums.
Ensure technical decisions are documented, traceable and reflected in solution design, delivery plans and risk management processes.
Reinforce fit-to-standard behaviours and prevent unnecessary technical complexity or local divergence. Strong governance over fit-to-standard is identified as critical to S/4+ success, with differences only permitted for genuine fiscal, legal or regulatory needs and escalated through senior governance where required.
S/4HANA Core, Environments & Landing Zones
Own technical coordination across the S/4HANA core platform, SAP RISE service model, environments, infrastructure dependencies and cloud landing zones.
Ensure S/4 environments are planned, provisioned, configured and managed to support design, build, testing, training, cutover, deployment and hypercare needs.
Coordinate technical readiness for the SAP RISE model, including dependencies with SAP, the hyperscaler and Weir infrastructure teams.
Ensure the technical environment strategy supports parallel delivery demands, test cycles, data migration rehearsals, integration testing, performance testing and business readiness.
Oversee technical cutover architecture, environment sequencing, fallback and recovery planning.
Ensure the solution is designed for scalability, resilience, operability, security, performance and future AI / automation enablement. The programme is intended to provide scalable cloud infrastructure and AI readiness, with S/4+ laying a clean, harmonised data foundation for future analytics and intelligent enterprise capabilities.
Actively drive AI and automation readiness within technical scope — ensuring the S/4HANA data foundation, integration and platform design are clean, harmonised and structured to enable SAP Business AI (e.g. Joule), embedded analytics and future intelligent-enterprise and automation use cases.
Integration Across SAP and Non-SAP Ecosystem
Own technical coordination of the wider SAP and non-SAP ecosystem, ensuring integration design and delivery is aligned across Salesforce, Coupa, Teamcenter, MES, OneStream, Workday, Microsoft platforms and other relevant systems.
Ensure integration architecture supports end-to-end business processes, global process harmonisation, reporting and operational continuity.
Drive alignment between S/4HANA, legacy systems, satellite applications, middleware, data platforms and reporting environments.
Ensure integration risks, dependencies and ownership are visible and actively managed across all delivery teams.
Work with functional, data and domain teams to ensure technical integration decisions support global process ownership and future-state operating model requirements.
Support the move away from fragmented, local or point-solution decision-making towards a single, integrated global operating model aligned to SAP S/4HANA and future digital capabilities.
Data, Security, Testing & Cutover Dependencies
Act as the primary technical escalation point for cross-stream dependencies involving data, security, infrastructure, testing, environments, integration, cutover and operations.
Ensure data migration, data quality, master data, reporting and analytics dependencies are technically understood, sequenced and integrated into delivery plans.
Partner with the Security Lead to ensure identity, access, segregation of duties and wider security controls are embedded into technical design and delivery, and that regulatory and compliance obligations are addressed by design — including IT general controls (ITGC), data privacy and data residency/sovereignty requirements (including GDPR), and cyber security and audit obligations.
Support test strategy execution by ensuring environments, interfaces, data loads, security roles and technical defect resolution processes are ready for each test phase.
Own technical readiness criteria for build, system integration testing, user acceptance testing, performance testing, cutover rehearsals, go-live and hypercare.
Enforce SAP Activate gate criteria and ensure technical entry and exit criteria are met before progression between phases.
Ensure cutover plans are technically robust, rehearsed and aligned across SAP, non-SAP, data, infrastructure and business teams.
Partner & Supplier Technical Performance
Lead day-to-day technical engagement with Deloitte and SAP technical leads in a “two-in-a-box” delivery model.
Hold Deloitte, SAP and other technical partners accountable for technical deliverables, quality, timeliness and issue resolution.
Ensure supplier technical plans, assumptions, dependencies and constraints are transparent, challenged and managed.
Escalate partner performance issues with clear evidence, impact assessment and recommended interventions.
Ensure technical delivery is coordinated across the multi-party model, including Weir internal teams, Deloitte, SAP, hyperscaler, application vendors and infrastructure partners.
Support commercial and delivery governance by providing technical input into supplier performance, milestone acceptance and technical risk exposure. The programme relies on SAP, Deloitte and hyperscaler delivery components, with interdependent contracts and responsibilities across software, hosting, integration and programme delivery.
Risk, Issue & Dependency Management
Own the technical risk, issue and dependency profile for S4+, ensuring risks are identified early, actively mitigated and escalated where required.
Identify technical decisions or constraints that could impact programme timeline, cost, quality, adoption or business continuity.
Provide clear, action-oriented recommendations to the Chief Architect, Programme Director and governance forums.
Ensure technical risks are linked to the integrated programme plan, delivery milestones and cross-stream dependencies.
Lead technical recovery actions where risks materialise or delivery deviates from plan.
Maintain a strong focus on reducing complexity, protecting standardisation and ensuring the solution is operable post go-live.
Support mitigation of programme risks relating to delivery delays, lower-than-expected process harmonisation, technology change and operational disruption during and after go-live.
Operational Readiness, Hypercare & Transition to BAU
Ensure the S4+ solution is designed and delivered with operational support, maintainability and future continuous improvement in mind.
Define and enforce technical readiness for go-live and hypercare, including support models, monitoring, incident management, environment management and knowledge transfer.
Enable business cutover and go-live readiness from a technical perspective — ensuring environments, data, access, interfaces and technical rehearsals underpin business rehearsals, training, dress rehearsals and adoption activities.
Work with the business change, functional and training teams to ensure technical readiness, dependencies and constraints affecting user adoption are visible, sequenced and resolved ahead of go-live.
Work with BAU technology, product domain and support teams to ensure ownership, processes and capabilities are in place before transition.
Ensure technical knowledge transfer from Deloitte, SAP and other suppliers to Weir teams is structured, measurable and complete.
Support the enduring Product Operating Model by ensuring platforms, data and systems are governed in line with Global Product Domain ownership beyond go-live. The Product Operating Model is intended to become the standard way Weir governs and evolves its business capabilities after the programme.
Essential
Knowledge, Skills, Capability and Experience
Proven track record, ideally 10+ years, leading technical delivery within large-scale ERP, SAP S/4HANA or equivalent enterprise transformation programmes.
Demonstrable experience as a technical lead, solution delivery lead or platform delivery owner on complex, multi-workstream transformation programmes.
Strong understanding of SAP S/4HANA technical architecture, SAP Activate delivery lifecycle, Clean Core principles, fit-to-standard implementation and enterprise integration patterns.
Experience delivering in SAP RISE, cloud ERP or hyperscaler-enabled environments.
Strong knowledge of technical delivery across environments, infrastructure, integration, data migration, security, testing, cutover and hypercare.
Experience managing technical dependencies across SAP and non-SAP ecosystems.
Ability to operate effectively in a multi-party delivery model involving client teams, Systems Integrator, SAP, hyperscaler and application vendors.
Strong evidence of owning technical decisions, managing technical governance and driving resolution through architecture forums or design authorities.
Demonstrable ability to challenge suppliers constructively and hold partners accountable for technical quality and delivery performance.
Experience managing technical risk in high-pressure, high-visibility transformation environments.
Ability to convert architectural direction into practical delivery plans, decision logs, RAID actions and delivery outcomes.
Strong communication skills, with the ability to explain complex technical issues clearly to senior business, technology and programme stakeholders.
Strong understanding of global process standardisation, template governance and the technical implications of divergence from standard.
Leadership Style Required
Operates with a delivery-first mindset, focused on technical outcomes, pace, quality and operational readiness.
Comfortable being the single-thread accountable technical owner in a complex, ambiguous and fast-moving programme environment.
Able to lead through influence across Weir, Deloitte, SAP and other delivery partners.
Strong bias for action, issue resolution and removing technical blockers.
Holds technical teams and suppliers to account while maintaining constructive, partner-based relationships.
Balances strategic architecture intent with pragmatic delivery decision-making.
Protects Clean Core, fit-to-standard and global template integrity while enabling business outcomes.
Works effectively across business, technology, data, security, infrastructure and programme teams.
Demonstrates resilience, clarity and calm under pressure.
Nice to Have
Previous experience in manufacturing, engineering, mining, industrials or global asset-intensive environments.
Experience with SAP BTP, SAP Integration Suite, SAP Cloud ALM, SAP Solution Manager or equivalent tooling.
Familiarity with Salesforce, Coupa, Teamcenter, MES, OneStream, Workday and Microsoft ecosystem integrations.
Experience supporting global template design and deployment across multiple regions or divisions.
Familiarity with Jira, Azure DevOps, SAP Cloud ALM or equivalent delivery and defect management tools.
Relevant certifications such as SAP S/4HANA, TOGAF, SAFe, Agile, ITIL, PMP, PRINCE2 or cloud architecture certifications.
Physical Demands
The need to collaborate across different time zones means that there is a large degree of flexibility and autonomy. It is expected that there will be global travel to all business regions.
Show more
Show less",Not Applicable,Full-time,Engineering and Information Technology,"Mining, Industrial Machinery Manufacturing, and Automation Machinery Manufacturing"
4448791551,Senior Technology Delivery Lead,Accenture,"Scotland, United Kingdom",2 days ago,2026-08-07,https://uk.linkedin.com/jobs/view/senior-technology-delivery-lead-at-accenture-4448791551,"Role:
Senior Technology Delivery Lead
Accenture Grade:
CL6 (Senior Manager)
Locations:
Glasgow/Edinburgh (must be willing to travel to client sites throughout the UK on an ad hoc basis)
Accenture is a leading global professional services company, providing a broad range of services in strategy and consulting, interactive, technology and operations, with digital capabilities across all of these services. With our thought leadership and culture of innovation, we apply industry expertise, diverse skill sets and next-generation technology to each business challenge.
We believe in inclusion and diversity and supporting the whole person. Our core values comprise of Stewardship, Best People, Client Value Creation, One Global Network, Respect for the Individual and Integrity. Year after year, Accenture is recognized worldwide not just for business performance but for inclusion and diversity too.
“Across the globe, one thing is universally true of the people of Accenture: We care deeply about what we do and the impact we have with our clients and with the communities in which we work and live. It is personal to all of us.” – Julie Sweet, Accenture CEO
As a team:
Accenture Software and Platform Engineering is over 1,000 people strong and provides end-to-end product engineering solutions which deliver tangible value, fast. We bring together an obsession for technical excellence with agility and scale, to help clients move from project to product at speed.
We work with clients in every sector. They range from scale-ups through to national and international blue-chip names and public sector organisations. Our teams routinely work on products that are used by millions of people.
We offer an exciting career working in a vibrant environment, with access to training and a global network of experts. As part of our S&PE team, you’ll be working with cutting-edge technologies and will have the opportunity to develop a wide range of new skills on the job.
In our team you will:
As a Senior Technology Delivery Lead, you will operate as the senior accountable leader for large-scale enterprise engineering engagements, taking end-to-end responsibility for successful delivery across mobilisation, planning, staffing, execution, governance, reporting, quality, risk, escalations and client outcomes. This is a role for someone who can lead confidently at executive level, bringing together delivery discipline, technical credibility, commercial awareness and strong relationship management to create lasting client value.
You will lead complex programmes and account delivery across major enterprise clients, working closely with senior client stakeholders, account leadership, engineering teams and delivery partners. You will be expected to bring previous experience as a senior technologist, ideally with a strong background in software engineering, architecture or platform transformation, while now operating primarily as a senior delivery and account leader who can shape, govern and recover complex delivery environments.
Beyond delivery execution, you will play an important role in strengthening and growing strategic client accounts. This includes recognising opportunities, supporting propositions and proposals, contributing to commercial conversations, and helping clients define future engineering and transformation roadmaps.
We are looking for experience in the following skills:
Extensive experience operating at Senior Manager level or equivalent, leading large-scale technology, digital engineering or platform transformation programmes across complex enterprise accounts.
A strong technical background in engineering, software development, architecture, DevOps, cloud platforms or modern product engineering, with the credibility to engage senior technical stakeholders while leading at programme and account level.
Maintains a deep understanding of the evolving AI landscape and proactively champions the responsible adoption of AI solutions, leveraging these capabilities to drive innovation, strengthen client relationships and deliver measurable business value across complex client engagements.
Proven end-to-end delivery accountability, including mobilisation, planning, staffing, execution, governance, financial control, RAID management, executive reporting, quality assurance and delivery recovery.
Experience leading large, multidisciplinary and distributed teams across multiple workstreams, including Engineering Leads, Architects, Delivery Managers, Product specialists, Quality Engineers and third-party suppliers.
Exceptional senior client relationship management skills, with the ability to build trusted advisor relationships with CIO, CTO, Engineering Director, Programme Director and C-suite stakeholders.
Consulting background is highly desirable, particularly within major professional services or technology consulting environments, with experience balancing client value, delivery outcomes and account growth.
Commercially aware, with experience supporting account management activities such as identifying growth opportunities, shaping follow-on work, contributing to bids or proposals, supporting forecasting, and understanding revenue, margin, utilisation and contractual considerations.
Strong problem-solving and escalation management capability, with the confidence to lead through ambiguity, resolve complex delivery challenges, and make informed decisions under pressure.
You will be comfortable representing delivery performance and programme health to both internal and client executive audiences. You will bring the gravitas to operate across senior stakeholder groups, the delivery discipline to ensure commitments are met, and the engineering credibility to challenge, support and guide technical teams towards practical, high-quality outcomes.
You will also contribute to the wider development of our engineering delivery capability, supporting communities of practice, mentoring future leaders, sharing lessons learned across accounts and helping shape how we continue to deliver excellent outcomes for our clients.
What’s in it for you
At Accenture in addition to a competitive basic salary, you will also have an extensive benefits package which includes 30 days’ vacation per year, a car allowance, private medical insurance and 3 extra days leave per year for charitable work of your choice!
Flexibility and mobility are required to deliver this role as there will be requirements to spend time onsite with our clients and partners to enable delivery of the first-class services we are known for.
About Accenture
Accenture is a leading global professional services company that helps the world’s leading businesses, governments and other organizations build their digital core, optimize their operations, accelerate revenue growth and enhance citizen services—creating tangible value at speed and scale. We are a talent- and innovation-led company with approximately 791,000 people serving clients in more than 120 countries. Technology is at the core of change today, and we are one of the world’s leaders in helping drive that change, with strong ecosystem relationships. We combine our strength in technology and leadership in cloud, data and AI with unmatched industry experience, functional expertise and global delivery capability. Our broad range of services, solutions and assets across Strategy & Consulting, Technology, Operations, Industry X and Song, together with our culture of shared success and commitment to creating 360° value, enable us to help our clients reinvent and build trusted, lasting relationships. We measure our success by the 360° value we create for our clients, each other, our shareholders, partners and communities.
Visit us at www.accenture.com
Equal Employment Opportunity Statement
We believe that no one should be discriminated against because of their differences. All employment decisions shall be made without regard to age, race, creed, color, religion, sex, national origin, ancestry, disability status, sexual orientation, gender identity or expression, marital status, citizenship status or any other basis as protected by applicable law. Our rich diversity makes us more innovative, more competitive, and more creative, which helps us better serve our clients and our communities.
Show more
Show less",Mid-Senior level,Full-time,Information Technology and Consulting,Business Consulting and Services and IT Services and IT Consulting
4444368518,DC Pensions Investment Consultant,Marsh,"Edinburgh, Scotland, United Kingdom",2 weeks ago,2026-07-24,https://uk.linkedin.com/jobs/view/dc-pensions-investment-consultant-at-marsh-4444368518,"Company:
Mercer
Description:
DC Pensions Investment Consultant
Mercer is seeking a DC Pensions Consultant to join our specialist team in the delivery of DC pension services to a large portfolio of clients. Mercer has one of the largest fully integrated group of DC experts in the UK (including governance, scheme design, investment consultants, provider and technical researchers and technicians).
This exciting growth area of Mercer’s UK business is a key strategic focus and delivers both successful pension and savings solutions for clients and career opportunities for our talented colleagues. Our collaborative culture within the team drives and naturally promotes our successful growth of winning new business and maintaining strong existing relationships.
This is a hybrid role, with a requirement to work at least three days per week in the office, offering the opportunity to collaborate closely with a highly experienced and supportive team while also benefiting from flexible working. This role can be based in either our
London
,
Manchester
,
Leeds, Bristol
,
Birmingham
or
Edinburgh
offices.
We will count on you to:
Serve as a lead investment consultant on mid-size to large clients delivering and promoting our services
Provides support to lead consultant on our largest and more complex clients
Review work produced by analysts and junior consultants using Mercer software/tools
Role may include wider client relationship management for some clients
Manage budgets and commercial relationships with clients
Provide support and advise internal Mercer teams regarding defined contribution investments
Have responsibility for proactive revenue generation of existing clients and aim to extend the range of services provided by other lines of business as appropriate
What you need to have:
Proven DC Pensions consulting experience
Ability to develop excellent working relationships with colleagues, clients and provider contacts at all levels
Client relationship management
CFA or studying towards CFA
What makes you stand out?
Trust based DC Pensions Consulting experience
Project management experience
Mercer is a business of Marsh (NYSE: MRSH), a global leader in risk, reinsurance and capital, people and investments, and management consulting, advising clients in 130 countries. With annual revenue of over $27 billion and more than 95,000 colleagues, Marsh helps build the confidence to thrive through the power of perspective. For more information about Mercer, visit mercer.com, or follow us on LinkedIn and X.
Marsh is committed to embracing a diverse, inclusive and flexible work environment. We aim to attract and retain the best people and embrace diversity of age background, civil partnership status, disability, ethnic origin, family duties, gender orientation or expression, gender reassignment, marital status, nationality, parental status, personal or social status, political affiliation, race, religion and beliefs, sex/gender, sexual orientation or expression, skin color, or any other characteristic protected by applicable law. We are an equal opportunities employer. We are committed to providing reasonable adjustments in accordance with applicable law to any candidate with a disability to allow them to fully participate in the recruitment process. If you have a disability that may require reasonable adjustments, please contact us at reasonableaccommodations@marsh.com.
Marsh is committed to hybrid work, which includes the flexibility of working remotely and the collaboration, connections and professional development benefits of working together in the office. All Marsh colleagues are expected to be in their local office or working onsite with clients at least three days per week. Office-based teams will identify at least one “anchor day” per week on which their full team will be together in person.
Show more
Show less",Associate,Full-time,Consulting and Analyst,"Investment Advice, Insurance, and Insurance Agencies and Brokerages"
4446224054,Security Consultant - FTC,M&G,"Edinburgh, Scotland, United Kingdom",6 days ago,2026-08-03,https://uk.linkedin.com/jobs/view/security-consultant-ftc-at-m-g-4446224054,"At M&G, our purpose is to give everyone real confidence to put their money to work. With a heritage dating back more than 175 years, we have a long history of innovation in savings and investments, combining asset management and insurance expertise to offer a wide range of solutions.
Our two distinct operating segments, Asset Management and Life, work together to provide access to balanced, long-term investment and savings solutions.
Through telling it like it is, owning it now and moving it forward together with care and integrity; we are creating an exceptional place to work for exceptional talent.
We will consider flexible working arrangements for any of our roles and offer workplace adjustments to ensure you have the support you need to succeed in your role.
The Security Consultancy (SecCon) team are information technology specialists at the forefront of ensuring our technology change initiatives are delivered securely. We need leaders who are technical security experts and are confident dealing with a range of stakeholders from IT, the business, and strategic partners. You will be working on exciting new change initiatives, helping security and our business partners to achieve the digital ambitions across web, mobile and cloud.
As a Security Consultant within M&G you’ll have the opportunity to lead change, working on a wide range of different projects & platforms, translating best practice into high level security requirements, researching modern technologies to assess designs for implementation, and explaining threats and vulnerabilities to stakeholders in support of risk management. You’ll also be working closely with our security engineers to understand and develop the enterprise’s security architecture and integrate them into change initiatives.
Primary Key Responsibilities:
Ensuring technical and solution designs are compliant with our controls, be able to articulate a position on the security of the design and work with platform teams to remediate any gaps.
Working with 1st line risk and technology teams to assess the implications of any control gaps which cannot be remediated
Act as the entry point for Security and provide security advice and guidance, including identifying and assessing security threats, vulnerabilities, and risks for all change and BAU initiatives
Representing enterprise security at technical design authorities to ensure solutions presented meet security best practice. Working any highlighted issues to resolution.
Work with different areas in enterprise security to reduce friction and apply necessary security integrations for new technologies and ensure Security is embedded in solutions as early as possible.
Additional Responsibilities:
Remain current with emerging security technologies and feed into strategic technology discussions.
Tailor and present complex data to different stakeholders.
Provide security advice and guidance to technology programs, third party integrations, supply chain engagements and longer term projects.
Focus on future developments, technologies and regulations which could affect the firm or our partners, and the impact they could have on our controls
Excellent written and verbal communication with technical and non-technical stakeholders, IT teams, and external partners.
Key involvement in technical design governance process. Must be able to tell it how it is in front of senior stakeholders.
Provide guidance and support during the implementation of security measures and technologies
Prepare comprehensive reports and documentation detailing findings, recommendations, and action plans
Analyse security risks and develop risk management strategies as required
Assist in creating and updating security policies, standards, and procedures to ensure control compliance and best practices as required
Key Stakeholders Management
Internal
Business and technology stakeholders at all levels
External
External vendors (Where required)
Knowledge
A good understanding of Azure security is essential and M365 / Microsoft Power Platform security capabilities would be an advantage.
An excellent understanding of securing applications, infrastructure and networks. This includes a detailed understanding of security technologies required to secure an enterprise, their capabilities and interoperability covering:
Cyber / Web Security (Firewalls, DoS, Proxies, CDN / WAF, API Gateways etc.).
Threat & Incident Management (SOC, SIEM, Threat Intelligence, etc)
Data Security (DLP, DRM, etc)
IDAM (FIAM, SSO, etc). Experience of Azure AD would be advantageous.
Mobile Security (EMM, MAM, MDM etc).
Cryptography (including Key Management and PKI)
Desktop / Server / Virtualisation Security (vulnerability and patch management, malware protection, etc)
Working knowledge of infrastructure and application security requirements
Detailed working knowledge of infrastructure and application security requirements, demonstrated through understanding of recognised information security management and governance frameworks such as, ISF Standards of Good Practice, NIST 800-53 or CIS 7.1. An understanding of the regulations and legislation that apply to a pension and investment organisation would be advantageous
Skills
Strong stakeholder management skills.
Highly organised, excellent prioritisation and planning skills
Confident and effective communicator (both written and verbal) across all levels of the organisation to influence using risk-based reasoning.
Extensive experience in articulating complex requirements as easy to understand security designs using threat profiling, reusable models and architecture principles
Ability to work alone or as part of a team, whilst working on multiple items at the same time.
Ability to work with limited supervision, seeking guidance where appropriate.
Ability to translate complex technical issues into meaningful details for non-specialist audiences.
Ability to understand organisational culture and use this knowledge to gain commitment and get work done.
Strong facilitation skills to elicit information from key stakeholders internally and externally.
Creative thinking to contribute to the overall solution design.
Proven and demonstrable analytical and problem-solving skills essential, with the ability to think laterally and generate creative solutions.
Excellent organisational and prioritisation skills with a keen attention to detail and ability to manage multiple deliverables, with complexity.
Strong risk mindset to support project engagements in risk identification and mitigation proposals.
Excellent interpersonal communication skills and establishing professional rapport
Good negotiating skills
Good problem-solving skills
Experience
10+ years of experience in Information/Cyber Security with at least 4 years as an experienced Security Consultant with a proven track record in successful delivery
Extensive experience of working in a business facing IT or Cyber Security role, ideally within a regulated environment.
Experience of securing applications, infrastructure and networks.
Experience of securing cloud / cloud hybrid services (including IaaS, PaaS and SaaS variances) as well as mobile security models. Experience of Salesforce, Oracle Cloud Infrastructure and Adobe Experience Manager would be advantageous.
Educational Qualifications
Bachelor’s/Master’s degree required or an equivalent professional qualification
A recognised information security qualification, such as CISSP, CISM, CCSK etc.)
What we offer:
We’re dedicated to supporting your wellbeing and helping you thrive, both at work and beyond. Our benefits are designed to help you balance your professional and personal life
,
and financially plan for the future.
Our UK benefits include
:
A valuable pension scheme of up to 18% (13% made up of employer contributions and 5% employee contributions).
Access to our Share Save and Share Incentive Plan, alongside financial wellbeing and support services to help give you real confidence to put your money to work.
Enjoy 38 days annual leave (including bank holidays), with the opportunity to purchase up to five extra days. Our Time Off When You Need It policy gives you the flexibility - to balance work and personal commitments.
Our market-leading Inspiring Families policy includes comprehensive support and paid parental leave covering maternity, adoption, surrogacy, and paternity leave - because supporting families is an important part of our inclusive culture.
Health & Protection cover includes Private Healthcare, Critical Illness cover and Life Assurance for you, with additional family options - for peace of mind.
To explore more about life at M&G and our full benefits offering, visit
Life at M&G
At M&G we strive to have a diverse workforce and an inclusive culture, underpinned by our policies and employee-led networks that offer networking, support and development opportunities for the diverse communities our colleagues represent. We welcome applications from people of all backgrounds – across gender, ethnicity, age, disability, sexual orientation and more – including neurodivergent individuals, career returners and those with military service experience.
M&G is proud to be
Level 3:
Disability Confident Leader
under the UK Government Disability Confident employer scheme, and we welcome applications from candidates with disabilities and long-term health conditions. If you would like to participate in the initiative, you will have the opportunity to indicate this on your application.
We are committed to providing an inclusive recruitment process. All candidates have the opportunity to request reasonable adjustments when applying. If you need any additional support at any stage, please contact us at: careers@mandg.com
Show more
Show less",Not Applicable,Full-time,Information Technology,Financial Services and Investment Management
4437687339,Tooling SME - S4+,The Weir Group PLC,"Glasgow, Scotland, United Kingdom",5 days ago,2026-08-04,https://uk.linkedin.com/jobs/view/tooling-sme-s4%2B-at-the-weir-group-plc-4437687339,"S4+ Tooling SME
Division:
Group / Corporate
Location:
Flexible Global Location
Hybrid
Purpose of Role:
Join Weir’s S4+ transformation programme and become the subject matter expert for the integrated toolchain that underpins one of the company’s largest business and technology transformations. You will play a critical role in ensuring tools such as LeanIX, Signavio, SAP Cloud ALM, Tricentis, WalkMe and Collibra are configured, connected and governed to enable consistent delivery across global teams and partners. This role offers the opportunity to shape how the programme operates, improve transparency and traceability, and drive best practices across the entire transformation lifecycle.
Why choose Weir:
Be part of a global organization dedicated to building a better future:
At Weir, the growing world depends on us. It depends on us constantly reinventing, quickly adapting and continually finding better, faster, more sustainable ways to access the resources it needs to thrive. And it depends on each of us doing the best work of our lives. It’s a big challenge – but it is exciting.
An opportunity to grow your own way:
Everything moves fast in the dynamic world of Weir. This creates opportunities for us to take on new challenges, explore new areas, learn, progress and excel. Best of all, there is no set path that our people must take. Instead, everyone is given the support and freedom to tailor-make their own career and do the best work of their lives.
Feel empowered to be yourself and belong:
Weir is a welcoming, inclusive place, where each individual’s contribution is recognized and all employees are encouraged to innovate, collaborate and be themselves. We continually focus on people and their wellbeing. We believe in fairness and choose to be honest, transparent and authentic in everything we do.
Key Responsibilities:
Toolchain Ownership & Governance: Own and govern the integrated S4+ toolchain, ensuring it supports programme delivery, governance requirements and consistent ways of working across all workstreams and delivery partners.
Traceability & Delivery Enablement: Establish end-to-end traceability across business capabilities, processes, requirements, design decisions, testing, defects, training and readiness activities, providing trusted programme data and audit-ready evidence.
Partner & User Adoption: Drive consistent tooling adoption across Weir, SAP, Deloitte and third-party partners through coaching, enablement, standards and governance, ensuring teams follow agreed delivery practices.
Continuous Improvement & Integration: Enhance the effectiveness of the programme toolchain by improving workflows, automating hand-offs, reducing manual effort and ensuring tooling integrations remain reliable and fit for purpose throughout the transformation lifecycle.
Safety First: Demonstrate 100% commitment to our zero harm behaviors in support of our drive towards developing a world class safety culture.
Job Knowledge/Education and Qualifications:
Any equivalent combination of education and experience will be considered for candidates that have the ability to perform the objectives above.
Proven experience as a Tooling Lead, Transformation Tooling SME, Delivery Enablement Lead or similar role within a large-scale SAP S/4HANA, ERP or enterprise transformation programme.
Hands-on experience with transformation and delivery tools such as LeanIX, Signavio, SAP Cloud ALM, Tricentis, WalkMe, Collibra, Jira, Azure DevOps or equivalent platforms.
Strong understanding of SAP Activate methodology, governance, audit readiness, traceability, reporting, workflow management and programme delivery controls.
Demonstrated ability to influence stakeholders and drive consistent adoption of tools and standards across complex multi-vendor and global delivery environments.
Travel Requirement:
Global travel may be required to support programme delivery and stakeholder engagement across Weir’s business regions.
Founded in 1871, Weir is a world leading engineering business with a purpose to make mining operations smarter, more efficient and sustainable. Thanks to Weir’s technology, our customers can produce essential metals and minerals using less energy, water and waste at lower cost. With the increasing need for metals and minerals for climate change solutions, Weir colleagues are playing their part in powering a low carbon future. We are a global family of 11,000 uniquely talented people in over 60 counties, inspiring each other to do the best work of our lives.
For additional information about what it is like to work at Weir, please visit our Career Page and LinkedIn Life Page.
Weir is committed to an inclusive and diverse workplace. We are an equal opportunity employer and do not discriminate on the basis of race, national origin, gender, gender identity, sexual orientation, veteran status, disability, age, or any other legally protected status.
Show more
Show less",Not Applicable,Full-time,Other,"Mining, Industrial Machinery Manufacturing, and Automation Machinery Manufacturing"
4448781193,Global Digital Transformation Project Lead,Centre People Appointments,"Glasgow, Scotland, United Kingdom",2 days ago,2026-08-07,https://uk.linkedin.com/jobs/view/global-digital-transformation-project-lead-at-centre-people-appointments-4448781193,"- ERP & Supply Chain Implementation / International Business -
A leading wholesaler in the UK is currently recruiting a Global Digital Transformation Project Lead to support digital transformation across the EMEA region.
The role will lead global transformation programmes including ERP implementation, process standardisation, and change management, working closely with Japan headquarters, EMEA stakeholders, and external partners.
The ideal candidate should have global project management or ERP transformation experience, strong stakeholder management skills, and a hands-on approach.
(Ref: MK47557 - Please include this when making any enquiries.)
Main Responsibilities
• Lead the deployment of global digital transformation initiatives across EMEA in line with the Group Digital Strategy and WAVE programme
• Drive ERP implementation projects including requirements definition, local process alignment, testing, user training, and go-live support
• Act as the key interface between Japan headquarters, global digital teams, EMEA leadership, local process managers, and external technology partners
• Gather and analyse local business requirements while ensuring alignment with global standards and transformation objectives
• Manage cross-functional projects across procurement, import/export, warehouse, logistics, marketing, and sales functions
• Support change management activities to ensure adoption of new systems, processes, and digital ways of working
• Coordinate with regional digital teams to clarify governance, ownership, and execution responsibilities
• Monitor project progress, risks, budgets, and business outcomes while providing regular updates to stakeholders
Ideal Candidate
• Experience managing global digital transformation projects within a consulting firm or international business environment
• Experience leading medium to large-scale ERP or business transformation projects
• Understanding of ERP systems, supply chain processes, or logistics operations preferred
• Experience with Microsoft Dynamics is advantageous but not essential
• Strong project management skills with experience using waterfall, agile, or hybrid methodologies
• Excellent communication and stakeholder management skills across multicultural environments
• Hands-on approach with the ability to work closely with business users rather than focusing only on governance
• Strong analytical thinking, structured problem-solving skills, and business acumen
• PMP qualification or similar project management certification is advantageous
• Business level of fluency in English
Conditions
• Location: Glasgow, UK
• Working Style: TBC
• Salary: negotiable depending on experience
• Job Type: permanent, full-time
• Working Hours: TBC
• Start: negotiable
*All applicants for the Global Digital Transformation Project Lead position must have the right to work in the relevant country without any restrictions as the Company is not able to offer visa support.
*We regret that we cannot accept applications from Working Holiday, Graduate or Student visa holders.
If your application is successful, you will be contacted within two business days. We regret that due to the high volume of applications we receive, we cannot provide feedback on individual CVs.
Show more
Show less",Mid-Senior level,Full-time,Project Management,Food and Beverage Services
4436780459,Principal Consultant - Programme Advisory - Scotland,AtkinsRéalis,"Glasgow, Scotland, United Kingdom",1 month ago,2026-07-09,https://uk.linkedin.com/jobs/view/principal-consultant-programme-advisory-scotland-at-atkinsr%C3%A9alis-4436780459,"Overview
We're AtkinsRéalis, a world-leading design, engineering, and project management organisation. We connect people, data, and technology to transform the world's'infrastructure and energy systems.
Become a vital member of our Delivery Partner team, proudly taking on some of the world's most exciting and prestigious programmes such as Hinkley Point C, Sizewell C, High Speed 2 and Heathrow. Join us, and you'll be part of our genuinely collaborative environment, where everyone is supported to make the most of their talents. It's'about recognising everyone's contributions equally while delivering excellence together.
Our Programme Advisory Team.
Last year the Programme Advisory team was one of the fastest-growing business practices, driven by our success in the infrastructure market. On the back of this growth, we're continuing to invest in our people, seeking outstanding talent to join us to join us on our growth journey and we are hiring across all levels and all locations across Scotland.
The Programme Advisory team works with our Delivery Partner clients across some of the largest and most complex programmes in the UK and beyond in the Nuclear, Aviation, Defence, Water, Power & Renewables, and Transportation sectors.
We pride ourselves on empowering clients through trusted collaboration and helping them solve complex challenges, transform their organisations, and build an enduring capability for the future.
Your role
Are You Someone Who
Thrives in a fast-paced, dynamic environment and is driven to make a real impact?.
Is passionate about contributing to transformational change across major infrastructure sectors?.
Enjoys solving complex challenges and delivering innovative solutions?.
Is motivated by working within multidisciplinary teams across different client environments?.
If you answered ""yes"" to these questions, this role could be an excellent fit for you!.
This role will allow you to work across various programmes, with the support of some of the most experienced teams across the global AtkinsRéalis business while developing your own career journey.
About You
Programme Lifecycle: Ability to contribute across the full programme lifecycle, leading the mobilisation and delivery of major transformational projects and PMOs.
Process Mapping: Expertise in developing and documenting best practices, processes, and guidance for programme teams and PMOs, such as creating PMO Handbooks.
Strategic Advisory: Experience providing strategic advice on business transformations, maturity assessments, organisational design, portfolio management, P3M Recovery and improving programme efficiencies to deliver performance.
Stakeholder Management: Ability to lead commissions & build strong relationships with key stakeholders, tailoring communications to specific audiences and facilitating effective workshops (in-person, virtual, or hybrid).
Data & Reporting: Application of strong analytical thinking to collect, organise, and analyse data, ensuring accurate reporting and recommendations.
Proactive Approach: Take initiative in delivering high‑quality solutions in complex and evolving environments.
Driving Change: Demonstrated success in leading or supporting change initiatives with tangible, positive outcomes.
Technical Excellence: Ability to leverage your area of expertise to deliver exceptional service to clients, ensuring that both clients and internal teams benefit from your technical knowledge and insights.
Business Development: Use your client management skills to enhance the AtkinsRéalis brand position and build connections with current and future clients.
Leadership: Contribute to the ongoing success of our practice by working with junior members of the team on their professional development and programme advisory skillset.
Professional Certifications: hold or be working towards certifications such as APM PMQ/PPQ/ChPP, MoP, MSP, PRINCE2, PROSCI, Lean, Six Sigma. or similar qualifications.
Rewards & benefits
Explore the rewards and benefits that help you thrive – at every stage of your life and your career. Enjoy competitive salaries, employee rewards and a brilliant range of benefits you can tailor to suit your own health, wellbeing, financial and lifestyle choices. Make the most of a myriad of opportunities for training and professional development to grow your skills and expertise. And combine our hybrid working culture and flexible holiday allowances to balance a great job and fulfilling personal life.
Be rewarded. Find out more.
About AtkinsRéalis
We're AtkinsRéalis, a world-class engineering services and nuclear organization. We connect people, data and technology to transform the world's'infrastructure and energy systems. Together, with our industry partners and clients, and our global team of consultants, designers, engineers and project managers, we can change the world. We're committed to leading our clients across our various end markets to engineer a better future for our planet and its people.
Find out more.
Additional information
Security Clearance
This role may require security clearance and offers of employment will be dependent on obtaining the relevant level of clearance. If this is necessary, it will be discussed with you at interview. The vetting process is delivered by United Kingdom Security Vetting (UKSV) and may require candidates to provide proof of residency in the UK of 5 years or longer. If applying to this role please do not make reference to (in conversation) or include in your application or CV, details of any current or previously held security clearance. We are committed to creating a culture where everyone feels that they belong - a place where we can all be ourselves, thrive and develop to be the best we can be. So, we offer a range of family friendly, inclusive employment policies, flexible working arrangements and employee resource groups to support all employees. As an Equal Opportunities Employer, we value applications from all backgrounds, cultures and ability. As a Disability Confident Leader, we are committed to offering an interview to all applicants who have a disability and meet the essential criteria. If you would like to be considered under this commitment, please let us know at the application stage.
Show more
Show less",Not Applicable,Full-time,"Consulting, Information Technology, and Sales",Engineering Services
4447159211,Product Manager,AXA Health,"Glasgow, Scotland, United Kingdom",1 week ago,2026-07-31,https://uk.linkedin.com/jobs/view/product-manager-at-axa-health-4447159211,"About AXA
AXA is a global leader in insurance and financial services, dedicated to helping customers protect what matters most to them. As the sixth-largest insurance company in the world, we provide a wide range of services, including health, car, home, and business insurance. We support millions of customers worldwide, helping them navigate life's uncertainties with confidence.
AXA Health supports members to put their health first, from individuals to huge corporates, with fast access to diagnosis and treatment when they need it.
Job Overview
We’re seeking a proactive and experienced Product Management Leader with expertise across Digital Platforms and Servicing requirements. You’ll lead the strategy and roadmap for one of our Servicing squads, as well as support, help guide, mentor and coach Product Owners within our Tribe. This role requires extensive stakeholders experience, a track-record of using data effectively to drive improvements that enhance member self-service capabilities, member and colleague satisfaction, as well as delivering operational transformation. As the Product Manager, you’ll shape the product vision and influence across teams. You’ll foster a continuous improvement mindset, delivering value iteratively.
Key Responsibilities
Develop and communicate a clear product vision aligned with business objectives and customer needs, translating it into actionable strategies.
Lead the entire product lifecycle from discovery to delivery, with a focus on outcomes and continuous improvement.
Coach and support Product Owners, helping them refine backlogs, opportunity sizing, gap analysis and upskilling in disciplined product management practices.
Support multiple squads and work streams simultaneously, balancing empowerment with hands-on involvement and providing constructive critique.
Analyse processes and performance data to identify opportunities for automation, innovation and efficiency.
Drive initiatives to enhance customer experience, operational efficiency and digital self-service for members.
Navigate complex internal stakeholder ecosystems effectively, advocating for product vision and delivery.
Maintain a strong foundational understanding of AI and stay aware of evolving industry trends.
Work Arrangements
At AXA we work smart, empowering our people to balance their time between home and the office in a way that works best for them, their team and our customers. You'll work at least two days a week (40%) away from home, moving to three days a week (60%) in the future. Away from home means attending the office, visiting clients or attending industry events.
Your Skills & Experience
Extensive experience as a Product Manager
Preferred experience within regulated environments such as financial services or insurance.
Strong ability to lead discovery efforts through stakeholder interviews, workflow analysis and data-driven insights, uncovering operational pain points and innovative opportunities.
An understanding of Saas products
Preferred experience and knowledge of Salesforce.
Demonstrated success in leading cross-functional teams, including product, engineering, design (UCD) and operations, fostering a collaborative and iterative development driven culture.
Expert in agile practices, customer-centric design and delivering iterative value at scale.
Effective communicator and influencer, capable of engaging senior executives, translating complex concepts into clear strategies and driving organisational change.
Customer-centric mindset focused on delivering high-impact user experiences.
As a precondition of employment for this role, you must be eligible and authorised to work in the United Kingdom
How To Apply
To apply, click on the ‘apply now’ button, you’ll then need to log in or create a profile to submit your CV. We’re proud to be an Equal Opportunities Employer and don’t discriminate against employees or potential employees based on protected characteristics. If you have a long-term condition or disability and require adjustments during the application or interview process, we’re proud to offer access to the AXA Accessibility Concierge. For our support, please send an email to lauren.cooper@axa-uk.co.uk.
We encourage you to apply for this opportunity as soon as possible, as we may close this advert earlier than the listed closing date.
#Health
Show more
Show less",Not Applicable,Full-time,Product Management and Marketing,Financial Services
4427520592,Solutions Architect,FSP,"Glasgow, Scotland, United Kingdom",1 month ago,2026-07-03,https://uk.linkedin.com/jobs/view/solutions-architect-at-fsp-4427520592,"Role Overview
We are looking for a highly skilled Solution Architect capable of collaborating with cross-functional teams, engaging with diverse stakeholders, and driving architectural excellence across a spectrum of projects.
This role requires a strong foundation in digital technologies and solutions, coupled with extensive consultancy experience in shaping and defining solutions for clients. The ideal candidate will possess exceptional all-round consultancy and solution architecture skills and experience of architecting applications and platforms in AWS as part of digital service teams.
Due to the nature of this role successful candidates may need to undergo security clearance. To be eligible for this role you must have lived in the UK for at least 5 consecutive years. More information on SC Clearance checks can be found here
Responsibilities
Lead design of multi-dimensional solution architectures, aligning with clients' goals and strategies.
Collaborate with clients and suppliers, identifying innovation opportunities and proposing and evaluating architecture options.
Assess current technology landscapes, identifying gaps and risks to develop future-state architectures.
Apply architecture principles, standards, and best practices for digital solution delivery.
Create roadmaps for seamless migration from legacy to modern, cloud-based architectures.
Provide thought leadership on emerging technologies and industry trends.
Lead workshops and presentations to effectively communicate architecture and technical concepts.
Assist in pre-sales activities and project teams.
Stay updated on technology trends and standards to drive innovation.
About you
Experience as a Solution Architect, ideally within a consultancy environment, working on diverse projects for clients of various industries and sizes.
Strong expertise in leading architecture for multiple user-research led agile product teams.
Experience of working with Government Digital Service standards, GOV.UK services (Notify, One Login, Pay) and National Cyber Security Centre guidelines and security standards.
Experience of guiding and documenting cloud and API solution architectures including design solutions using AWS API Gateway and Lambdas.
Proficiency in architecture frameworks, methodologies, and tools, including agile delivery and DevSecOps, JIRA, Confluence and Miro.
Strong analytical and problem-solving skills, with a keen attention to detail.
Possess the flexibility and adaptability to work on multiple projects in a fast-paced, client-focused environment.
What we look for in our people
Strong alignment with FSP values and ethos
Commitment to teamwork, quality and mutual success
Proactivity with an ability to operate with pace and energy
Strong communication and interpersonal skills
Dedication to excellence and quality
Who are FSP?
FSP is a leading consultancy specialising in Digital, Security and AI solutions. Our success is enabled by our unwavering commitment to excellence, our people centric culture alongside best-in-class operations, ensuring impactful and sustainable outcomes for our clients.
As a long standing and highly accredited Microsoft Partner, with extensive solution designations, we partner with clients across a range of commercial sectors, enabling digital transformation, innovation and robust cyber security.
We navigate the complexities of data sensitivity, confidentiality, governance and compliance. We blend strategic insight, depth of technical expertise, delivery and operational excellence to meet the specific requirements outlined.
We take a collaborative, one team approach with our clients to drive sustainable change, providing outstanding client experience and delivering exceptional results that are aligned with business priorities.
Our commitment to security and quality is reinforced by our ISO27001 and ISO9001 certifications (UKAS), as well as our CREST approved penetration testing and SOC capabilities. Additionally, we are an IASME Cyber Essentials Certification Body and Cyber Essentials Plus certified.
Find out more about our accolades here: https://fsp.co/about-fsp/
Why work for FSP?
At FSP, we are committed to providing:
A collaborative and supportive environment in which you can grow and develop your career
The tools and opportunity to do work you can be proud of
A chance to work alongside some of the best people in the industry, who always seek to share their knowledge and experience
Hybrid working – we empower you to make smart choices about when and where to work to achieve great results
Industry leading coaching and mentoring
Competitive salary and an excellent benefits package
Equal and Fair Opportunity
FSP is an equal opportunity employer and welcomes applications from all suitably qualified candidates. We assess applicants based on their skills, experience, and potential, without regard to age, disability, sexual orientation, gender identity, family or parental status, race, colour, nationality, ethnic or national origin, religion or belief, or any other protected characteristic.
Please note that visa sponsorship is available for some roles, subject to eligibility and business requirements.
Research indicates that individuals from underrepresented groups may be less likely to apply where they feel they do not meet every requirement, or where there is uncertainty about who a role is intended for. If you are interested in a role with us but are concerned that you may not meet all the criteria, we encourage you to apply. You may be a strong candidate for this role or for other opportunities within FSP.
We are committed to providing a fair and inclusive recruitment process. If you require any reasonable adjustments to participate fully in an interview or meeting (whether virtual or in person), please let us know.
Show more
Show less",Mid-Senior level,Full-time,Consulting and Information Technology,IT Services and IT Consulting and Business Consulting and Services
4386541128,Principal Solutions Architect,Iron Mountain,"Scotland, United Kingdom",4 months ago,2026-03-16,https://uk.linkedin.com/jobs/view/principal-solutions-architect-at-iron-mountain-4386541128,"At Iron Mountain we know that work, when done well, makes a positive impact for our customers, our employees, and our planet. That’s why we need smart, committed people to join us. Whether you’re looking to start your career or make a change, talk to us and see how you can elevate the power of your work at Iron Mountain.
We provide expert, sustainable solutions in records and information management, digital transformation services, data centers, asset lifecycle management, and fine art storage, handling, and logistics. We proudly partner every day with our 225,000 customers around the world to preserve their invaluable artifacts, extract more from their inventory, and protect their data privacy in innovative and socially responsible ways.
Are you curious about being part of our growth stor y while evolving your skills in a culture that will welcome your unique contributions? If so, let's start the conversation.
Iron Mountain is seeking a motivated Principal Solutions Architect to join our Digital Transformation team. In this role, you will be responsible for leading high-value technical engagements, designing complex reference architectures, and driving partner co-sell innovation to deliver measurable business outcomes. You will serve as the technical voice of the customer, bridging the gap between sophisticated solution design and compelling storytelling to convert demonstrations into long-term strategic partnerships.
What You’ll Do
In this role, you will:
Lead Technical Solutioning: Design and deliver high-quality reference architectures, integration patterns, and solution blueprints tailored to complex enterprise needs.
Drive Ecosystem Collaboration: Partner with Hyperscalers (AWS, Azure, GCP) and internal stakeholders to co-create innovative digital solutions and drive platform adoption.
Ensure Architectural Excellence: Oversee the technical integrity of solution designs and Proofs of Concept (POCs) while ensuring alignment with organizational standards and industry regulations.
What You’ll Bring
The ideal candidate will have:
Proven experience in Solution Architecture, Pre-Sales Engineering, or Technical Consulting.
Expertise in Cloud Ecosystems: Proven track record of selling with or to major hyperscalers such as AWS, Azure, or Google Cloud.
Strategic Communication: Advanced ability to craft compelling technical narratives and conduct high-impact demos that drive deep customer engagement.
Innovative Mindset: Practical experience applying AI/ML technologies to daily workflows and complex problem-solving scenarios.
What We Offer
Location: UK (Remote).
Competitive compensation and benefits aligned with your experience.
Generous paid time off and holidays to support a healthy work-life balance.
Flexible work options to empower how you work best.
Comprehensive health, wellness, and retirement plans.
Opportunities for continuous learning and professional growth through global projects.
Category: Sales
Iron Mountain is a global leader in storage and information management services trusted by more than 225,000 organizations in 60 countries. We safeguard billions of our customers’ assets, including critical business information, highly sensitive data, and invaluable cultural and historic artifacts. Take a look at our history here.
Iron Mountain helps lower cost and risk, comply with regulations, recover from disaster, and enable digital and sustainable solutions, whether in information management, digital transformation, secure storage and destruction, data center operations, cloud services, or art storage and logistics. Please see our Values and Code of Ethics for a look at our principles and aspirations in elevating the power of our work together.
If you have a physical or mental disability that requires special accommodations, please let us know by sending an email to accommodationrequest@ironmountain.com. See the Supplement to learn more about Equal Employment Opportunity.
Iron Mountain is committed to a policy of equal employment opportunity. We recruit and hire applicants without regard to race, color, religion, sex (including pregnancy), national origin, disability, age, sexual orientation, veteran status, genetic information, gender identity, gender expression, or any other factor prohibited by law.
To view the Equal Employment Opportunity is the Law posters and the supplement, as well as the Pay Transparency Policy Statement, CLICK HERE
Requisition:
J0099600
Show more
Show less",Not Applicable,Full-time,Engineering and Information Technology,IT Services and IT Consulting
4447399137,Application Consultant (SAP Solutions),ScottishPower,"Glasgow, Scotland, United Kingdom",4 days ago,2026-08-05,https://uk.linkedin.com/jobs/view/application-consultant-sap-solutions-at-scottishpower-4447399137,"Location: Glasgow – Hybrid working (2-3 days in the office)
Salary:
£59-74K (plus up to 15% bonus, private healthcare and up to 10% company pension contribution)
Permanent, Full Time
Help us create a better future, quicker
Join a key role driving business critical SAP solutions, as part of Digital Transformation, within a global organisation. As an Application Consultant within the Work and Asset Management value stream, you will play a leading role in shaping, designing and delivering SAP ERP solutions that support the operation and maintenance of ScottishPower's network assets.
What you’ll be doing
Working closely with business stakeholders, architects and delivery partners, you will translate complex business requirements into practical, scalable SAP solutions. You will be responsible for evaluating solution options, influencing design decisions and ensuring solutions align with both local business needs and wider global technology strategies.
This is a senior technical role where you will provide leadership across the SAP application landscape, helping to define future roadmaps, drive continuous improvement and ensure the successful delivery of change. You will also lead and mentor a small team of Application Analysts and Administrators, developing capability and promoting best practice across solution design, delivery and support.
What you’ll bring
We're looking for an experienced SAP professional with a strong background in solution design, project delivery and stakeholder engagement within a large enterprise environment. Expertise in SAP Plant Maintenance (PM) is essential, supported by working knowledge of SAP MM, CO, FI, AM and PPM. You will have a proven ability to work with business leaders, technical teams and external suppliers to deliver robust solutions that provide real business value.
Experience of asset intensive industries, application integration, enterprise solution design and SAP ERP environments would be highly advantageous. Candidates should be comfortable working across the full solution lifecycle, from requirements definition and design through to testing, deployment and operational support.
This is an excellent opportunity to influence the future direction of Work and Asset Management systems, lead the design of business-critical SAP solutions and play a key role in delivering technology change across a large-scale organisation.
What’s in it for you
As well as a competitive salary which is reviewed annually, you can also enjoy a number of other benefits. With our pension scheme, we’ll double match your contribution up to a company contribution of 10%.
Benefits
At ScottishPower, we believe it’s the little things we do in life that make a big difference. From helping you look after your family’s wellbeing, save for your future and take personal steps for climate action – our benefits are designed to help you do just that - so that you have everything you need to take care of your world – today and tomorrow. That’s why our benefits include:
36 days annual leave
Holiday purchase – perfect your work/life balance with extra annual leave
Share Incentive Plan and Sharesave Scheme
Payroll giving and charity matched funding
Technology Vouchers – save more and spread the cost of your technology purposes
Count us in – pledge to reduce carbon emissions and help fight climate change
Electric Vehicle Schemes – to help you transition to green/clean driving
Cycle to Work scheme and public transport season ticket loans
Options to purchase dental insurance, private medical insurance, health cash plan and annual health assessments
Life Assurance (4x salary)
Access to ‘nudge’ financial wellbeing support
Plus shopping, leisure, restaurant and gym discounts, and unique employee deals on travel insurance and more
Why SP Energy Networks
SP Energy Networks is part of the Iberdrola Group, one of the world’s largest integrated utility companies and a world leader in wind energy. We keep electricity flowing to homes and businesses through Central and Southern Scotland, North Wales and in the North West of England. We operate over 4000km of cables and lines that make-up the transmission network – connecting infrastructure like wind farms into the electricity system. It’s a role that puts us right at the heart of Scotland’s ambition to be Net Zero by 2044. And we’re taking it very seriously. We’re investing >£5.5 billion into our transmission network, directly supporting the rapid growth needed in renewable energy. With diverse opportunities across our businesses and a commitment to invest in our own internal talent, ScottishPower can offer people real career opportunities that meet personal and professional goals, in a global organisation.
Inclusion, diversity, and a social purpose are at the heart of everything we do. Together with our values, they bring us together into a stronger, more sustainable business with direct links to the communities we serve. It takes all kinds of people to build a large-scale business like ours, so whatever your background, you’ll fit right in.
We are committed to providing reasonable support or adjustments in our recruiting processes for candidates with disabilities, long term conditions, mental health conditions, or who are neurodivergent or require pregnancy-related support. If you need support, please reach out to careers@scottishpower.com.
Mobility
Please note that any applicant who is not a citizen of the country of the vacancy will be subject to compliance with the applicable immigration requirements to legally work in that country. If/when required, the Company will support the employee with the necessary Immigration requirements.
IMPORTANT
Advert will close at 23:59 GMT the day before
Job Posting End Date
below
August-20-2026
Show more
Show less",Not Applicable,Full-time,Information Technology,Utilities
4406211190,Associate (Information Management & Digital Delivery),COWI,"Glasgow, Scotland, United Kingdom",2 weeks ago,2026-07-23,https://uk.linkedin.com/jobs/view/associate-information-management-digital-delivery-at-cowi-4406211190,"Associate (Information Management & Digital Delivery)
London/Bristol/Glasgow/Derby/York
Permanent Position
Office/Home Hybrid Working
Do you want to provide leadership in digital delivery? Can you inspire others? Are you experienced information management? Then, this is the place to create the solutions the world needs today to enable a better tomorrow.
Create Solutions that will enable a better tomorrow
To strengthen our UK & Ireland digital delivery capability, we are looking for an experienced Associate (Information Management & Digital Delivery) to join us. Working on a range of infrastructure and energy projects you’ll provide leadership across information management, ISO 19650 implementation, and digital delivery governance and assurance.
This role provides depth, resilience, and influence across projects and frameworks (internally and externally), while supporting bids within the UK&I. It also contributes to knowledge-sharing across UK&I, Business Line UK & International, and alignment across the wider COWI business. The role is suited to an individual who brings strong professional credibility, sound judgement, and a pragmatic understanding of how information management and digital delivery enable better project outcomes.
The individual will operate as a trusted peer within the Digital Delivery Management Team, supporting alignment and operational delivery effectiveness. The role balances governance and assurance with hands-on engagement where required, ensuring standards are applied in a way that is scalable, practical, and aligned with project realities.
Your key responsibilities will be:
Information Management & ISO 19650 Leadership
Provide leadership and subject matter expertise in information management and the application of the ISO 19650 framework across UK&I projects
Translate standards, guidance, and governance requirements into practical, adoptable delivery approaches that support project teams
Act as an escalation point for complex or high-risk information management challenges, providing clear, proportionate guidance.
Delivery-Connected Governance & Assurance
Maintain a strong connection to live project delivery, ensuring information management approaches remain grounded in operational reality
Support project teams during mobilisation, delivery, and assurance stages, including targeted intervention where projects require stabilisation or reset
Contribute to audit, assurance, and compliance activity, ensuring outcomes are focused on quality, consistency, and value rather than process alone
Frameworks, Bids & Mobilisation
Provide input to bids, tenders, and framework responses, shaping information management strategies, risk positions, and mobilisation approaches
Support project and framework mobilisation, ensuring information requirements, delivery plans, and governance structures are clearly defined and achievable
Contribute to commercial discussions where information management scope, resourcing, and delivery models impact project performance
Discipline Resilience & Capability Development
Strengthen resilience within the Digital Delivery discipline by sharing subject matter leadership
Mentor and support colleagues across UK&I, Business Lines UK & International, and EDC
Contribute to the development and continuous improvement of internal information management guidance, templates, and best practice.
Stakeholder Engagement & Professional Credibility
Build trusted relationships with project managers, engineers, clients, and external stakeholders, helping articulate the value of digital delivery and information management
Represent COWI credibly in technical and professional discussions where appropriate, supporting the organisation’s reputation
Promote a collaborative, pragmatic, and delivery-focused culture aligned with COWI’s values.
Your skills. Our team. Together we design the future.
Like us, you believe that leadership success comes from setting a clear and meaningful direction for your team and supporting them in taking ownership of their work. You always delegate responsibility and ensure an open and safe dialogue, and you coach your people to achieve their aspirations through constructive, fact-based feedback. Attracting and nurturing a diverse group of high-potential team members is at the top of your agenda, as is creating an inclusive, caring and trusting culture in your team.
On top of that, you’ll have:
Essential
Significant experience in information management and digital delivery leadership within complex, multidisciplinary project environments
Demonstrable expertise in the ISO 19650 framework and its practical application across procurement, mobilisation, delivery, and assurance stages
Proven ability to influence outcomes across projects, frameworks, and teams
Strong understanding of governance, assurance, and quality management, with the ability to balance consistency and flexibility
Experience contributing to bids, frameworks, or major project mobilisation from an information management perspective
Excellent communication and interpersonal skills, with the credibility to engage confidently with senior stakeholders
A collaborative leadership style, with a clear commitment to mentoring, capability development, and team resilience
Highly Desirable
Professional chartership and/or fellowship within a relevant institution (ICE/IET)
Experience supporting or contributing to industry standards, guidance, or professional communities
Familiarity with common data environments and digital delivery platforms used on major UK&I and international projects
Experience aligning information management approaches with wider quality, collaboration, and information security frameworks
A strong interest in continuous improvement, innovation, and raising the standard of digital delivery practice
A place to work and so much more
At COWI, we work together with our customers to shape a sustainable and liveable world. We do it by applying our knowledge and curiosity – and sometimes even our courage – to create the solutions the world needs today to enable a better tomorrow. We support our customers’ transition towards increased sustainability. We strive to lead by example by embedding environmental management, social responsibility and good governance into our business practices and the options we provide to our customers.
We value differences and development and cultivate an environment of belonging and having fun. Because that is what brings out the best in you, at work and at home.
With offices primarily located in the Nordic region, the UK, North America and India, we are currently more than 7,500 people who bring their expertise in engineering, architecture, energy and environment into play.
What we also offer:
To us, a fair reward is more than a competitive salary. We want to take care of our people professionally and personally as well.
Some of our benefits include:
28 days' holiday plus all UK bank and public holidays
Formalised development plans and yearly promotion opportunities
Private health care, for you and a contribution from you for your immediate dependents
Flexible and hybrid working conditions
Annual subscription fees paid for your membership of two Professional Institutions
Group personal pension scheme – salary exchange
Life assurance
Maternity Leave: 1-20 weeks full pay, 21-26 weeks half pay, 27-39 Statutory (SMP) 40-52 weeks unpaid (eligibility criteria will apply)
Paternity Leave: 12 weeks full pay (eligibility criteria will apply)
Optional benefits include:
Cycle-to-work scheme
Electric vehicle lease
Corporate gym membership
Annual Rail card (available for under 30s)
Got more questions?
If you have any unanswered questions about the role or what we have to offer, please reach out to Abhinav Khanna at abkn@cowi.com.
Get to know us even better at our website,
www.cowi.com
, where you can learn more about our projects, our strategy, what we want to achieve and what life is like at COWI.
Equal opportunity employer
.
COWI provides equal employment opportunities (EEO) to all employees and applicants for employment without regard to ethnicity, colour, religion, gender, national origin, age or disability. This policy applies to all terms and conditions of employment, including recruiting, hiring, placement, promotion, termination, layoff, recall, transfer, leaves of absence, compensation, and training.
Show more
Show less",Not Applicable,Full-time,"Project Management, Information Technology, and Consulting",Civil Engineering and Business Consulting and Services
4447657794,"Principal, Airline Platform Strategy & Enablement",Skyscanner,"Edinburgh, Scotland, United Kingdom",6 days ago,2026-08-03,https://uk.linkedin.com/jobs/view/principal-airline-platform-strategy-enablement-at-skyscanner-4447657794,"About Skyscanner
Everyone loves travelling, but planning is not without its challenges ✈️. That's why we've spent 20 years building tools that turn travel-planning chaos into a breeze. Today, around 160 million travellers count on us every month to skip the whole “47 browser tabs open” phase and find flights, cars, and hotels quickly and easily 💻.
Joining Skyscanner means becoming part of a global brand that's striving to become the planet's go-to travel hack accessible for all 🌍.
Our vision? To be the world's number one travel ally. (Ambitious? 💪 Yes, but, hey, that's what got us here).
Now, we’re on the lookout for a Principal, Airline Platform Strategy & Enablement, to help us bring that vision to even more travellers.
About The Role
(Hybrid)
As Skyscanner expands its airline platform capabilities, we’re looking for a subject matter expert who can bridge the gap between Commercial, Product and Engineering.
This role combines deep airline industry knowledge with strong technical understanding to help partners successfully adopt our platform capabilities, influence product direction through market insight, and ensure strategic decisions are built on solid commercial and technical foundations.
Working closely with Commercial leadership, this person will turn high-level strategy into practical execution by analysing partner requirements, validating technical approaches, and identifying opportunities to strengthen our platform and acquired capabilities.
What You’ll Be Doing
Act as Skyscanner’s subject matter expert for airline platform capabilities, supporting Commercial, Product and Engineering teams.
Lead technical onboarding and enablement for strategic airline and platform partners, helping accelerate successful integrations.
Support partners throughout implementation by troubleshooting technical and commercial challenges, identifying scalable solutions and sharing best practices.
Develop a deep understanding of airline technical capabilities, distribution models and operational constraints, using these insights to inform product development and partner engagement.
Evaluate partner proposals, technical approaches and commercial models, providing detailed analysis and recommendations to support strategic decision making.
Assess existing and acquired platform capabilities, identifying opportunities to improve integration, scalability and commercial value.
Work with Product teams to translate recurring partner feedback into platform improvements, new features and better developer experiences.
Analyse emerging trends across airline distribution, retailing and platform technology, helping identify opportunities for future products and partnerships.
Support the development of new commercial propositions by ensuring they are grounded in operational, technical and market realities.
Build trusted relationships across internal teams and external partners, acting as the technical and commercial bridge between strategy and execution.
About You
Deep understanding of the airline technology ecosystem, including distribution, APIs and platform integrations.
Experience working with airlines, travel technology providers or platform businesses.
Ability to understand complex technical concepts and communicate them clearly to commercial and product stakeholders.
Strong analytical skills with the ability to assess technical proposals, challenge assumptions and develop practical recommendations.
Comfortable working across multiple disciplines, bringing together commercial, technical and operational perspectives.
Experience influencing product direction through customer insight and market knowledge.
Excellent stakeholder management skills with the ability to build credibility across senior commercial, product and engineering teams.
Naturally curious, with a passion for understanding how technology can solve real commercial problems.
What It’s Like Here
We are the real deal — no corporate gloss, no empty promises. Just a team of genuinely curious, caring humans ❤️, building things that help travellers explore the world a little easier 🧭.
Skyscanner is made up of brilliant humans from every corner of the world. We believe travel makes the world better — and that the same is true of our diverse teams. We're proud to be an equal opportunities employer and are committed to building an inclusive workplace where everyone can thrive and products that are accessible to all ✨.
Sound like your kind of adventure? 🚀 Apply now and help us shape the future of travel.
We're committed to ensuring our application and recruitment processes are inclusive and accessible to everyone. If you require any reasonable adjustments or accommodations for interviews, and/or wish to apply under the Disability Confident scheme, please let your recruiter know. If you’d like more information on any of our policies, such as hybrid working or Parental Leave policies (typically we pay a minimum of 24 weeks birth parent/maternity leave globally), our recruitment team can provide more information on these.
Show more
Show less",Mid-Senior level,Full-time,Sales and Business Development,"Technology, Information and Internet, Software Development, and IT Services and IT Consulting"
4447659703,"Principal, Airline Platform Strategy & Enablement",Skyscanner,"Glasgow, Scotland, United Kingdom",6 days ago,2026-08-03,https://uk.linkedin.com/jobs/view/principal-airline-platform-strategy-enablement-at-skyscanner-4447659703,"About Skyscanner
Everyone loves travelling, but planning is not without its challenges ✈️. That's why we've spent 20 years building tools that turn travel-planning chaos into a breeze. Today, around 160 million travellers count on us every month to skip the whole “47 browser tabs open” phase and find flights, cars, and hotels quickly and easily 💻.
Joining Skyscanner means becoming part of a global brand that's striving to become the planet's go-to travel hack accessible for all 🌍.
Our vision? To be the world's number one travel ally. (Ambitious? 💪 Yes, but, hey, that's what got us here).
Now, we’re on the lookout for a Principal, Airline Platform Strategy & Enablement, to help us bring that vision to even more travellers.
About The Role
(Hybrid)
As Skyscanner expands its airline platform capabilities, we’re looking for a subject matter expert who can bridge the gap between Commercial, Product and Engineering.
This role combines deep airline industry knowledge with strong technical understanding to help partners successfully adopt our platform capabilities, influence product direction through market insight, and ensure strategic decisions are built on solid commercial and technical foundations.
Working closely with Commercial leadership, this person will turn high-level strategy into practical execution by analysing partner requirements, validating technical approaches, and identifying opportunities to strengthen our platform and acquired capabilities.
What You’ll Be Doing
Act as Skyscanner’s subject matter expert for airline platform capabilities, supporting Commercial, Product and Engineering teams.
Lead technical onboarding and enablement for strategic airline and platform partners, helping accelerate successful integrations.
Support partners throughout implementation by troubleshooting technical and commercial challenges, identifying scalable solutions and sharing best practices.
Develop a deep understanding of airline technical capabilities, distribution models and operational constraints, using these insights to inform product development and partner engagement.
Evaluate partner proposals, technical approaches and commercial models, providing detailed analysis and recommendations to support strategic decision making.
Assess existing and acquired platform capabilities, identifying opportunities to improve integration, scalability and commercial value.
Work with Product teams to translate recurring partner feedback into platform improvements, new features and better developer experiences.
Analyse emerging trends across airline distribution, retailing and platform technology, helping identify opportunities for future products and partnerships.
Support the development of new commercial propositions by ensuring they are grounded in operational, technical and market realities.
Build trusted relationships across internal teams and external partners, acting as the technical and commercial bridge between strategy and execution.
About You
Deep understanding of the airline technology ecosystem, including distribution, APIs and platform integrations.
Experience working with airlines, travel technology providers or platform businesses.
Ability to understand complex technical concepts and communicate them clearly to commercial and product stakeholders.
Strong analytical skills with the ability to assess technical proposals, challenge assumptions and develop practical recommendations.
Comfortable working across multiple disciplines, bringing together commercial, technical and operational perspectives.
Experience influencing product direction through customer insight and market knowledge.
Excellent stakeholder management skills with the ability to build credibility across senior commercial, product and engineering teams.
Naturally curious, with a passion for understanding how technology can solve real commercial problems.
What It’s Like Here
We are the real deal — no corporate gloss, no empty promises. Just a team of genuinely curious, caring humans ❤️, building things that help travellers explore the world a little easier 🧭.
Skyscanner is made up of brilliant humans from every corner of the world. We believe travel makes the world better — and that the same is true of our diverse teams. We're proud to be an equal opportunities employer and are committed to building an inclusive workplace where everyone can thrive and products that are accessible to all ✨.
Sound like your kind of adventure? 🚀 Apply now and help us shape the future of travel.
We're committed to ensuring our application and recruitment processes are inclusive and accessible to everyone. If you require any reasonable adjustments or accommodations for interviews, and/or wish to apply under the Disability Confident scheme, please let your recruiter know. If you’d like more information on any of our policies, such as hybrid working or Parental Leave policies (typically we pay a minimum of 24 weeks birth parent/maternity leave globally), our recruitment team can provide more information on these.
Show more
Show less",Mid-Senior level,Full-time,Sales and Business Development,"Technology, Information and Internet, Software Development, and IT Services and IT Consulting"
4450232325,Global Process Owner Purchase to Pay,Cooper Parry Finance Recruitment,"Glasgow, Scotland, United Kingdom",3 days ago,2026-08-06,https://uk.linkedin.com/jobs/view/global-process-owner-purchase-to-pay-at-cooper-parry-finance-recruitment-4450232325,"Global Purchase to Pay Transformation Lead
Glasgow (Hybrid – 3 days office / 2 days home)
Permanent
A global organisation is seeking a senior
Purchase to Pay (P2P) transformation specialist
to take end‑to‑end ownership of the P2P process and lead large‑scale, global change. This role offers the opportunity to shape future‑state processes, drive standardisation across regions and play a key role in finance transformation programmes.
Based in
Glasgow
, the role operates on a
hybrid working model
, with three days per week in the office and two working from home.
The Role
This is a pivotal transformation role with global reach. You will act as the
single point of accountability for the global P2P process
, responsible for defining the target operating model and driving continuous improvement across multiple countries and functions.
You will lead process redesign, automation and optimisation initiatives, working closely with Finance, Procurement, Technology and senior leadership to deliver scalable, efficient and compliant ways of working.
Key responsibilities include:
Defining and owning the
global P2P target operating model
and future‑state process design
Leading
end‑to‑end process transformation
, standardisation and automation initiatives
Driving adoption of global process standards across regions and shared service environments
Acting as the global process owner for
ERP upgrades, implementations and system enhancements
Embedding strong governance, controls and performance metrics within the P2P process
Partnering with senior stakeholders to align process transformation with business strategy
Identifying inefficiencies, risks and improvement opportunities, and leading change to resolution
Supporting major finance transformation programmes and change management activity
About You
You will be an experienced
P2P transformation or global process leader
, with a strong track record of delivering change in complex, international organisations.
You will ideally bring:
Proven experience
leading P2P transformation or global process redesign
Experience operating within
large, multi‑country or matrix organisations
Strong knowledge of P2P controls, compliance and best practice
Hands‑on involvement in
ERP‑led change programmes
(e.g. SAP, Oracle or similar)
Experience driving standardisation across regions or shared service models
Strong stakeholder management skills, with the ability to influence at senior level
A data‑driven, continuous improvement mindset
What’s on Offer
Permanent, high‑impact role with significant global exposure
Hybrid working model (3 days Glasgow office / 2 days home)
Opportunity to play a key role in large‑scale finance transformation
Collaborative, forward‑thinking environment with clear scope for long‑term progression
Show more
Show less",Not Applicable,Full-time,Finance,Professional Services
4448788404,Senior Project Manager,Octagon Group,"Livingston, Scotland, United Kingdom",2 days ago,2026-08-07,https://uk.linkedin.com/jobs/view/senior-project-manager-at-octagon-group-4448788404,"Senior Project Manager
Key Responsibilities
Complex Project Leadership: Manage customer expectations across the full value stream, navigating the challenges of product development; scope, budget, quality and risk management
.Financial Excellence: Drive projects toward successful financial execution, utilizing advanced business systems to project revenue and opportunities accurately
.Strategic Business Development: Contribute to the customer development process to win new business and cultivate long-term, repeat partnerships
.People Leadership & Coaching: Mentor, guide, and support the career development of your team members, fostering a collaborative and high-performing environment
.Continuous Improvement: Act as a catalyst for change by constantly evaluating and improving processes. You will refine our operational frameworks to eliminate silos, increase efficiency, and elevate the standard of our global output
Your Background
Education: Bachelor’s Degree (required)
Experience: 8+ years of related experience in engineering or project management (preferred
Technical Depth: A detailed understanding of at least one engineering discipline (e.g., analog, digital, mechanical, software, or PCB
Process Mastery: Extensive knowledge of product development and realization
Leadership: Strong team-building skills and the ability to lead cross-functional teams through demanding schedule
The Essential
Skills in decision-making, problem-solving, and communication
Strong organizational and presentation abilities
Willingness to travel to customer sites as required to maintain high-level partnership
Act as the primary connector between cross-functional departments. You are highly skilled at influencing without authority, translating high-level program goals into actionable results while ensuring all global design hubs remain alignment.
Navigate complex environments by managing both internal and external stakeholders. You will be the point of contact that ensures transparency, builds trust, and keeps diverse interests moving toward a singular vision.
Show more
Show less",Mid-Senior level,Full-time,Project Management,Computers and Electronics Manufacturing
4450347222,V.Dockings Project Manager,V.Group,"Scotland, United Kingdom",2 days ago,2026-08-07,https://uk.linkedin.com/jobs/view/v-dockings-project-manager-at-v-group-4450347222,"Location Country
United Kingdom/Europe
Work Location
Flexible
Who are V?
As a global leader in ship management and marine services, we add value to a vessel’s operations. Operating around the clock and around the world, V. gives every client the quality and efficiency they need in every sector. Covering crew management and recruitment, quality ship management and technical services, together with supporting management and commercial services, V. has an unrivalled industry knowledge with performance assured. Our values, We Care, We Collaborate, We Challenge, We are Consistent, We Commit and Deliver, are at the heart of everything we do and they support our strategy of Investing in Talent. We are always interested in making contact with talented individuals - people who will demonstrate our values and deliver great service, for internal and external stakeholders.
Overall Purpose of The Job
Acting as the frontline representative of V.Dockings in the planning, preparation, and execution of dry-docking activities on behalf of V.Ships offices and 3rd party customers, including accountability for;
• Acting as primary V.Dockings representative throughout the docking planning and preparation stages
• Key accountability for the oversight and execution of safe, timely, and efficient dockings projects
• Active participation in the washup and reporting of docking projects, to ensure customer reporting needs are met and internal continually improvement opportunities are captured and acted upon
• Support Group Techncial and HSSEQ colleagues in continual improvement of V.Dockings and V.MS policies, processes, and standards to ensure V.’s offerings remain continually improved and aligned with best practices
• Provide immediate V.Group representation in event of incident during dockings projects, ensuring that V.’s personnel, reputation and best interests are protected at all times
Key Performance Indicators
• Delivery of assigned V.Dockings projects within agreed budgets and timeframes
• Delivery of assigned V.Dockings projects in full compliance with documented V.Dockings policy and process
• Overall HSSEQ and Operational performance and incident reduction during assigned V.Dockings projects
• Any other agreed internal KPIs/metrics related to V.Dockings performance
• Performance against agreed personal objectives for this role
Key Responsibilities and Tasks
Promoting a strong, proactive Culture of HSSEQ Excellence, through;
• Continually providing strong, visible, and proactive examples of HSSEQ leadership
• Promotion of a transparent & value-adding HSSEQ Excellence culture across the Group
• Ensuring that docks, suppliers, and stakeholders are working and operating in a safe and environmentally sound manner, in order that the reputations, assets, and operations of V. and our customers are not impacted
• Immediately escalating any concerns about the HSSEQ, operational, legal, or financial compliance of any stakeholder or representative associated with any docking project
• Effective capture and reporting of learning opportunities to continually improve V.Dockings and V.Group processes
Planning and Preparation
• Liaison with Fleet Cells during the planning stages, which may commence up to 18 months in advance of docking
• Support and oversight of Fleet Cells in the completion of Docking Specs utilising preferred software solutions, in a timely manner and to meet necessary standards
• Active participation in all relevant Fleet Cell/Customer meetings during the planning stages
Execution
• Primary accountability for on-site oversight and execution of assigned dockings projects, ensuring the safe, timely, and efficient delivery of each
• Provision of daily reports and required forecasts, including ongoing docking activities, budgetary changes, end and release dates, and all other such documented updates required by Fleet Cells and customers, and in compliance with V. processes
• Issue and oversight of all Variation Orders required for Fleet Cell and Customer approval, in the event of required works arising during the docking that are outside the agreed docking spec
• Immediate reporting, in compliance with relevant V. policy and process, of all incidents or non-compliances during the course of assigned dockings projects
Wash-Up and Continual Improvement
• Ensure all learning opportunities are captured during and throughout the docking execution, for effective and timely feedback into V.’s Continual Improvement professes and programs
• Active participation in all post-docking wash-up sessions, ensuring all learning opportunities are captured to ensure the continual improvement of V. policies, processes, and services
• Provide subject matter expertise in above continual improvement to ensure V. policies, processes, and services remain efficient and effective, and meet industry best practices at all times
• Promote a culture of collaboration and transparency with crew, yard staff, contractors, and suppliers that actively supports awareness and implementation of continual improvement at all stages of the docking process
Incident Response and Investigation
• Provide immediate incident response and management where V. is impacted, ensuring that V.’s personnel, reputation and best interests are protected at all times
• Act as senior V. representative on-site until relevant ShipMan and/or Group resources are deployed to take over
• Ensure the preservation of all necessary physical evidence together with collection of all statements and documentary evidence that may be required, pre-empting subsequent investigation
• Provide subject mater expertise and own witness input to subsequent investigations, ensuring learning and improvement opportunities are maximised for V.Dockings and V.Group, overall
Contribution to V.Group strategy and values
:
• Assuring V.Group capabilities, compliance, and commitment to outstanding service delivery
• Collaborating with Group, Business Unit, and Operational teams to drive safe operations in dry-docks
• Ensuring consistent and efficient dockings for V.Ships and 3rd parties, in line with V.Dockings processes
• Professional representation of V. at all times to customers and external stakeholders
• Continually reinforcing collaboration and close working relationships between V.Group and V.Ships teams
Essential
• Extensive technical experience in successfully executing dockings and large repairs across variety of vessel types (offshore and/or LPG/LNG)
• Proven experience in Dry Dock Specification and Tender writing, review, and analysis
• Excellent ability to make, maintain, and grow customer relations with key internal and external stakeholders
• Excellent ability to represent V. to highest professional levels in external engagements
• Excellent analytical and problem-solving skills
• Excellent interpersonal skills with ability to engage and interact with people of all levels and cultures
• Ability to travel & work remotely for protracted periods
What can I expect in return?
V. Group can offer you a market leading salary and benefits package, in addition to significant opportunities for career growth and personal development. This a great opportunity to join a true leader in the maritime sector - a company that has exciting plans for future growth.
Show more
Show less",Mid-Senior level,Full-time,Project Management,Maritime Transportation
4440518973,Program Manager,Thales,"Glasgow, Scotland, United Kingdom",3 weeks ago,2026-07-14,https://uk.linkedin.com/jobs/view/program-manager-at-thales-4440518973,"Hybrid working arrangement:
3 days per week on site (based on full time hours)
We are looking for a
Product Programme Manager.
In this role you will be responsible for taking the lead in delivering a key product roadmap that underpins major customer solutions. You’ll act as the single point of accountability for a complex, multi‑project product programme; driving performance, governance, customer outcomes and long‑term product evolution.
Core Benefits:
On offer is a competitive salary and benefits package, which includes;
Performance-related bonus
Half day every Friday, usually finishing around 13:00
28 days annual leave (plus bank holidays) plus opportunity to buy up to 40 hours/year (pro rata)
24 hours volunteering paid for
Private healthcare (grade dependent)
Pension scheme
Life cover
24/7 Employee Assistance Program and access to mental wellbeing app
Employee discount shopping schemes on major brands and retailers
Gym membership discounts
Optronics & Missile Electronics (OME)
We help forces to find the right information at the right time to make the right decision. For over 130 years we’ve proudly led the development of Optronics for military, scientific and commercial use. We cover three sectors: Air, Land and Sea.
Main Responsibilities:
Lead the delivery of the Product Programme, ensuring effective governance, quality and on-time outputs.
Drive the execution of the product roadmap, reuse strategy and lifecycle upgrades.
Consolidate cross‑project financials, forecasts and product-level ROI.
Build strong customer, supplier and internal stakeholder relationships to support delivery.
Manage risks, opportunities and change to maintain schedule, cost and performance.
Ideal Experience & Skills:
Demonstrated success leading large, complex product programmes across complex, multi‑site or multi‑entity organisations.
Background in manufacturing and/or product development, with a strong understanding of industrialisation, product lifecycle and delivery in a technical environment.
Strong leadership of multi‑disciplinary teams with a focus on accountability and delivery.
Excellent customer and supplier relationship management.
Advanced programme management skills (planning, forecasting, risk, governance, financials).
Security Clearance Requirement:
Due to the nature of the work that we do at Thales, many of our roles are subject to security restrictions. This role requires Security Clearance (SC). It would be advantageous if currently held, however, if not currently held, it is a requirement that the successful applicant undergo, achieve, and maintain SC Clearance prior to commencing employment.
To be eligible for full SC, you generally need to have resided in the UK for the last 5 years. In some circumstances, a minimum of 3 years’ residence in the UK over the last 5 years may be accepted, with additional overseas checks.
Please visit the UKSV website for further guidance: https://www.gov.uk/government/publications/united-kingdom-security-vetting-clearance-levels/national-security-vetting-clearance-levels.
Show more
Show less",Mid-Senior level,Full-time,Project Management,Defense and Space Manufacturing
4446655537,Technical Project Manager(M365),Sword Group,"Edinburgh, Scotland, United Kingdom",5 days ago,2026-08-04,https://uk.linkedin.com/jobs/view/technical-project-manager-m365-at-sword-group-4446655537,"Sword is a leading provider of business technology solutions within the Energy, Public and Finance Sectors, driving real transformation change within our clients. We use proven technology, specialist teams and domain expertise to build solid technical foundations across platforms, data and business applications. We have a passion for using technology to solve business problems, working in partnership with our clients to help in achieving their goals.
The M365 Technical Project Manager will lead and coordinate the Microsoft 365 Project within a major company merger and integration programme.
The role will manage M365 delivery with touchpoints across Information Management Governance, M365 data migration and integration, Data Governance & Security and Applications, including Power Apps, Power Automate and Power BI dependencies for a large scale tenant to tenant user and data migration following a company merger and now into delivery of the user, data and systems ‘carve out' and integration.
The role requires a technically credible project manager who can understand the Microsoft 365 ecosystem, coordinate specialist teams, manage cross-workstream dependencies and translate technical activity into clear delivery plans, risks, decisions and programme-level reporting.
Expected Deliverables:
M365 workstream delivery plan and milestone tracker.
M365 RAID log, action tracker, decision log and dependency map.
Migration plan, readiness tracker and cutover input.
Workstream meeting packs, minutes and project reporting inputs.
Business readiness, adoption and post-migration stabilisation trackers
Requirements
Proven experience project managing Microsoft 365, SharePoint Online, Teams, OneDrive or digital workplace delivery in a complex enterprise environment.
Experience managing M365 migration, tenant migration / integration, collaboration platform consolidation or merger/integration activity.
Strong working knowledge of Microsoft 365 services, including SharePoint Online, Teams, OneDrive, Exchange Online and Power Platorm.
Ability to manage depfendencies across Information Management, data migration, Cyber Security, Data Governance, Applications and business change workstreams.
Understanding of information governance, records management, metadata, permissions, retention, classification and content lifecycle principles.
Working knowledge of Microsoft Entra ID, identity and access management, M365 security and compliance capabilities, GDPR and internal policy controls.
Strong project delivery discipline, including planning, RAID management, reporting, governance, workshop facilitation and stakeholder engagement.
Excellent written and verbal communication skills, with the ability to translate technical delivery activity into clear business-facing updates.
Experience working with third-party suppliers, Service Integrators and internal delivery teams.
Strong ownership, delivery focus and ability to create structure in a high-change merger and integration environment.
Confident stakeholder management across technical, business, supplier and program audiences.
Pragmatic risk, issue and dependency management with disciplined follow-through.
Ability to challenge delivery progress constructively, clarify ownership and drive decisions.
Collaborative working style across Information Management, IT Foundational, Cyber Security, Applications and business teams.
Strong analytical, planning and problem-solving skills with attention to detail.
Commitment to continuous improvement, governance and organisational values
Benefits
At Sword, our core values and culture are based on caring about our people, investing in training and career development and building inclusive teams where we are all encouraged to contribute to achieve success.
We Offer Comprehensive Benefits Designed To Support Your Professional Development And Enhance Your Overall Quality Of Life. In Addition To a
Competitive Salary
, Here's What You Can Expect As Part Of Our Benefits Package:
Personalised Career Development:
We create a development plan customised to your goals and aspirations, with a range of learning and development opportunities within a culture that encourages growth.
Flexible working:
Flexible work arrangements to support your work-life balance. We can't promise to always be able to meet every request, however are keen to discuss your individual preferences to make it work where we can.
A Fantastic Benefits Package:
This includes generous annual leave allowance, enhanced family friendly benefits, pension scheme, access to private health, well-being, and insurance schemes, an employee assistance programme, discounted cash plan and more.....
At Sword we are dedicated to fostering a diverse and inclusive workplace and are proud to be an equal opportunities employer, ensuring that all applicants receive fair and equal consideration for employment, regardless of whether they meet every requirement. If you don't tick all the boxes but feel you have some of the relevant skills and experience we're looking for, please do consider applying and highlight your transferable skills and experience. We embrace diversity in all its forms, valuing individuals regardless of age, disability, gender identity or reassignment, marital or civil partner status, pregnancy or maternity status, race, colour, nationality, ethnic or national origin, religion or belief, sex or sexual orientation. Your perspective and potential are important to us.
If we can do anything to help make the hiring process more accessible, please let our talent acquisition team know when you apply so we can support any adjustments.
Show more
Show less",Not Applicable,Full-time,Project Management and Information Technology,IT Services and IT Consulting
4441986199,Project Manager,M Group Water,"Glasgow, Scotland, United Kingdom",3 weeks ago,2026-07-17,https://uk.linkedin.com/jobs/view/project-manager-at-m-group-water-4441986199,"Right across infrastructure, there’s a requirement to not only maintain, but also renew and reimagine. Whatever stage you’re at in your career, with us you’ll have an opportunity to grow and develop. Delivering essential infrastructure services for life, while being safety first and client and customer centric in a friendly, fun and respectful environment where you are encouraged to thrive.
Where will you be working?
We help our clients safeguard the water supply, improve environmental performance and manage demand for future generations. We enhance and extend asset life, ensuring compliance with water quality and environmental standards. We’re problem solvers with over 140 years of combined experience in engineering and infrastructure.
This role will be within our Water Division, working on one of our current three frameworks with Scottish Water.
SR21 DV1 : Capital works water and wastewater framework, delivered by the Caledonia Water Alliance (CWA) Joint Venture. Primarily infrastructure and civil engineering project improving network resilient and protecting the environment.
SR21 DV2 : Predominantly MEICA based capital maintenance framework on existing water and wastewater assets. Upgrade, refurbishment and high value capital maintenance projects
SR27 DV4 : The integrated design and construction of civil and infrastructure projects within SW 12 years enterprise arrangement. Project and progharmeme opportunities across the full capital investment programme.
Whether you’re a trainee, apprentice, graduate, or progressing through your career, it’s an exceptional time to be a part of M Group Water Scotland. Our Scottish Water frameworks offer long term career development opportunities and a diverse portfolio of roles within the water sector.
Want to be a part of it?
What will you be doing?
You'll drive strategic health, safety, and environmental standards across a portfolio of projects, ensuring all delivery meets time, cost, and quality requirements.
Working with the PMO, commercial, and construction teams, you'll manage forecasting, principal subcontracts, and risk, while maintaining strong SW and CWA relationships.
You’ll support design and resource planning, ensure investment and milestone targets are met, and manage effective client communications. Through SHEQ partnership, you’ll lead incident investigations, close defects swiftly, and set productivity stretch targets, always ensuring robust governance and best practice throughout the project life cycle.
What You’ll Bring
Do you have experience managing construction teams and delivering efficiency savings within water, construction or utilities sector? This is essential for the role
Do you have an outstanding stakeholder and client management track record?
Have you got a relevant degree/HND/HNC in construction management, engineering or equivalent?
You need a valid UK driving licence.
Strong record of achieving commercial, safety and programme targets through effective leadership and resource management.
What’s in it for you?
We offer a range of benefits designed to support your life in and out of work, some of which include;
Contributory pension scheme
Online GP service, 24 hours a day, 365 days a year
Employee assistance programme
My Rewards portal, access to 1000’s of retail discounts
Life assurance
Cycle to work, salary finance and give as you earn schemes
Enhanced maternity, paternity leave and adoption leave
Reward and recognition scheme
Recommend a friend - get rewarded for introducing people to us!
In addition, this role offers;
Company car and fuel card with a range of EV and hybrid vehicles to choose from
My Car Choice our salary sacrifice EV/ Hybrid car scheme
Company van/vehicle and fuel card for business use
Health Care Cash Plan, giving you and your family the ability to claim back medical expenses for things like dental, eyecare and physiotherapy and much more!
Private Healthcare - family cover
25 days annual leave plus bank holidays
About Us
We want to be an employer of choice and a great place to work, attracting diverse and talented people, who join us and make a difference. We’re one of the Top 100 UK companies actively supporting and recruiting veterans. Our ENABLE inclusion networks bring together people who have a shared passion, to help create an environment where everyone belongs.
Our values help to shape our culture and how we work with one another. We recruit with these values in mind, to ensure your aspirations, and ways of working, align with ours.
We’re responsible and go further for our people, clients, communities and the planet
We’re open and seek new and better ways of exceeding expectations
We’re together and as one team; the whole is greater than the sum of the parts
We’re ambitious and embrace opportunity, to lead essential infrastructure services for life
Whether you’re a trainee, apprentice or graduate, or progressing through your career, our people benefit from industry recognised programmes, training and development. It’s an exceptional time to be a part of M Group.
Please note:
Occasionally, job adverts might be closed before the stated closing date. Do apply as soon as possible to ensure your application is considered.
For certain roles, successful candidates will be subject to 3rd party background checks as part of the hiring process. Some roles require drug and alcohol testing as part of induction and onboarding.
#MGroupW INDREG
Show more
Show less",Not Applicable,Full-time,Project Management and Information Technology,Utilities
4443760991,Lead Technical Program Manager - Infrastructure Platforms,JPMorganChase,"Glasgow, Scotland, United Kingdom",2 weeks ago,2026-07-22,https://uk.linkedin.com/jobs/view/lead-technical-program-manager-infrastructure-platforms-at-jpmorganchase-4443760991,"Job Description
Step into a role where your technical leadership directly shapes how critical technology solutions get delivered. You'll guide complex, high-impact programs from idea to execution while partnering closely with engineering, product, and business stakeholders. If you enjoy solving ambiguous problems, improving delivery outcomes, and influencing decisions through clear communication, you'll thrive here. Join a team that values accountability, adaptability, and continuous improvement.
As a Lead Technical Project Manager in Compute Infrastructure Platforms (CIP), you will lead multiple concurrent technology infrastructure programs that align with business objectives and enhance the firm's technological capabilities. You will utilise your knowledge of technical principles and practices to develop solutions while efficiently managing resources, budgets, and cross-functional teams across a portfolio of initiatives. Your analytical reasoning and adaptability will empower you to navigate ambiguity and embrace change. By cultivating productive relationships with product teams and business stakeholders, you will contribute to the firm's overall growth and success. Your strong communication skills and ability to influence others will be crucial in achieving mutually beneficial outcomes and managing risks in accordance with the firm's policies and practices.
Job Responsibilities
Lead a portfolio of complex infrastructure programs, developing and executing comprehensive multi-program plans incorporating technical requirements, resource allocation, dependencies, and timelines to ensure timely and successful delivery.
Establish and maintain portfolio governance, including prioritisation, sequencing, milestone management, dependency coordination, and consistent reporting across programs.
Analyse and break down complex business, technical, and operational objectives into manageable tasks and activities, applying critical thinking and problem-solving skills to drive clear execution paths across multiple workstreams.
Own proactive portfolio-level risk and issue management, identifying cross-program risks, resolving roadblocks, escalating effectively, and implementing mitigation strategies to minimise impact on outcomes.
Drive cross-functional alignment and delivery, partnering with IP product groups, location support, architects, engineers, and business stakeholders to define scope, objectives, and deliverables, ensuring alignment with business goals and technical feasibility.
Monitor execution and adapt plans, tracking progress across all programs, adjusting schedules and resourcing where needed, and providing regular status updates, executive summaries, and decision-ready insights to stakeholders.
Optimise delivery discipline and ways of working, standardising operating cadence (RAID, action/decision logs, dependency tracking), improving transparency, and mentoring other project/program managers where applicable.
Uses enterprise-authorized AI capabilities within the work environment to accelerate program planning and risk synthesis (e.g., consolidating inputs into integrated plans, RAID, and executive-ready updates), validating outputs and handling data according to sensitivity requirements.
Promotes reuse-first, AI-assisted practices for program governance and reporting, ensuring human review and alignment to delivery standards.
Required Qualifications, Capabilities, And Skills
Applied experience in technical program/project management, leading complex technology projects and programmes in a large organisation.
Proactive, self-accountable, works well with teams and independently, adaptable and quick to adjust to change, with a strong risk and controls mindset.
Excellent communication skills (oral and written), with the ability to create and deliver executive summaries and presentations for senior stakeholders.
Strong technical fluency, with familiarity in current and relevant infrastructure platforms and technologies (compute, network, storage, and/or runtime products).
Proven track record of effectively managing resources, budgets, and high-performing teams in a fast-paced, agile environment, including balancing trade-offs across concurrent initiatives.
Demonstrated proficiency in applying analytical reasoning and problem-solving techniques to break down objectives into manageable tasks and activities.
Demonstrated experience using enterprise-authorized AI capabilities within the work environment to support program management workflows with strong validation habits and awareness of data sensitivity.
Ability to review and validate AI-assisted plans, risks, and recommendations before use, escalating when uncertain and following data handling expectations.
Preferred Qualifications, Capabilities, And Skills
Formal training/certification in program and project management.
Cloud platform knowledge, which helps in making informed decisions about cloud services and architecture.
Good working knowledge in data analytics/data visualisation and/or intelligent automation is an added advantage.
About Us
J.P. Morgan is a global leader in financial services, providing strategic advice and products to the world's most prominent corporations, governments, wealthy individuals and institutional investors. Our first-class business in a first-class way approach to serving clients drives everything we do. We strive to build trusted, long-term partnerships to help our clients achieve their business objectives.
We recognize that our people are our strength and the diverse talents they bring to our global workforce are directly linked to our success. We are an equal opportunity employer and place a high value on diversity and inclusion at our company. We do not discriminate on the basis of any protected attribute, including race, religion, color, national origin, gender, sexual orientation, gender identity, gender expression, age, marital or veteran status, pregnancy or disability, or any other basis protected under applicable law. We also make reasonable accommodations for applicants' and employees' religious practices and beliefs, as well as mental health or physical disability needs. Visit our FAQs for more information about requesting an accommodation.
About The Team
Our professionals in our Corporate Functions cover a diverse range of areas from finance and risk to human resources and marketing. Our corporate teams are an essential part of our company, ensuring that we're setting our businesses, clients, customers and employees up for success.
Show more
Show less",Not Applicable,Full-time,Project Management and Information Technology,Financial Services
4447149349,Engineering Delivery Manager,ALTEN LTD - UK,"Glasgow, Scotland, United Kingdom",1 week ago,2026-07-31,https://uk.linkedin.com/jobs/view/engineering-delivery-manager-at-alten-ltd-uk-4447149349,"ALTEN
is a global engineering and technology consultancy operating across over 35 countries worldwide. We partner with industry leaders across sectors including Aeronautics, Aerospace, Defence, Naval, Automotive, Energy, Rail, IT and many more to deliver innovative engineering solutions that drive technological advancement & support sustainable transformation.
Our teams of passionate and agile engineers work on cutting-edge projects that shape the future of technology and sustainability. At ALTEN, we empower talented engineers to innovate, solve complex challenges, and deliver impactful solutions that build tomorrow’s world—today.
Join us and start building tomorrow’s world today!
Job Description
At
ALTEN
, we support some of the UK's most complex and critical defence programmes, helping deliver advanced technologies across land, sea, and air domains.
We are looking for experienced
Project Engineering Delivery Leads
to join our growing defence teams, supporting the delivery of complex engineering work packages across major defence programmes. This role is ideal for candidates with a background in
Systems, Software, Hardware, Electronics, or Project Engineering
who have moved into engineering leadership and delivery-focused positions.
Location: Glasgow
On-site Requirement:
4 days per week onsite
Seniority:
Mid-Senior Level (7+ years' experience)
Security Clearance:
Candidates must be willing and eligible to obtain SC clearance.
Key Responsibilities & Experience
Lead the delivery of
engineering work packages
, ensuring activities are completed to agreed
cost, schedule, and quality targets
.
Coordinate
multidisciplinary engineering teams
and stakeholders, driving progress, managing
dependencies, actions, and delivery risks
, and providing regular performance updates.
Monitor
project schedules, resource allocation, budgets, and delivery performance
, working closely with project management, project controls, and engineering leadership teams.
Identify, manage, and mitigate
risks and opportunities
throughout the project lifecycle, ensuring effective
engineering governance
and successful programme delivery.
Support
bid, change, and growth activities
, including estimating, planning, solution development, and stakeholder engagement.
Qualifications
Required Skills
Engineering project, delivery, or work package management
experience within a complex technical environment.
Strong understanding of
project planning, scheduling, budgeting, and resource management
.
Experience managing
cross-functional engineering teams
and engaging with technical and non-technical stakeholders.
Knowledge of
risk and opportunity management
, delivery governance, and performance reporting.
Ability to coordinate activities across the full engineering lifecycle and drive delivery to committed milestones.
Experience working within
Defence, Aerospace, Naval, Security, or other highly regulated sectors
.
Soft Skills & Collaboration
Strong leadership and organisational skills.
Excellent communication and stakeholder engagement abilities.
Ability to influence and coordinate teams without direct line management responsibility.
Proactive approach to problem solving and decision making.
Comfortable operating within complex programme environments and managing competing priorities.
Required Qualifications
Bachelor’s
or
Master’s degree
in Engineering, or relevant
technical military background
with equivalent experience.
Desirable Skills
Background in
Systems Engineering, Software Engineering, Hardware Engineering, Electronics Engineering
, or a related discipline.
Experience using
Primavera P6, Microsoft Project, Jira, DOORS, Confluence
, or similar project and engineering management tools.
Experience supporting
bids, proposals, change requests, or business growth activities
.
Knowledge of
Earned Value Management (EVM)
methodologies.
Experience working on
radar, communications, mission systems, underwater systems, or other defence programmes
.
Additional Information
Why join us?
We bring together entrepreneurial, tech-driven people to deliver innovative solutions for leading companies.
At ALTEN, you’ll work on exciting projects, supported by ongoing learning, mentoring, and clear career development tailored to your goals.
Join a passionate team and help build tomorrow, today.
In short you get:
A personalised career path and a rewarding management style
A huge diversity of engineering projects and industries
Private Medical Insurance
Cycle & Tech Scheme
Employee assistance programme
Life insurance & Pension Scheme
Social atmosphere, regular gatherings & team buildings
Flexible way of working (role dependent)
We are proud to support the Armed Forces Covenant & actively encourage applications from members of the Armed Forces community, including veterans, reservists, service leavers, and military spouses/partners. We recognise the value of military skills and experience and are committed to ensuring that no applicant is unfairly disadvantaged during our recruitment and selection processes.
ALTEN is committed to fostering a diverse and inclusive workplace and values the strength that comes from a global mix of backgrounds and perspectives. We welcome applications from all suitably qualified candidates, regardless of background or protected characteristics under the Equality Act 2010. If you require any reasonable adjustments during the recruitment process, please let us know.
This role may require you to have or be willing to go through Security Clearance. As part of the onboarding process candidates will be asked to complete a Baseline Personnel Security Standard; details of the evidence required to apply may be found on the government website Gov.UK. If you are unable to meet this and any associated criteria, then your employment may be delayed, or rejected . Details of this will be discussed with you at interview.
Show more
Show less",Mid-Senior level,Full-time,Engineering,Defense and Space Manufacturing
4441061871,Senior Digital Portfolio Manager (Agile),HM Revenue & Customs,"Edinburgh, Scotland, United Kingdom",2 weeks ago,2026-07-22,https://uk.linkedin.com/jobs/view/senior-digital-portfolio-manager-agile-at-hm-revenue-customs-4441061871,"About The Job
Job summary
Discover a career in your hands at HMRC. Whether you're seeking purpose, growth, or a workplace that gives you a true sense of belonging, hear from some of our employees as they share their story about what it's really like to work at HMRC.
Visit our  YouTube channel  to watch the full series and come and discover your potential.
As a Digital Portfolio Manager (Agile) (Senior Officer) within HMRC's Chief Digital & Information Office (CDIO), you will support the delivery of digital products and services across a portfolio or programme environment.
You will work across multiple Agile teams to ensure delivery is coordinated, risks and dependencies are understood, and progress is visible to stakeholders.
Operating in a fast-paced and complex delivery environment, you will play a key role in maintaining delivery momentum, enabling teams to work effectively and contributing to successful outcomes across the portfolio.
Job Description
You will support delivery across a portfolio of Agile teams, coordinating activity, aligning plans and ensuring dependencies are actively managed.
Working closely with Senior Agile Delivery Managers, Product Managers and stakeholders, you will help maintain delivery oversight, ensuring that risks, issues and priorities are clearly understood and acted upon.
You will apply Agile and Lean delivery practices to support effective ways of working, helping teams collaborate, improve delivery flow and continuously enhance performance.
While you will operate across multiple teams and contribute to delivery outcomes, overall ownership of portfolio performance and escalation beyond programme level will sit with senior leaders.
Person specification
Key Responsibilities
Support delivery across a portfolio or programme of Agile teams, ensuring alignment and coordination
Maintain delivery plans, reporting and governance, providing clear visibility of progress
Identify and manage risks, issues and dependencies, ensuring they are tracked and addressed
Support the coordination of cross-team dependencies, maintaining delivery flow
Provide stakeholders with clear and timely delivery updates, supporting decision-making
Apply Agile and Lean practices to support effective delivery across teams
Work with Product and Delivery roles to align backlogs, priorities and delivery goals
Contribute to continuous improvement in delivery processes and ways of working
Management of organisational charts and distribution lists - organisational documentation
Essential Criteria:
Experience delivering digital products or services within Agile or multidisciplinary environments
Experience coordinating delivery across multiple teams or workstreams- including managing risks and dependencies
Ability to operate within structured delivery and governance environments- maintaining delivery oversight
Strong communication skills- with the ability to provide clear delivery insight to stakeholders
Experience identifying and resolving delivery risks- issues or blockers
Ability to work collaboratively across multidisciplinary teams to support delivery outcomes
Further Location Information
Please ensure that you only apply for a location that you are willing and able to work from, as we will only make one offer of employment. Any additional notes included in a 'Further Location Preferences (optional)' field within the application form, will not be considered. Please be aware that you cannot change your location preference after submitting your application.
Office closures
For more information on where you might be working,  review this information on our locations .
If your location preference is for the following site, it's important to note that this is not a long-term site for HMRC and we will require you to move to a new building in the future, subject to our location strategy and the applicable employee policies at that time.
This Site Is
Telford Plaza, Telford - moving to Parkside Court, Telford
You will be given more information about what this means at the job offer stage.
Leeds Locations
Moves Adjustment Payment will be available for this role, provided the successful applicant is a current HMRC colleague in Bradford and meets the eligibility requirements outlined in the HMRC's Moves Adjustment Payment guidance.
Benefits
Alongside your salary of £45,544, HM Revenue and Customs contributes £13,194 towards you being a member of the Civil Service Defined Benefit Pension scheme.  Find out what benefits a Civil Service Pension provides (opens in a new window).
MRC operates both Flexible and Hybrid Working policies, allowing you to balance your work and personal commitments. We welcome applications from those who need to work a more flexible arrangement and will agree to requests where possible, considering our operational and customer service needs.
We offer a generous leave allowance, starting at 25 days and increasing by a day for every year of qualifying service up to a maximum of 30 days.
Pension - We make contributions to our colleagues' Alpha pension equal to at least 28.97% of their salary.
Family friendly policies.
Personal support.
Coaching and development.
To find out more about HMRC  benefits  and find out what it's really like to work for HMRC  hear from our insiders  or visit  Thinking of joining the Civil Service
Things you need to know
Artificial intelligence
Artificial intelligence can be a useful tool to support your application, however, all examples and statements provided must be truthful, factually accurate and taken directly from your own experience. Where plagiarism has been identified (presenting the ideas and experiences of others, or generated by artificial intelligence, as your own) applications may be withdrawn and internal candidates may be subject to disciplinary action. Please see our candidate guidance (opens in a new window) for more information on appropriate and inappropriate use.
Selection process details
How To Apply
As part of the application process, you will be asked to provide the following:
A name-blind CV including your job history and previous experiences.
A 1000-word Personal Statement, describing how your skills and experience would make you suitable for the role, and how you meet the Essential Criteria and Person Specification.
Further details around what this will entail are listed on the application form.
Sift
In the event of a large number of applications being received, an initial sift may be held on your CV.
At full sift your CV and your Personal Statement, will be assessed, with the successful candidates being invited to interview.
We may also raise the score required at any stage of the process if we receive a high number of applications.
Interview
During the panel interview, you will be asked experience-based questions to explore what you are capable of.
Interviews will take place via video link. Sift and interview dates to be confirmed.
Eligibility
Please take extra care to tick the correct boxes in the eligibility sections of your application form . Mistakes sometimes happen but if you contact us later than two working days (Monday-Friday) before the vacancy closes, we may not be able to reopen your application for you. If you do make a mistake with your eligibility form, or have withdrawn yourself in error and need your application reinstated whilst the campaign is still live, please contact us via: unitybusinessservicesrecruitmentresults@hmrc.gov.uk - Use the subject line to insert appropriate wording for example - 'Please re-open my application -
[insert vacancy ref]
& vacancy closing date
[insert date]'.
To check that you are eligible to apply for this role, please review the eligibility information before submitting your application.
The HMRC app can help you with your application
The  HMRC app  can provide you with your past 5 years' employment history, making the process of filling in your application quicker and easier. If successful in your application, you will need your National Insurance number for the onboarding process. Download the  HMRC app  now and save your National Insurance number to your digital phone wallet.
How to download the HMRC app and sign up for an account
Download the free  HMRC app  from the App Store or Google Play store. If you have an HMRC online account already, sign straight in using your ID and password. If not, you can prove your identity by answering some questions or providing your photo ID. You'll then be able to access the app quickly and easily by signing in using a 6-digit PIN, your fingerprint, or facial recognition. You can find guidance for technical issues on GOV.UK:  Technical support with HMRC online services .
Reserve List
A reserve list may be held for up to 12 months from which further appointments may be made for the same or similar roles - if this applies to you, we'll let you know via your Civil Service Jobs account.
Merit List
After interview, a single merit list will be created, and you will only be considered for posts in locations you have expressed a preference for. Appointments will be made in strict merit order in line with the set number of roles in each location.
Criminal Record Check
Applications received from candidates with a criminal record are considered fairly in accordance with the DBS Code of Practice and the Recruitment of ex-offenders Policy.
Reasonable Adjustments
We want to make sure no one is put at a disadvantage during our recruitment process. To assist you with this, we will reduce or remove any barriers where possible and provide additional support where appropriate.
If you need a change to be made so that you can make your application, you should:
Contact the UBS Recruitment team via unitybusinessservicesrecruitmentresults@hmrc.gov.uk as soon as possible before the closing date to discuss your needs.
Complete the ""Assistance required"" section in the ""Additional requirements"" page of your application form to tell us what changes or help you might need further on in the recruitment process. For instance, you may need wheelchair access at interview, or if you're deaf, a Language Service Professional.
Important information for existing HMRC contractual homeworkers
This role may be suitable for existing HMRC employees who are contractual homeworkers. Occasional attendance to the office will be required where there is a business need. Please consider the advertised office locations for this role when applying and only select locations from the 'location preferences' section that you can travel to.
Terms and Conditions
Customer facing roles in HMRC require the ability to converse at ease with members of the public and provide advice in accurate spoken English and/or Welsh where required. Where this is an essential requirement, this will be tested as part of the selection process.
HMRC has a presence in every region of the UK. For more information on where you might be working,  review this information on our locations  .
The Civil Service values honesty and integrity and expects all candidates to abide by these principles. The evidence you provide in your application must relate to your own experiences.
Any instances of plagiarism or other forms of cheating will be investigated and, if proven, the relevant application(s) will be withdrawn from the process.
Recording of interviews is prohibited unless explicit agreement is sought in line with the UK General Data Protection Regulations.
Questions relating to an individual application must be emailed as detailed later in this advert.
Applicants who are successful at interview will be, as part of pre-employment screening, subject to a check on the Internal Fraud Database (IFD). This check will provide information about employees who have been dismissed for fraud or dishonesty offences. This check also applies to employees who resign or otherwise leave before being dismissed for fraud or dishonesty had their employment continued. Any applicant's details held on the IFD will be refused employment.
A candidate is not eligible to apply for a role within the Civil Service if the application is made within a 5 year period following a dismissal for carrying out internal fraud against government.
New entrants will join on the minimum of the pay band.
Please note that, if you are applying for roles on a part-time basis, the salary agreed will be pro-rata, reflective of the working hours agreed within your contract.
If you experience accessibility problems with any attachments on this advert, please contact the email address in the 'Contact point for applicants' section.
For more Information for people applying for, or thinking of applying for, roles at HM Revenue and Customs, please see link: Working for HMRC: information for applicants - GOV.UK .
Feedback will only be provided if you attend an interview or assessment.
Security
Successful candidates must undergo a standard (or equivalent) criminal record check.
People working with government assets must complete baseline personnel security standard (opens in new window) checks.
Nationality Requirements
This job is broadly open to the following groups:
UK nationals
nationals of the Republic of Ireland
nationals of Commonwealth countries who have the right to work in the UK
nationals of the EU, Switzerland, Norway, Iceland or Liechtenstein and family members of those nationalities with settled or pre-settled status under the European Union Settlement Scheme (EUSS) (opens in a new window)
nationals of the EU, Switzerland, Norway, Iceland or Liechtenstein and family members of those nationalities who have made a valid application for settled or pre-settled status under the European Union Settlement Scheme (EUSS)
individuals with limited leave to remain or indefinite leave to remain who were eligible to apply for EUSS on or before 31 December 2020
Turkish nationals, and certain family members of Turkish nationals, who have accrued the right to work in the Civil Service
Further information on nationality requirements (opens in a new window)
Working for the Civil Service
The Civil Service Code (opens in a new window) sets out the standards of behaviour expected of civil servants.
We recruit by merit on the basis of fair and open competition, as outlined in the Civil Service Commission's recruitment principles (opens in a new window).
The Civil Service embraces diversity and promotes equal opportunities. As such, we run a Disability Confident Scheme (DCS) for candidates with disabilities who meet the minimum selection criteria.
The Civil Service also offers a Redeployment Interview Scheme to civil servants who are at risk of redundancy, and who meet the minimum requirements for the advertised vacancy.
Diversity and Inclusion
The Civil Service is committed to attract, retain and invest in talent wherever it is found. To learn more please see the  Civil Service People Plan (opens in a new window) and the  Civil Service Diversity and Inclusion Strategy (opens in a new window).
Apply and further information
This vacancy is part of the Great Place to Work for Veterans (opens in a new window) initiative.
Once this job has closed, the job advert will no longer be available. You may want to save a copy for your records.
Contact point for applicants
Job Contact
Name : Tim Rayner
Email : timothy.rayner@hmrc.gov.uk
Telephone : 03000 592815
Recruitment team
Email : unitybusinessservicesrecruitmentresults@hmrc.gov.uk
Further information
Appointment to the Civil Service is governed by the Civil Service Commission's Recruitment Principles. You have the right to complain if you feel there has been a breach of the Recruitment Principles. In the first instance, you should raise the matter directly via ubsrecruitmentcomplaints@hmrc.gov.uk. Please note that we do not accept complaints or appeals regarding scoring of outcomes of campaigns, unless candidates can provide clear evidence that the campaign did not follow the Recruitment Principles. If you are not satisfied with the response, you may bring your complaint to the Commission. For further information on bringing a complaint to the Civil Service Commission please visit their website.
Show more
Show less",Not Applicable,Part-time,Finance and Sales,Government Administration
4450274889,Project Manager,GIOS Technology,"Scotland, United Kingdom",3 days ago,2026-08-06,https://uk.linkedin.com/jobs/view/project-manager-at-gios-technology-4450274889,"We are hiring for Project Manager - Construction / Civil Engineering
Location: Scotland - Hybrid / 2-3 days Per week in office
Proven Project Management experience within one or more of the following sectors:
Construction
Civil Engineering
Ground Engineering
Geotechnical Engineering
Experience managing reactive works and operational incidents.
Strong understanding of site-based risk assessment and hazard identification.
Good knowledge of Health & Safety requirements within construction or engineering environments.
Experience carrying out site visits and making practical operational decisions.
Basic understanding of NEC4 contracts.
Key Skills: Construction / Civil / Ground Engineering / NEC 4 / Risk assessment
Show more
Show less",Mid-Senior level,Contract,Information Technology and Project Management,Information Services and Public Safety
4443173192,Mechanical Project Manager,Dalkia UK,"Edinburgh, Scotland, United Kingdom",2 weeks ago,2026-07-22,https://uk.linkedin.com/jobs/view/mechanical-project-manager-at-dalkia-uk-4443173192,"At Dalkia, we're driven by a shared purpose: tackling climate change and building a better, more sustainable future. We bring together talented people who share knowledge, challenge each other and grow together.
Backed by EDF, Britain's biggest generator of low carbon electricity, we're a people-first culture. With 5,000+ employees and £600m+ turnover, we combine the strength of a major group with a great culture, innovative mindset and inclusive values making Dalkia a great place to work and grow your career.
Job Purpose
At Dalkia Scotland, we're looking for an experienced and motivated
Mechanical
Project Manager
to join our team. You'll be responsible for delivering exceptional service to our customers while ensuring projects are completed profitably, on time, and to a high standard.
Key Objectives
Deliver projects safely, on time, within budget, and to the agreed specification.
Control costs and enhance profitability.
Drive customer satisfaction and support employee development.
Meet and exceed company performance targets through effective leadership.
Key Responsibilities
Lead the successful completion of projects according to quality and commercial targets.
Foster strong customer relationships and identify opportunities for future business.
Ensure installations meet all required standards and regulations.
Develop, lead, and motivate project teams and subcontractors.
Manage budgets and report financial performance to senior management.
Prepare tenders for additional work as required.
Support technical delivery by leveraging internal and external expertise.
Carry out staff appraisals and support succession planning within your team.
Comply with all Health & Safety policies and company procedures.
About You
Essential Qualifications & Experience
HNC or higher in Building Services Engineering (or equivalent).
Come from a Mechanical background (Plumbing, Heating, Pipe-fitting etc)
Strong senior management and technical experience in M&E.
Proven knowledge of commercial, financial, and project delivery.
Excellent communication and customer service skills.
High levels of self-motivation and the ability to lead others.
Desirable
Chartered Engineer status and a relevant degree.
Financial management experience.
Strong leadership with a commitment to delivering high-quality service.
Key Competencies
Leadership & Direction
Results Through People
Drive for Excellence
Team Collaboration
Clear Communication
Strategic Planning & Execution
Commercial & Financial Acumen
Risk & HSE Management
Customer Relationship Management
Why Join Us?
At Dalkia Scotland, we believe in empowering our people to grow and excel. You'll work in a supportive, team-oriented environment where your contributions directly impact our success.
Our Values
People First
– It starts with health, safety and wellbeing
Better Together
– A collaborative team
Trusted Partners
– Dedicated to our clients' success
Taking Responsibility
– Making a positive difference
Equity, Diversity & Inclusion
We're committed to an inclusive and fair recruitment process. If you need any adjustments please let us know, in confidence, our team is here to support you.
Show more
Show less",Not Applicable,Full-time,Project Management and Information Technology,Engineering Services
4418598399,Pre-Construction Manager - Livingston,GRAHAM Group,"Livingston, Scotland, United Kingdom",2 months ago,2026-05-27,https://uk.linkedin.com/jobs/view/pre-construction-manager-livingston-at-graham-group-4418598399,"About The Role
P
re‑Construction Manager – Livingston
GRAHAM Building
| Based from Livingston office - Projects across Edinburgh & Glasgow
At GRAHAM, we deliver more than buildings - we deliver certainty. As part of our continued growth in Scotland, we are seeking an experienced
Pre‑Construction Manager
to lead projects through the critical early stages and set them up for successful delivery on site.
Based from our Livingston office, you will take ownership of projects through PCSA and pre‑construction (RIBA 1–4), working closely with clients, consultants and internal teams to ensure robust, buildable and commercially sound solutions.
The Role
You Will
Lead and manage all PCSA and pre‑construction activities, ensuring projects are fully prepared for RIBA 5 delivery
Coordinate design, commercial, operational and supply‑chain inputs into a single, aligned strategy
Develop pre‑construction programmes, methodologies, logistics and risk strategies
Support bid and tender processes, including traditional tenders where required
Drive value engineering, risk management and cost certainty
Lead handover into site teams and support early construction stages as needed
This role is key to ensuring certainty, quality and safety are embedded before construction begins.
Essential Criteria
Proven experience in a Pre‑Construction or Senior Project role within the building sector
Strong knowledge of PCSA delivery and RIBA stages 1–4
Commercial awareness with experience supporting cost planning, risk and procurement strategies
Ability to lead and influence multi‑disciplinary teams and external stakeholders
Excellent communication and stakeholder management skills
Strong planning, organisation and problem‑solving ability
Commitment to health, safety, quality and compliance
Desirable Criteria
Experience contributing to traditional tenders
Understanding of MMC, sustainability standards (e.g. BREEAM / PAS 2080)
Experience working with public or complex stakeholder environments
Track record of driving innovation and continuous improvement
Why GRAHAM?
High‑profile projects across Scotland
A business that trusts and empowers its people
Strong values, long‑term thinking and real career development
If you’re ready to lead from the front - before work starts on site - we’d like to hear from you. Build your future with GRAHAM.
Our Commitment
At GRAHAM, we are proud to say that we are a committed Equal Opportunities Employer and we aim to be the first choice for people from all backgrounds. We seek to promote respect for the individual and equality of opportunities. We believe that everyone should be treated solely on the basis of personal merit and contribution throughout their GRAHAM career journey and not on the value of artificial barriers, prejudices, or preferences. If you require any adjustments or accommodations during the application or interview process, please let us know. We welcome applicants from all backgrounds.
We Are Dedicated To Making Our Policies And Guidance Accessible To All Applicants And Employees. If You Need This Document In An Alternative Format, Such As Large Print, Audio, Or Braille, Please Contact Us At
Email: [email protected]
Phone: 07384 916355
Role
As a Disability Confident Employer, we guarantee an interview to disabled applicants who meet the minimum essential criteria for the role. If you would like to apply through the Disability Confident Interview Scheme, please contact Louise Hunter, Resourcing Manager, at:
Email: [email protected]
Phone: 07384 916355
We are only able to consider applications from individuals who are eligible to live and work in the UK, as per Home Office regulations. Please check your eligibility with the regulations before applying. Individuals with a current time restricted right to work in the UK, should contact the Human Resources team in the first instance. A basic disclosure may be requested if security clearance is required by 3rd party clients and a criminal record will not necessarily be a bar to obtaining a position. Our Access NI/Vetting and Barring Scheme Policy and Policy on the Recruitment of Ex-Offenders is available upon request.
GRAHAM reserves the right to carry out checks to ensure the validity of an applicant’s experience and/or qualifications and we expect all applicants to comply with any such requests for information. Failure to do so or evidence of any falsification of information will lead to either removal from the recruitment process or if already in employment potential termination of contract through the company disciplinary procedure.
About You
Not Specified
Show more
Show less",Not Applicable,Full-time,Management and Manufacturing,Construction
4450603620,Assistant Project Manager,SSEN Transmission,"Perth, Scotland, United Kingdom",2 days ago,2026-08-06,https://uk.linkedin.com/jobs/view/assistant-project-manager-at-ssen-transmission-4450603620,"Base Location:
For this role, we require successful applicants to be based from one of our Scottish locations and you'll be expected to spend 50% of your working week in the office – Perth or Inverness
Salary
:
£36,200 - £54,400 + car/allowance + performance-related bonus + a range of other benefits to support your family, finances and wellbeing.
Working Pattern:
Permanent | Full Time | Flexible First options available
The role
We require an Assistant Project Manager to support a cluster of projects in the North Coast of Scotland. Although this role can be based out of Perth, Inverness or Glasgow, it is expected that regular travel (at least once a month) will be required to the Caithness area as well as travel to any of the main offices for regular team meetings.
You will
Support the safe delivery of projects, promoting best practice in health, safety and environmental performance and ensuring compliance with CDM Regulations and SSE's safety standards.
Assist with the planning, monitoring and control of project activities and work packages, helping to deliver projects safely, on time, within budget and to the required quality standards.
Support commercial and contractual activities, including NEC contract administration, contractor management and change control processes.
Apply recognised project management processes, governance arrangements, reporting standards and tools throughout the project lifecycle, ensuring compliance with SSE's Large Capital Projects Governance Framework.
Undertake pre-construction and project delivery activities, including site visits, progress monitoring, stakeholder engagement, risk and opportunity management, issue resolution and responding to technical queries.
You have
A good understanding of project management principles and practices, supported by a qualification in engineering, construction, project management or a related discipline, or equivalent practical experience.
Experience supporting the delivery of projects within the transmission, construction, energy, utilities or other regulated sectors, gained within client, consultancy, contractor or subcontractor environments.
An understanding of engineering or construction activities and associated health, safety and environmental legislation, including CDM 2015 Regulations.
Commercial awareness and experience of project governance, reporting and contract administration, ideally within an NEC contract environment.
Strong organisational and communication skills, with the ability to manage competing priorities, coordinate stakeholders and drive actions through to completion.
A full, current driving licence, with the ability to travel and attend site regularly.
About SSE
SSE’s purpose is to provide energy needed today while building a better world of energy for tomorrow. We do this by developing, building, operating and investing in electricity infrastructure and businesses needed in the energy transition. Our Transforming for Growth investment plan sees us investing £33bn in critical electricity infrastructure across the five years to 2030.
SSEN Transmission own and operate the electricity transmission network across the north of Scotland. We transport energy from where it is generated to where it is needed, ensuring a safe and reliable electricity supply for the communities we serve. But that's not all – we're upgrading the grid to deliver cleaner, homegrown energy for the future and building a network for net zero to create secure power for generations to come.
Flexible Benefits To Fit Your Life
Enjoy discounts on private healthcare and gym memberships. Wellbeing benefits like a free online GP and 24/7 counselling service. Interest-free loans on tech and transport season tickets, or a new bike with our Cycle to Work scheme. As well as generous family entitlements such as maternity and adoption pay, and paternity leave.
Work with an equal opportunity employer
SSE will make any reasonable adjustments you need to ensure that your application and experience with us is positive. Please contact shirley-anne.o'connor@sse.com / 01738 351976 to discuss how we can support you.
We're dedicated to fostering an open and inclusive workplace where people from all backgrounds can thrive. We create equal opportunities for everyone to succeed and especially welcome applications from those who may not be well represented in our workforce or industry.
Ready to apply?
Start your online application using the Apply Now box on this page. We only accept applications made online. We'll be in touch after the closing date to let you know if we'll be taking your application further. If you're offered a role with SSE, you'll need to complete a criminality check and a credit check before you start work.
Show more
Show less",Not Applicable,Full-time,Project Management and Information Technology,"Utilities, Oil and Gas, and Renewable Energy Semiconductor Manufacturing"
4443408090,Senior Project Planner,AECOM,"Glasgow, Scotland, United Kingdom",2 weeks ago,2026-07-23,https://uk.linkedin.com/jobs/view/senior-project-planner-at-aecom-4443408090,"Company Description
Work with Us. Change the World.
At AECOM, we're delivering a better world. Whether improving your commute, keeping the lights on, providing access to clean water, or transforming skylines, our work helps people and communities thrive. We are the world's trusted infrastructure consulting firm, partnering with clients to solve the world’s most complex challenges and build legacies for future generations.
There has never been a better time to be at AECOM. With accelerating infrastructure investment worldwide, our services are in great demand. We invite you to bring your bold ideas and big dreams and become part of a global team of over 50,000 planners, designers, engineers, scientists, digital innovators, program and construction managers and other professionals delivering projects that create a positive and tangible impact around the world.
We're one global team driven by our common purpose to deliver a better world. Join us.
Job Description
Start here. Grow here.
Skilled in the use of company cornerstone systems and able to represent cost data formats necessary to control the project.
Understands financial terminology and measures and recognizes the financial impact of various project actions.
Participates in analyzing and using financial data to identify key project issues.
May assist in leading junior staff through assignment tasks.
Participates in tracking action items.
Able to use drawings and specifications in the establishment of project baseline data.
Knowledgeable of accounting principles with extensive understanding of the manner in which the company establishes and documents the financial position.
Prepares revised cost forecast for select accounts.
Prepares analysis of progress trends and cost impact. May participate in reviewing and approving contractor invoices.
Works hands on with earned value monitoring.
Evaluates manpower, labor hour, and labor cost requirements versus budget limitations including preparation of variance analysis.
Compares actual cost to funding limitations. Prepares expenditure forecasts to identify critical points in project funding.
Reviews purchase order and subcontract commitments and expenditures. Maintains tracking database to insure that subcontractor funding is aligned with work authorization and expenditures.
Understands the manner in which profits on projects are budgeted and the extent to which the budget value is achieved.
Possesses the knowledge of scope control and change management. Involved in the tracking system to insure that project management is fully aware of detailed change order status.
Creates and assists with cost/schedule baseline budgets.
Familiar with basic cost/schedule integration and basic critical path analysis and other rescheduling concepts.
Conducts or assists in performance measurement and associated cost trending.
Prepares and assists in various levels of project reporting.
Participates in and may lead project cost review meetings.
Assists in procedure development and implementation.
If you're passionate about innovation and turning bold ideas into reality, AECOM welcomes you. Join our team, where we don't just construct infrastructure but also uplift communities and enhance lives. Why not give our AECOM page on LinkedIn a follow to stay updated on the impactful projects we're working on and see firsthand the difference we're making in the industry!
Qualifications
Ready to push the limits of what’s possible?
Here’s what we’re looking for:
Demonstrable experience in the following areas would be highly advantageous
Engineering background
Pro active mindset
Confident in leading meetings
Comfortable being a right hand person to a Project Manager
Developed and maintained
integrated project schedules
using tools such as
MS Project, Primavera P6
Defined
work breakdown structures (WBS)
, dependencies, milestones, and critical paths
Produced
baseline schedules
, monitored progress, and managed
schedule change control
Forecasted
resource demand
and aligned plans with delivery and operational teams
Identified
schedule risks
, constraints, and mitigations
Generated
progress reports
, dashboards, and executive summaries for stakeholders
Additional information
At AECOM, we are committed to maintaining a secure and trustworthy recruitment process and take any fraudulent hiring activity seriously.
To support this commitment, all newly hired employees are required to attend an in-person Day 1 onboarding at an AECOM office location as a condition of employment.
Additional Information
At AECOM, we are committed to maintaining a secure and trustworthy recruitment process and take any fraudulent hiring activity seriously.
To support this commitment, all newly hired employees are required to attend an in-person Day 1 onboarding at an AECOM office location as a condition of employment.
About AECOM
AECOM is the world’s trusted infrastructure consulting firm, delivering professional services throughout the project lifecycle – from advisory, planning, design and engineering to program and construction management. On projects spanning transportation, buildings, water, new energy and the environment, our public- and private-sector clients trust us to solve their most complex challenges. Our teams are driven by a common purpose to deliver a better world through our unrivaled technical and digital expertise, a culture of equity, diversity and inclusion, and a commitment to environmental, social and governance priorities. AECOM is a Fortune 500 firm and its Professional Services business had revenue of $16.1 billion in fiscal year 2025. See how we are delivering sustainable legacies for generations to come at aecom.com and @AECOM.
Freedom to Grow in a World of Opportunity
You will have the flexibility you need to do your best work with hybrid work options. Whether you’re working from an AECOM office, remote location or at a client site, you will be working in a dynamic environment where your integrity, entrepreneurial spirit and pioneering mindset are championed.
You will help us foster a safe and respectful workplace, where we invite everyone to bring their whole selves to work using their unique talents, backgrounds and expertise to create transformational outcomes for our clients.
AECOM provides a wide array of compensation, benefits and well-being programs to meet the diverse needs of our employees and their families. We’re the world’s trusted global infrastructure firm, and we’re in this together – your growth and success are ours too.
Join us, and you’ll get all the benefits of being a part of a global, publicly traded firm – access to industry-leading technology and thinking and transformational work with big impact and work flexibility. As an Equal Opportunity Employer, we believe in each person’s potential, and we’ll help you reach yours.
We are a Disability Confident Employer and will offer an interview to applicants who have a disability or long-term condition, who meet the minimum/essential criteria for the role. Please let us know using this email address ReasonableAccommodationsUKI@aecom.com if you would like to apply through the Disability Confident Interview Scheme.
All your information will be kept confidential according to EEO guidelines.
ReqID:
J10156041
Business Line:
B&P - Buildings & Places
Business Group:
DCS
Strategic Business Unit:
Europe & India
Career Area:
Program & Project Management
Work Location Model:
Hybrid
Show more
Show less",Mid-Senior level,Full-time,Project Management and Information Technology,"Architecture and Planning, Civil Engineering, and Construction"
4413308907,Quantity Surveyor,Balfour Beatty plc,"Glasgow, Scotland, United Kingdom",2 weeks ago,2026-07-20,https://uk.linkedin.com/jobs/view/quantity-surveyor-at-balfour-beatty-plc-4413308907,"We are looking for a Quantity Surveyor to support the commercial delivery of major infrastructure projects across our East Coast portfolio, supporting the delivery of overhead line new build and upgrade projects across the East Coast of Scotland as we move towards the construction phase.
This is an exciting opportunity to take a lead role on projects, helping to maximise value, manage costs, and support the successful delivery of critical works contributing to the UK’s Net Zero ambitions.
The role: As a Quantity Surveyor, you will take ownership of the commercial management of a project, or a portfolio of works. You’ll play a key role in ensuring strong financial performance, driving cash collection, and maintaining compliance with company procedures.
You’ll also support and mentor junior team members, helping to build and develop a high-performing commercial team.
Lead commercial activities across projects to maximise margin and control costs
Prepare and submit applications, invoices, and cash flow forecasts
Manage client relationships and support monthly commercial reviews
Monitor project performance and escalate risks, variations, and commercial issues early
Administer subcontracts, including certification and change control
Manage change events, variations, and associated substantiation
Support project setup, reporting, and compliance with company systems and processes
Contribute to accurate monthly reporting and financial performance tracking
Support procurement, plant management, and cost control processes
Compile and agree final accounts
Essential
Degree in Quantity Surveying (or equivalent experience)
Working towards or achieved professional accreditation (e.g. RICS)
Experience within construction or infrastructure projects
Strong commercial awareness and financial management skills
Good knowledge of project reporting and commercial systems
Full UK driving licence
Desirable
Experience within power, utilities, or infrastructure sectors
Strong stakeholder engagement and communication skills
Experience managing or mentoring junior team members
Show more
Show less",Not Applicable,Full-time,Management and Manufacturing,Construction
4335505823,Bid Manager,BAM UK & Ireland,"Kilsyth, Scotland, United Kingdom",1 week ago,2026-07-28,https://uk.linkedin.com/jobs/view/bid-manager-at-bam-uk-ireland-4335505823,"Building a sustainable tomorrow
We have an exciting opportunity for an experienced Bid Manager to join our team in Scotland working on energy and civil engineering projects across the region.
Your team
BAM operates a flexible working policy.
Making Possible
This is a key role to support and assist in the management and preparation of timely bid submissions to secure projects for our development and delivery teams.
Your Key Activities Will Include
Responsible to the Pre-Construction Manager for the management and development of each bid to the agreed schedule and required quality.
Functional reporting line to the Bid Lead and close collaboration with all members of the Project Team.
Coordinate input from all members of the Project and Bid Team, including, Bid Writing, Commercial, Estimating, Planning, Design, Engineering,
Civil Construction, Rail System, SPC, Surveys, Integration and Procurement colleagues.
Work closely with functional staff in developing the plan for their input, as required for each proposal.
Provide support and technical information to the Bid Lead and his/her team to facilitate effective decision making.
What’s in it for you?
Competitive salary
A wide range of family-friendly policies
Company car/car allowance/travel allowance
8 % matched pension contributions
Private healthcare
Life assurance
26 days holiday
2 wellbeing days
1 volunteering day
Personal and professional development
What do you bring to the role?
Relevant experience in the successful delivery and/or coordinating development of bids, tenders and/or estimating submissions.
Project Management skills and the ability to develop and work within a successful team.
Excellent communication with demonstrable delivery of leadership.
Knowledge of/experience in the UK railway industry
Commercial skills.
Member of a relevant professional body with chartered status and/or educated to degree level is desirable.
Knowledge of/experience in Alliancing is desirable.
About BAM
Building a sustainable tomorrow. That’s our mission and our promise at BAM. It’s how we engineer vital infrastructure and construct high-quality buildings as one of the largest construction companies in Europe.
We strive to create an environment where everybody feels welcome and valued. We’re on an exciting journey to employ the best talent to join us regardless of social background, race, colour, religion, national or ethnic origin, sexual orientation, gender identity or expression, age, disability or other characteristics.
The application process
For more information about the vacancy and our projects, please contact Kirstin Alexander, Recruiter, BAM UK & Ireland (Infrastructure), Email: kirstin.alexander@bam.com
BAM is committed to ensuring a fully inclusive recruitment and onboarding process, so if at anytime you feel you may need any reasonable adjustments, do not hesitate to speak with one of our team, and we will do our best to support you.
Show more
Show less",Not Applicable,Full-time,Sales and Business Development,Construction
4444333559,Consultant Project Manager - Construction,Turner & Townsend,"Edinburgh, Scotland, United Kingdom",2 weeks ago,2026-07-24,https://uk.linkedin.com/jobs/view/consultant-project-manager-construction-at-turner-townsend-4444333559,"Turner & Townsend is a global professional services company with over 22,000 people in more than 60 countries.
Working with our clients across real estate, infrastructure, energy and natural resources, we transform together delivering outcomes that improve people’s lives. Working in partnership makes it possible to deliver the world’s most impactful projects and programmes as we turn challenge into opportunity and complexity into success.
Our capabilities include programme, project, cost, asset and commercial management, controls and performance, procurement and supply chain, net zero and digital solutions.
We are majority-owned by CBRE Group, Inc., the world’s largest commercial real estate services and investment firm, with our partners holding a significant minority interest. Turner & Townsend and CBRE work together to provide clients with the premier programme, project and cost management offering in markets around the world.
Please visit our website: www.turnerandtownsend.com
Job Description
We have several exciting opportunities for project management professionals to join our expanding Real Estate team in Edinburgh. Responsibilities include:
To lead project management commissions, taking responsibility for end to end service delivery.
To act as the key, day to day client interface, ensuring that client objectives are met and that projects are delivered to time and cost targets and the appropriate quality standards.
Project Managers handle commissions of varying scale and value; depending upon the complexity of the project etc., the normal would be up to £40m in value. However, where the service provided is advisory in nature, for example advising on urban re-generation funding, the overall project size may be much larger.
Project management, to include:
Advising at a strategic level at the project conception stage, including providing advice on the different approaches that can be adopted in order to successfully achieve the client’s overall objectives
Leading the establishment of the overall success criteria for the project, including time, cost, technical and performance parameters
Planning for and the ongoing management of quality, safety, health and environment issues
Establishing effective project governance, processes and systems to be utilised throughout project
Project planning, including ensuring the production of the detailed project plan
Advising upon the procurement of resources
Leading and facilitating the overall cross-functional project team
Monitoring and applying performance management techniques, including the use of KPI’s to improve project performance
Managing the change control process
Monitoring and advising upon project finances
Managing the flow of project information between the team and the client, through regular meetings and written communications
Ensuring the production of formal project progress and other reports
Taking a leading role in interfacing with the client and other consultants, at all project stages
Qualifications
Degree qualified in relevant discipline (desirable)
Proven experience managing construction/refurbishment projects, ideally in a consultancy environment (essential)
Additional Information
Our inspired people share our vision and mission. We provide a great place to work, where each person has the opportunity and voice to affect change.
We want our people to succeed both in work and life. To support this we promote a healthy, productive and flexible working environment that respects work-life balance.
Turner & Townsend is an equal opportunity employer. We celebrate diversity and are committed to creating an inclusive environment for all employees and actively encourage applications from all sectors of the community.
Please find out more about us at www.turnerandtownsend.com/
SOX control responsibilities may be part of this role, which are to be adhered to where applicable.
SOX control responsibilities may be part of this role, which are to be adhered to where applicable.
Join our social media conversations for more information about Turner & Townsend and our exciting future projects:
Twitter
Instagram
LinkedIn
It is strictly against Turner & Townsend policy for candidates to pay any fee in relation to our recruitment process. No recruitment agency working with Turner & Townsend will ask candidates to pay a fee at any time.
Any unsolicited resumes/CVs submitted through our website or to Turner & Townsend personal e-mail accounts, are considered property of Turner & Townsend and are not subject to payment of agency fees. In order to be an authorised Recruitment Agency/Search Firm for Turner & Townsend, there must be a formal written agreement in place and the agency must be invited, by the Recruitment Team, to submit candidates for review.
Show more
Show less",Mid-Senior level,Full-time,"Project Management, Consulting, and Engineering","Construction, Civil Engineering, and Business Consulting and Services"
4326499743,Assistant Cost Manager/ Cost Manager (Flood Alleviation),AECOM,"Edinburgh, Scotland, United Kingdom",8 months ago,2025-12-10,https://uk.linkedin.com/jobs/view/assistant-cost-manager-cost-manager-flood-alleviation-at-aecom-4326499743,"Company Description
Work with Us. Change the World.
At AECOM, we're delivering a better world. Whether improving your commute, keeping the lights on, providing access to clean water, or transforming skylines, our work helps people and communities thrive. We are the world's trusted infrastructure consulting firm, partnering with clients to solve the world’s most complex challenges and build legacies for future generations.
There has never been a better time to be at AECOM. With accelerating infrastructure investment worldwide, our services are in great demand. We invite you to bring your bold ideas and big dreams and become part of a global team of over 50,000 planners, designers, engineers, scientists, digital innovators, program and construction managers and other professionals delivering projects that create a positive and tangible impact around the world.
We're one global team driven by our common purpose to deliver a better world. Join us.
Job Description
Assistant Cost Manager/ Cost Manager (Flood Alleviation)
Here’s what you’ll do
As an Assistant Cost Manager/ Cost Manager, you will be expected to work as part of a team to successfully manage and deliver capital investment projects for flood alleviation schemes. In addition you will be expected to work with an Associate to successfully cost/commercially manage, coordinate and deliver -water projects.
The role will cover the whole project lifecycle from initial inception, through the design, procurement process and onto the site delivery and commissioning phases.
Additionally the role involves providing client-side cost/commercial management support during all stages of the project delivery lifecycle from option studies, option development, and construction tender support through to NEC contract administration and on-site delivery.
Support Cost/Commercial Management commissions, taking responsibility for their successful delivery.
Participation in appropriate meetings and proactively engaging in discussions, contributing to the PEP, preparing cost reports, assisting with procurement strategies and tender documentation, general post contract commercial management and administration
Proactively engaging with Client, contractor, and other stakeholders, being aware of the scope of service and ensuring we deliver within the agreed parameters and help to prevent disputes whenever possible.
Client-side cost management, including stakeholder, risk, and contract management
Support projects and commissions are delivered to the satisfaction of the client for quality, cost, and time
Develop strong relationships with clients and members of the cross-functional team
Support business development opportunities with existing and new clients
Provide support on contract management services on NEC4 contracts, administering through a contract management system.
Advise the client on procurement strategies and review tender documentation.
If you're passionate about innovation and turning bold ideas into reality, AECOM welcomes you. Join our team, where we don't just construct infrastructure but also uplift communities and enhance lives. Why not give our AECOM page on LinkedIn a follow to stay updated on the impactful projects we're working on and see firsthand the difference we're making in the industry!
Qualifications
Ready to push the limits of what’s possible?
Here’s what we’re looking for:
Infrastructure cost/commercial management experience (Water industry experience desirable)
Knowledge and understanding of NEC suite of contracts, particularly the Professional Services Contract (PSC) and Engineering and Construction Contract (ECC)
Experience of working as part of an integrated, multi-organisation, collaborative teams
Good communication and organisational skills
Relationship building skills –ability to build strong relationships with clients, teams, and stakeholders as well as an ability to build and maintain networks of business contacts.
Able to work under own initiative where appropriate working closely with the Senior Project Managers and Associates in the delivery of some of our projects.
A team player with a ‘can-do’ attitude, outgoing, polite, patient, diplomatic, personable, respectful, and flexible
Excellent IT Skills and the ability to utilize current digital tools.
Excellent numeracy, verbal, and written communication skills.
Ability to manage relationships both internally and externally.
Keen to work as part of a team and to develop and progress career development.
Engenders a right first-time approach.
Supporter of social and CSR activities, promoting a positive and enjoyable workplace.
Education, Professional Qualifications Requirements
The individuals proposed for the role will ideally demonstrate the following:
A minimum 3 years of experience in a consulting or contractor environment
A relevant degree such as in quantity surveying, or relevant subject. Alternatively, relevant experience in industry would be considered acceptable for exceptional candidates.
Good understanding and use of NEC suite of contracts, particularly the Professional Services Contract (PSC) and Engineering and Construction Contract (ECC)
Working towards becoming a member of a related professional body (Eg RICS or equivalent) (would be desirable.
You may be required to undertake and successfully complete security screening checks.
If you meet some of the requirements above or have transferable skills you believe would benefit us, we would be delighted to hear from you!
Additional Information
About AECOM
AECOM is the world’s trusted infrastructure consulting firm, delivering professional services throughout the project lifecycle – from advisory, planning, design and engineering to program and construction management. On projects spanning transportation, buildings, water, new energy and the environment, our public- and private-sector clients trust us to solve their most complex challenges. Our teams are driven by a common purpose to deliver a better world through our unrivaled technical and digital expertise, a culture of equity, diversity and inclusion, and a commitment to environmental, social and governance priorities. AECOM is a Fortune 500 firm and its Professional Services business had revenue of $14.4 billion in fiscal year 2023. See how we are delivering sustainable legacies for generations to come at aecom.com and @AECOM.
Freedom to Grow in a World of Opportunity
You will have the flexibility you need to do your best work with hybrid work options. Whether you’re working from an AECOM office, remote location or at a client site, you will be working in a dynamic environment where your integrity, entrepreneurial spirit and pioneering mindset are championed.
You will help us foster a safe and respectful workplace, where we invite everyone to bring their whole selves to work using their unique talents, backgrounds and expertise to create transformational outcomes for our clients.
AECOM provides a wide array of compensation, benefits and well-being programs to meet the diverse needs of our employees and their families. We’re the world’s trusted global infrastructure firm, and we’re in this together – your growth and success are ours too.
Join us, and you’ll get all the benefits of being a part of a global, publicly traded firm – access to industry-leading technology and thinking and transformational work with big impact and work flexibility. As an Equal Opportunity Employer, we believe in each person’s potential, and we’ll help you reach yours.
We are a Disability Confident Employer and will offer an interview to applicants who have a disability or long-term condition, who meet the minimum/essential criteria for the role. Please let us know using this email address ReasonableAccommodations@aecom.com if you would like to apply through the Disability Confident Interview Scheme.
All your information will be kept confidential according to EEO guidelines.
ReqID:
J10141679
Business Line:
B&P - Buildings & Places
Business Group:
DCS
Strategic Business Unit:
Europe & India
Career Area:
Survey & Estimation
Work Location Model:
Hybrid
Show more
Show less",Not Applicable,Full-time,Finance and Sales,"Architecture and Planning, Civil Engineering, and Construction"
4449223898,Senior Project Manager – Construction Consultancy,FindCore,"Glasgow, Scotland, United Kingdom",1 day ago,2026-08-07,https://uk.linkedin.com/jobs/view/senior-project-manager-%E2%80%93-construction-consultancy-at-findcore-4449223898,"About the Company
FindCore are thrilled to be assisting a leading multidisciplinary construction consultancy with the recruitment of a Project Manager.
About the Role
Permanent position. This role will be based in Glasgow. There are 3 roles available - Experienced PM or Senior PM or Assistant Director PM.
Responsibilities
Manage construction and property projects from feasibility through to completion and handover.
Act as the primary contact for clients and maintain strong working relationships.
Develop and monitor project programmes, budgets and delivery strategies.
Coordinate consultants, contractors, design teams and wider stakeholders.
Monitor project performance, risks, opportunities and mitigation measures.
Produce programme, financial and risk reports for clients and Directors.
Chair project meetings and ensure agreed actions are completed.
Support procurement, contract administration and project governance.
Monitor quality, costs, change control and key financial milestones.
Ensure projects are delivered safely, efficiently and in line with client expectations.
Ideal Qualifications
Relevant degree in Project Management, Construction Management, Quantity Surveying, Engineering, Architecture, Building Surveying or a related discipline.
Ideal Skills
Experience delivering construction or property projects within a consultancy or client-side environment.
Strong understanding of construction delivery, procurement routes and contract administration.
Excellent project planning, organisation and stakeholder-management skills.
Commercial awareness with experience monitoring project costs and budgets.
Confident managing multiple projects and competing priorities.
Proactive, solutions-focused approach with strong problem-solving skills.
High levels of professionalism, integrity and attention to detail.
Full UK driving licence would be advantageous.
Membership of RICS, APM, CIOB or ICE would be beneficial, although professional-development support is available.
Pay range and compensation package
Competitive salary + performance-related bonus + additional benefits.
Equal Opportunity Statement
For further information on this opportunity, or any other jobs, please apply via the link below or contact FindCore in the strictest confidence.
Show more
Show less",Not Applicable,Full-time,Project Management,Construction and Operations Consulting
4440949494,Design Manager,Contract Scotland,"Stirling, Scotland, United Kingdom",3 weeks ago,2026-07-15,https://uk.linkedin.com/jobs/view/design-manager-at-contract-scotland-4440949494,"I’m currently working with a highly respected and well-established residential contractor to recruit a Design Manager for their growing technical team. The role would suit an established Design Manager with experience in construction or residential development, but I would also be keen to speak with talented architects who are looking to transition into design management and develop their career within a contractor environment.
With a strong pipeline of projects and a commitment to quality, innovation, and sustainability, this organisation offers the opportunity to play a key role in the successful delivery of a diverse range of residential developments.
As Design Manager, you will work closely with internal departments, consultants, subcontractors, and project teams to coordinate and manage the design process from pre-construction through to project completion. You will ensure designs are practical, compliant, commercially viable, and delivered in line with programme requirements.
Responsibilities:
- Managing and coordinating the flow of design information across multiple residential developments.
- Leading design coordination meetings with consultants, technical specialists, and internal stakeholders.
- Reviewing drawings, specifications, and technical information to identify risks, clashes, and opportunities for improvement.
- Ensuring compliance with planning conditions, building regulations, statutory requirements, and project specifications.
- Supporting the delivery of buildable, cost-effective design solutions through value engineering and collaborative problem-solving.
- Monitoring design progress to ensure information is issued accurately and in line with project programmes.
- Working closely with construction, commercial, and technical teams to support successful project delivery.
- Driving best practice, innovation, and continuous improvement throughout the design process.
Requirements:
- Experience within a Design Manager or similar role.
- Alternatively, a background in architecture with a desire to move into a design management.
- Strong understanding of construction detailing, technical design, and buildability.
- Knowledge of current building regulations and residential construction standards.
- Excellent communication and stakeholder management skills.
- Proactive, organised, and capable of managing multiple priorities simultaneously.
- Ability to work collaboratively within multidisciplinary project teams.
On offer:
- Competitive salary and comprehensive benefits package.
- Opportunity to join a well-established and highly regarded residential contractor.
- Strong commitment to professional development and career progression.
Sound like the opportunity for you? Apply today!
Show more
Show less",Associate,Full-time,Design and Management,Construction and Building Construction
4426868477,Managing Quantity Surveyor,Balfour Beatty plc,"Glasgow, Scotland, United Kingdom",2 weeks ago,2026-07-20,https://uk.linkedin.com/jobs/view/managing-quantity-surveyor-at-balfour-beatty-plc-4426868477,"About The Role
We’re seeking a Managing Quantity Surveyor to lead the commercial function on the Isle of Skye works within the Skye 132kV Reinforcement Project, a major programme delivering critical energy infrastructure for remote communities across the Highlands and Islands.
You’ll take responsibility for the commercial strategy and performance of complex civil engineering and infrastructure activities, ensuring strong cost control, commercial governance and effective NEC contract management. You will play a key leadership role across the project, helping to navigate challenging and environmentally sensitive landscapes while ensuring value for money and compliance with client and stakeholder expectations.
Key Responsibilities
Leading cost and commercial management across major civils packages
Overseeing upstream and downstream NEC contract administration
Identifying, managing and mitigating commercial risk
Procurement leadership and strategic supply chain engagement
Accurate financial reporting, forecasting and budget control
Driving value‑for‑money opportunities and managing change control processes
Leading and developing commercial team members
You’ll bring proven commercial leadership experience on large infrastructure or civil engineering projects and will ideally be Chartered (RICS, ICES or CIOB). You will set the standard for commercial excellence and act as a mentor to developing commercial professionals, maintaining your own CPD.
Location:
This is a hybrid working role with occasional travel required to Fort Augustus and Isle of Skye.
What you'll be doing
Lead the commercial delivery of major power sector projects, ensuring profitability, sustainability, and client satisfaction.
Drive commercial strategy, manage risk, and uphold governance across complex contracts.
Coach and develop your team, setting high standards and fostering growth.
Build trusted relationships with clients, stakeholders, and partners through transparency and delivery.
Provide commercial input to value engineering reviews across various construction forms.
Support tender reviews, including cost data and contract analysis.
Prepare monthly CVRs and associated commercial reports.
Report and explain commercial progress to senior project staff.
Advise on client supply chain requirements and alternative procurement strategies.
Coordinate buying, accounts, planning, supply chain, procurement, estimating, and surveying functions
Who we're looking for
Proven experience as a Managing QS or a Senior QS ready to step up, ideally within large-scale infrastructure, energy, or power projects.
Strong professional QS skills and qualifications, with the ability to apply them in high-pressure environments.
FIDIC contract experience is desirable but not essential.
Results-driven mindset with a commitment to excellence.
Chartered Member or Fellow of RICS, ICES, or CIOB, and a mentor to junior commercial staff.
Strong alignment with Balfour Beatty's values: Lean, Expert, Trusted, Safe
Why work for us
Day in, day out, our teams deliver amazing projects in challenging conditions; developing, managing and maintaining the vital infrastructure and public spaces that modern economies, societies and communities rely on.
About Us
Balfour Beattys Power Transmission & Distribution teams work with regional, national and international electricity network owners and operators to provide technical engineering solutions. With experience and expertise across the full spectrum of the electricity grid our teams have capability across overhead lines, cable tunnels, distribution networks and substations. From scoping and feasibility, to design, construction and on-going maintenance, our in-house experts, flexible resources and industry-leading innovations support clients in the development of some of the worlds most ambitious power transmission and distribution projects.
At Balfour Beatty we are committed to creating a diverse workforce and an inclusive culture where everyone can be themselves and reach their full potential, not only because this is the right thing to do, but because it makes us a better business. To ensure we deliver on this commitment, we have a UK Diversity and Inclusion Action Plan which sets out the wide range of targeted, proactive, measurable steps we are taking to make this a reality. You can read our UK Diversity and Inclusion Action Plan in full at www.balfourbeatty.com/value_everyone
To help and support us with our desired commitment to create an inclusive culture we are members of WISE, enei, Business Disability Forum and Women into Construction. In 2020, we signed the Audeliss and Involve Open Letter to demonstrate our commitment to taking key long term and sustainable actions on Black Inclusion. Balfour Beatty is also a Gold Award holder in the Ministry of Defence 'Employer Recognition Scheme' and actively encourage applications from Armed Forces personnel, veterans and reservists.
As a Disability Confident Employer, we are committed to working with people who have disabilities and long-term health conditions to remove barriers for them in obtaining employment. We are also committed to offering applicants with a disability an interview if they meet the minimum requirements for the role. Further information on Disability Confident can be found at: https://disabilityconfident.campaign.gov.uk/
Show more
Show less",Not Applicable,Full-time,Management and Manufacturing,Construction
4328078615,ECC Project Manager,Turner & Townsend,"Edinburgh, Scotland, United Kingdom",2 weeks ago,2026-07-21,https://uk.linkedin.com/jobs/view/ecc-project-manager-at-turner-townsend-4328078615,"Turner & Townsend is a global professional services company with over 22,000 people in more than 60 countries.
Working with our clients across real estate, infrastructure, energy and natural resources, we transform together delivering outcomes that improve people’s lives. Working in partnership makes it possible to deliver the world’s most impactful projects and programmes as we turn challenge into opportunity and complexity into success.
Our capabilities include programme, project, cost, asset and commercial management, controls and performance, procurement and supply chain, net zero and digital solutions.
We are majority-owned by CBRE Group, Inc., the world’s largest commercial real estate services and investment firm, with our partners holding a significant minority interest. Turner & Townsend and CBRE work together to provide clients with the premier programme, project and cost management offering in markets around the world.
Please visit our website: www.turnerandtownsend.com
Job Description
If you are looking to broaden your industry experience and progress your career within project management, our PM Infrastructure Scotland team are seeking experienced Project Managers with experience in undertaking the NEC Supervisor role who are looking to develop their careers into a senior position. Working on a range of industry leading infrastructure projects, we will support you in finding the right role within the infrastructure sector including transportation, utilities and highways within our client base.
MAIN PURPOSE OF ROLE
Carry out the role of Supervisor under the NEC4 Engineering and Construction Contract with an ability to understand project documentation: drawings and specifications, with lived on-site construction delivery experience.
The skillset required to undertake this role shall include but not be limited to:
NEC ECC PM / NEC Supervisor Accreditation or ability to achieve accreditation
Experience of the construction phase associated with infrastructure projects, ie. highways, structures, utilities, etc;
Ability to travel to site to provide a site-based Supervisor resource;
Experience of construction design and project documents to manage compliance with ability to deliver the project outcomes;
Good industry knowledge relative to the latest legislation, environmental and statutory consents;
Good stakeholder management and communication skills;
Experience of chairing project meetings and reporting;
Experience of the NEC suite of Contracts and ability to demonstrate knowledge and understanding of the Contracts and Contract Notices.
In addition to the above experience specific to a NEC Supervisor, the below experience is preferable but not mandatory:
Ability to lead Project Management Commissions, taking responsibility for end to end service delivery, often with respect to large or complex projects.
Ability to act as the key, day to day client interface, ensuring that client objectives are met and that projects are delivered to time and cost targets and the appropriate quality standards.
SCOPE
Project Managers and NEC Supervisors can be involved in commissions of varying sizes, depending upon the complexity of the project, etc.  Typically, projects requiring this role will fall within the £10m to £25m range.
Qualifications
KEY PERFORMANCE INDICATORS
A Project Manager / NEC Supervisor will in part be judged by the extent to which:
Projects are managed and delivered to the right quality standards and are completed efficiently, on time and to budget
Project delivery meets the client’s objectives and is in line with the conditions of appointment
The project team is led effectively
Strong relationships are developed with clients and members of the cross-functional team
Business development opportunities with existing and new clients, including cross- selling opportunities, are identified and acted upon
The internal financial status of all projects is effectively monitored
Key information and data is effectively cascaded and appropriately retained
Qualifications
Candidates will ideally be degree qualified (Civil Engineering)
Experience on large scheme projects (£100m plus)
NEC: ECC Project Manager accreditation
NEC Supervisor Accreditation
Preferred if chartered/qualified with ICE, APM, RICS etc
Additional Information
Turner & Townsend is an equal opportunity employer. We celebrate diversity and are committed to creating an inclusive environment for all employees and actively encourage applications from all sectors of the community.
Please find out more about us at www.turnerandtownsend.com
SOX control responsibilities may be part of this role, which are to be adhered to where applicable.
SOX control responsibilities may be part of this role, which are to be adhered to where applicable.
Join our social media conversations for more information about Turner & Townsend and our exciting future projects:
Twitter
Instagram
LinkedIn
It is strictly against Turner & Townsend policy for candidates to pay any fee in relation to our recruitment process. No recruitment agency working with Turner & Townsend will ask candidates to pay a fee at any time.
Any unsolicited resumes/CVs submitted through our website or to Turner & Townsend personal e-mail accounts, are considered property of Turner & Townsend and are not subject to payment of agency fees. In order to be an authorised Recruitment Agency/Search Firm for Turner & Townsend, there must be a formal written agreement in place and the agency must be invited, by the Recruitment Team, to submit candidates for review.
Show more
Show less",Mid-Senior level,Full-time,Project Management,"Construction, Civil Engineering, and Business Consulting and Services"
4444330635,Project Engineer,Siemens Energy,"Glasgow, Scotland, United Kingdom",2 weeks ago,2026-07-24,https://uk.linkedin.com/jobs/view/project-engineer-at-siemens-energy-4444330635,"A Snapshot of Your Day
Join us in shaping the future of energy! As a Senior Project Engineer within our Grid Technologies Substations division, you will play a pivotal role in delivering critical infrastructure projects for key UK energy clients, SPEN and SSE. You will lead comprehensive project planning and execution, ensuring that every phase from design to final handover is meticulously managed. Engage with stakeholders and clients to foster strong relationships, while maintaining rigorous financial and commercial control to ensure project profitability. Your expertise in managing complex engineering projects will be essential as you navigate the challenges of the high-voltage sector, making a significant impact on the energy landscape.
How You’ll Make An Impact
You will develop and manage comprehensive project plans, schedules, and resource allocations for substation projects, ensuring alignment with client requirements (SPEN/SSE).
Oversee all project phases from design and procurement through to construction, commissioning, and final handover.
Implement and enforce quality control and health & safety (H&S) standards across all project sites and activities.
Proactively identify, assess, and mitigate project risks, including technical, commercial, and scheduling issues.
Manage all project documentation, including progress reports, change orders, and final closure documents to ensure a complete project record.
What You Bring
You hold a Bachelor’s degree in Electrical Engineering, Mechanical Engineering, Civil Engineering, or a related technical field.
Proven experience as a Project Engineer or Project Manager, successfully delivering complex engineering or construction projects within the high-voltage power transmission, distribution, or substation sector.
You have demonstrable experience managing project budgets, schedules, and cross-functional teams.
Experience working with major UK utility clients is highly desirable.
Relevant certifications such as Project Management Professional (PMP) and APM Project Management Qualification (PMQ) are a plus.
About The Team
Our Grid Technology division enables a reliable, sustainable, and digital grid. The power grid is the backbone of the energy transition. Siemens Energy offers a leading portfolio and solutions in HVDC transmission, grid stabilization and storage, high voltage switchgears and transformers, and digital grid technology.
Who is Siemens Energy?
At Siemens Energy, we are more than just an energy technology company. With +100,000 dedicated employees in more than 90 countries, we develop the energy systems of the future, ensuring that the growing energy demand of the global community is met reliably and sustainably. The technologies created in our research departments and factories drive the energy transition and provide the base for one sixth of the world’s electricity generation.
Our global team is committed to making sustainable, reliable, and affordable energy a reality by pushing the boundaries of what is possible. We uphold a 150-year legacy of innovation that encourages our search for people who will support our focus on decarbonization, new technologies, and energy transformation.
Find out how you can make a difference at Siemens Energy: https://www.siemens-energy.com/employeevideo
Our Commitment to Diversity
Lucky for us, we are not all the same. Through diversity, we generate power. We run on inclusion, and our combined creative energy is fueled by over 130 nationalities. Siemens Energy celebrates character—no matter what ethnic background, gender, age, religion, identity, or disability. We energize society, all of society, and we do not discriminate based on our differences.
Rewards/Benefits
Here are examples of the rewards and benefits Siemens Energy offers:
Opportunities to work with a global team
Opportunities to work on and lead a variety of innovative projects
Medical benefits
Remote/Flexible work
Time off/Paid holidays and parental leave
Continual learning through the Learn@Siemens-Energy platform
Access to a variety of employee resource groups
Show more
Show less",Not Applicable,Full-time,Project Management,"Appliances, Electrical, and Electronics Manufacturing"
4449235211,Project Manager (Associate Director) - Construction,FindCore,"Glasgow, Scotland, United Kingdom",1 day ago,2026-08-07,https://uk.linkedin.com/jobs/view/project-manager-associate-director-construction-at-findcore-4449235211,"About the Company
FindCore are thrilled to be assisting a leading multidisciplinary construction consultancy with the recruitment of a Project Manager.
About the Role
Permanent position. This role will be based in Glasgow. There are 3 roles available - Experienced PM or Senior PM or Associate Director PM.
Responsibilities
Manage construction and property projects from feasibility through to completion and handover.
Act as the primary contact for clients and maintain strong working relationships.
Develop and monitor project programmes, budgets and delivery strategies.
Coordinate consultants, contractors, design teams and wider stakeholders.
Monitor project performance, risks, opportunities and mitigation measures.
Produce programme, financial and risk reports for clients and Directors.
Chair project meetings and ensure agreed actions are completed.
Support procurement, contract administration and project governance.
Monitor quality, costs, change control and key financial milestones.
Ensure projects are delivered safely, efficiently and in line with client expectations.
Ideal Qualifications
Relevant degree in Project Management, Construction Management, Quantity Surveying, Engineering, Architecture, Building Surveying or a related discipline.
Ideal Skills
Experience delivering construction or property projects within a consultancy or client-side environment.
Strong understanding of construction delivery, procurement routes and contract administration.
Excellent project planning, organisation and stakeholder-management skills.
Commercial awareness with experience monitoring project costs and budgets.
Confident managing multiple projects and competing priorities.
Proactive, solutions-focused approach with strong problem-solving skills.
High levels of professionalism, integrity and attention to detail.
Full UK driving licence would be advantageous.
Membership of RICS, APM, CIOB or ICE would be beneficial, although professional-development support is available.
Pay range and compensation package
Competitive salary + performance-related bonus + additional benefits.
Equal Opportunity Statement
For further information on this opportunity, or any other jobs, please apply via the link below or contact FindCore in the strictest confidence.
Show more
Show less",Not Applicable,Full-time,Project Management,Construction and Operations Consulting
4328117147,Senior Project Manager,Turner & Townsend,Greater Glasgow Area,2 weeks ago,2026-07-23,https://uk.linkedin.com/jobs/view/senior-project-manager-at-turner-townsend-4328117147,"Turner & Townsend is a global professional services company with over 22,000 people in more than 60 countries.
Working with our clients across real estate, infrastructure, energy and natural resources, we transform together delivering outcomes that improve people’s lives. Working in partnership makes it possible to deliver the world’s most impactful projects and programmes as we turn challenge into opportunity and complexity into success.
Our capabilities include programme, project, cost, asset and commercial management, controls and performance, procurement and supply chain, net zero and digital solutions.
We are majority-owned by CBRE Group, Inc., the world’s largest commercial real estate services and investment firm, with our partners holding a significant minority interest. Turner & Townsend and CBRE work together to provide clients with the premier programme, project and cost management offering in markets around the world.
Please visit our website: www.turnerandtownsend.com
Job Description
If you are looking to broaden your industry experience and progress your career within project management, our Glasgow team are seeking experienced Project Managers looking to develop their career into a senior position. Working on a range of industry leading infrastructure projects, we will support you in finding the right role within transportation, utilities and highways within our client base.
MAIN PURPOSE OF ROLE
To lead Project Management Commissions, taking responsibility for end to end service delivery, often with respect to large or complex projects.
To act as the key, day to day client interface, ensuring that client objectives are met and that projects are delivered to time and cost targets and the appropriate quality standards.
SCOPE
Senior Project Managers handle commissions of varying sizes, depending upon the complexity of the project, etc.  Typically, projects fall within the £10m to £25m range.  However, where the service provided is advisory in nature, for example advising on urban re-generation funding, the overall project size may be much larger.
KEY ACCOUNTABILITIES
Project management, to include:
Advising at a strategic level at the project inception stage, including providing advice on the different approaches that can be adopted in order to successfully achieve the client’s overall objectives
Preparing and maintaining definitions of project requirements
Helping to establish the overall success criteria for the project, including time, cost, technical and performance parameters
Establishing effective project governance, processes and systems to be utilised throughout project
Preparing and maintaining schedules of activity, including producing the master project plan
Managing the development of the project in accordance with approved plans and targets
Developing and implementing resource plans and procurement of resources
Leading and facilitating the overall cross-functional project team
Monitoring and applying performance management techniques, including the use of KPI’s to improve project performance
Managing the change control process
Developing and agreeing budgets and controlling forecast and actual costs against them
Managing the flow of project information between the team and the client, through regular meetings and written communications
Identifying and monitoring project risks and planning and implementing risk mitigations
Preparing formal project progress and other reports
Taking a leading role in interfacing with the client, other consultants, and managing stakeholders at all project stages
Advising the client regarding Health & Safety and Environmental issues and risks
Planning for and the ongoing management of quality, safety, health and environment issues
Qualifications
KEY PERFORMANCE INDICATORS
A Senior Project Manager will in part be judged by the extent to which:
Projects are managed to the right quality standards and are completed efficiently, on time and to budget
Project delivery meets the client’s objectives and is in line with the conditions of appointment
The project team is led effectively
Strong relationships are developed with clients and members of the cross-functional team
General line management responsibilities (where appropriate) are effectively discharged
Business development opportunities with existing and new clients, including cross- selling opportunities, are identified and acted upon
The internal financial status of all projects is effectively monitored
Key information and data is effectively cascaded and appropriately retained
Qualifications
Candidates will ideally be degree qualified (Civil Engineering)
Experience on large scheme projects (£100m plus)
NEC: ECC Project Manager accreditation
Preferred if chartered/qualified with ICE, APM, RICS etc
Additional Information
Our inspired people share our vision and mission. We provide a great place to work, where each person has the opportunity and voice to affect change.
We want our people to succeed both in work and life. To support this we promote a healthy, productive and flexible working environment that respects work-life balance.
Turner & Townsend is an equal opportunity employer. We celebrate diversity and are committed to creating an inclusive environment for all employees and actively encourage applications from all sectors of the community.
Please find out more about us at www.turnerandtownsend.com/
SOX control responsibilities may be part of this role, which are to be adhered to where applicable.
Join our social media conversations for more information about Turner & Townsend and our exciting future projects:
Twitter
Instagram
LinkedIn
It is strictly against Turner & Townsend policy for candidates to pay any fee in relation to our recruitment process. No recruitment agency working with Turner & Townsend will ask candidates to pay a fee at any time.
Any unsolicited resumes/CVs submitted through our website or to Turner & Townsend personal e-mail accounts, are considered property of Turner & Townsend and are not subject to payment of agency fees. In order to be an authorised Recruitment Agency/Search Firm for Turner & Townsend, there must be a formal written agreement in place and the agency must be invited, by the Recruitment Team, to submit candidates for review.
Show more
Show less",Mid-Senior level,Full-time,Engineering,"Construction, Civil Engineering, and Business Consulting and Services"
4422001498,Senior Project Manager,Turner & Townsend,Greater Glasgow Area,1 week ago,2026-07-31,https://uk.linkedin.com/jobs/view/senior-project-manager-at-turner-townsend-4422001498,"Turner & Townsend is a global professional services company with over 22,000 people in more than 60 countries.
Working with our clients across real estate, infrastructure, energy and natural resources, we transform together delivering outcomes that improve people’s lives. Working in partnership makes it possible to deliver the world’s most impactful projects and programmes as we turn challenge into opportunity and complexity into success.
Our capabilities include programme, project, cost, asset and commercial management, controls and performance, procurement and supply chain, net zero and digital solutions.
We are majority-owned by CBRE Group, Inc., the world’s largest commercial real estate services and investment firm, with our partners holding a significant minority interest. Turner & Townsend and CBRE work together to provide clients with the premier programme, project and cost management offering in markets around the world.
Please visit our website: www.turnerandtownsend.com
Job Description
If you are looking to broaden your industry experience and progress your career within project management, our Glasgow team are seeking experienced Project Managers looking to develop their career into a senior position. Working on a range of industry leading infrastructure projects, we will support you in finding the right role within transportation, utilities and highways within our client base.
MAIN PURPOSE OF ROLE
To lead Project Management Commissions, taking responsibility for end to end service delivery, often with respect to large or complex projects.
To act as the key, day to day client interface, ensuring that client objectives are met and that projects are delivered to time and cost targets and the appropriate quality standards.
SCOPE
Senior Project Managers handle commissions of varying sizes, depending upon the complexity of the project, etc.  Typically, projects fall within the £10m to £25m range.  However, where the service provided is advisory in nature, for example advising on urban re-generation funding, the overall project size may be much larger.
KEY ACCOUNTABILITIES
Project management, to include:
Advising at a strategic level at the project inception stage, including providing advice on the different approaches that can be adopted in order to successfully achieve the client’s overall objectives
Preparing and maintaining definitions of project requirements
Helping to establish the overall success criteria for the project, including time, cost, technical and performance parameters
Establishing effective project governance, processes and systems to be utilised throughout project
Preparing and maintaining schedules of activity, including producing the master project plan
Managing the development of the project in accordance with approved plans and targets
Developing and implementing resource plans and procurement of resources
Leading and facilitating the overall cross-functional project team
Monitoring and applying performance management techniques, including the use of KPI’s to improve project performance
Managing the change control process
Developing and agreeing budgets and controlling forecast and actual costs against them
Managing the flow of project information between the team and the client, through regular meetings and written communications
Identifying and monitoring project risks and planning and implementing risk mitigations
Preparing formal project progress and other reports
Taking a leading role in interfacing with the client, other consultants, and managing stakeholders at all project stages
Advising the client regarding Health & Safety and Environmental issues and risks
Planning for and the ongoing management of quality, safety, health and environment issues
Qualifications
KEY PERFORMANCE INDICATORS
A Senior Project Manager will in part be judged by the extent to which:
Projects are managed to the right quality standards and are completed efficiently, on time and to budget
Project delivery meets the client’s objectives and is in line with the conditions of appointment
The project team is led effectively
Strong relationships are developed with clients and members of the cross-functional team
General line management responsibilities (where appropriate) are effectively discharged
Business development opportunities with existing and new clients, including cross- selling opportunities, are identified and acted upon
The internal financial status of all projects is effectively monitored
Key information and data is effectively cascaded and appropriately retained
Qualifications
Candidates will ideally be degree qualified (Civil Engineering)
Experience on large scheme projects (£100m plus)
NEC: ECC Project Manager accreditation
Preferred if chartered/qualified with ICE, APM, RICS etc
Additional Information
Our inspired people share our vision and mission. We provide a great place to work, where each person has the opportunity and voice to affect change.
We want our people to succeed both in work and life. To support this we promote a healthy, productive and flexible working environment that respects work-life balance.
Turner & Townsend is an equal opportunity employer. We celebrate diversity and are committed to creating an inclusive environment for all employees and actively encourage applications from all sectors of the community.
Please find out more about us at www.turnerandtownsend.com/
SOX control responsibilities may be part of this role, which are to be adhered to where applicable.
Join our social media conversations for more information about Turner & Townsend and our exciting future projects:
Twitter
Instagram
LinkedIn
It is strictly against Turner & Townsend policy for candidates to pay any fee in relation to our recruitment process. No recruitment agency working with Turner & Townsend will ask candidates to pay a fee at any time.
Any unsolicited resumes/CVs submitted through our website or to Turner & Townsend personal e-mail accounts, are considered property of Turner & Townsend and are not subject to payment of agency fees. In order to be an authorised Recruitment Agency/Search Firm for Turner & Townsend, there must be a formal written agreement in place and the agency must be invited, by the Recruitment Team, to submit candidates for review.
Show more
Show less",Mid-Senior level,Full-time,Engineering,"Construction, Civil Engineering, and Business Consulting and Services"
4410175334,Associate CSA Project Manager - Data Centres (Nordics),Arcadis,"Edinburgh, Scotland, United Kingdom",3 days ago,2026-08-06,https://uk.linkedin.com/jobs/view/associate-csa-project-manager-data-centres-nordics-at-arcadis-4410175334,"Arcadis is the world's leading company delivering sustainable design, engineering, and consultancy solutions for natural and built assets.
We are more than 36,000 people, in over 70 countries, dedicated to improving quality of life. Everyone has an important role to play. With the power of many curious minds, together we can solve the world’s most complex challenges and deliver more impact together.
Role description:
Play a key role delivering tech sector mega-projects.
We are looking for an experienced Associate CSA Project Manager/Owner’s Representative to join our rapidly growing team. You will play a key role in delivering one of our biggest data centre construction projects in Finland.
You can be based either 100% in country, or there will be significant international travel to Finland or Norway.
Role accountabilities:
You’ll be responsible for managing all stages of hyperscale data centre construction projects, taking projects through pre-construction, construction, and close out/fit-up.
Day-to-day this includes but is not limited to:
Pre-construction
Working with the client and general contractor to create and establish the Master Project Schedule and Master Project Budget
Supporting Contractor pre-qualification, bid solicitation, bid analysis and recommendations
Supporting contract negotiations
Assisting the client and the Client’s team in identifying, scoping, buying-out and scheduling of all Owner-direct vendors and consultants
Construction
Managing the General Contractor and other directly contracted vendors on the ground
Coordinating Value Engineering efforts during the construction phase
Working with the Client’s commercial and PCG team to develop Budget Management and Tracking
Liaising with the Client’s schedule management team to provide Schedule monitoring, tracking and analysis
Close out/Fit up
Initiating close out process prior to project completion, typically two to three months in advance
Establishing close out documentation requirements with the Client’s document controller. Collect and track receipt of all close out documents until completion, including warranties, as-builts, O&M manuals, etc.
Assisting with City and/or other Authority final inspections and occupancy process.
Assisting the Client in scheduling, coordination and management of all Owner-direct vendors, consultants.
Qualifications & Experience:
First and foremost, you share our passion for improving the quality of life. You pride yourself for the part you play in transforming the world around you and understand the importance of teamwork. You are a technically capable and come to us with:
An in-depth understanding of large-scale technical projects and construction techniques.
Ability to manage technical disciplines.
Experience working on Data Centre new build and refurbishment projects, preferably on hyperscale builds, would be advantageous
Ability to commit to significant international travel
Why Arcadis?
We can only achieve our goals when everyone is empowered to be their best. We believe everyone's contribution matters. It’s why we are pioneering a skills-based approach, where you can harness your unique experience and expertise to carve your career path and maximize the impact we can make together.
You’ll do meaningful work, and no matter what role, you’ll be helping to deliver sustainable solutions for a more prosperous planet. Make your mark, on your career, your colleagues, your clients, your life and the world around you.
Together, we can create a lasting legacy.
Join Arcadis. Create a Legacy.
Our Commitment to Equality, Diversity, Inclusion & Belonging
We want you to be able to bring your best self to work every day which is why we take equality and inclusion seriously and hold ourselves to account for our actions. Our ambition is to be an employer of choice and provide a great place to work for all our people. We believe that by working together diverse people with different experiences develop the most innovative ideas. Equality, diversity and inclusion is at the heart of how we improve quality of life and we work closely with our people across six ED&I Workstreams: Age, Disability, Faith, Gender, LGBT+ and Race. A diverse and skilled workforce is essential to our success.
Show more
Show less",Mid-Senior level,Full-time,Other,Professional Services
4410175335,Associate CSA Project Manager - Data Centres (Nordics),Arcadis,"Glasgow, Scotland, United Kingdom",3 days ago,2026-08-06,https://uk.linkedin.com/jobs/view/associate-csa-project-manager-data-centres-nordics-at-arcadis-4410175335,"Arcadis is the world's leading company delivering sustainable design, engineering, and consultancy solutions for natural and built assets.
We are more than 36,000 people, in over 70 countries, dedicated to improving quality of life. Everyone has an important role to play. With the power of many curious minds, together we can solve the world’s most complex challenges and deliver more impact together.
Role description:
Play a key role delivering tech sector mega-projects.
We are looking for an experienced Associate CSA Project Manager/Owner’s Representative to join our rapidly growing team. You will play a key role in delivering one of our biggest data centre construction projects in Finland.
You can be based either 100% in country, or there will be significant international travel to Finland or Norway.
Role accountabilities:
You’ll be responsible for managing all stages of hyperscale data centre construction projects, taking projects through pre-construction, construction, and close out/fit-up.
Day-to-day this includes but is not limited to:
Pre-construction
Working with the client and general contractor to create and establish the Master Project Schedule and Master Project Budget
Supporting Contractor pre-qualification, bid solicitation, bid analysis and recommendations
Supporting contract negotiations
Assisting the client and the Client’s team in identifying, scoping, buying-out and scheduling of all Owner-direct vendors and consultants
Construction
Managing the General Contractor and other directly contracted vendors on the ground
Coordinating Value Engineering efforts during the construction phase
Working with the Client’s commercial and PCG team to develop Budget Management and Tracking
Liaising with the Client’s schedule management team to provide Schedule monitoring, tracking and analysis
Close out/Fit up
Initiating close out process prior to project completion, typically two to three months in advance
Establishing close out documentation requirements with the Client’s document controller. Collect and track receipt of all close out documents until completion, including warranties, as-builts, O&M manuals, etc.
Assisting with City and/or other Authority final inspections and occupancy process.
Assisting the Client in scheduling, coordination and management of all Owner-direct vendors, consultants.
Qualifications & Experience:
First and foremost, you share our passion for improving the quality of life. You pride yourself for the part you play in transforming the world around you and understand the importance of teamwork. You are a technically capable and come to us with:
An in-depth understanding of large-scale technical projects and construction techniques.
Ability to manage technical disciplines.
Experience working on Data Centre new build and refurbishment projects, preferably on hyperscale builds, would be advantageous
Ability to commit to significant international travel
Why Arcadis?
We can only achieve our goals when everyone is empowered to be their best. We believe everyone's contribution matters. It’s why we are pioneering a skills-based approach, where you can harness your unique experience and expertise to carve your career path and maximize the impact we can make together.
You’ll do meaningful work, and no matter what role, you’ll be helping to deliver sustainable solutions for a more prosperous planet. Make your mark, on your career, your colleagues, your clients, your life and the world around you.
Together, we can create a lasting legacy.
Join Arcadis. Create a Legacy.
Our Commitment to Equality, Diversity, Inclusion & Belonging
We want you to be able to bring your best self to work every day which is why we take equality and inclusion seriously and hold ourselves to account for our actions. Our ambition is to be an employer of choice and provide a great place to work for all our people. We believe that by working together diverse people with different experiences develop the most innovative ideas. Equality, diversity and inclusion is at the heart of how we improve quality of life and we work closely with our people across six ED&I Workstreams: Age, Disability, Faith, Gender, LGBT+ and Race. A diverse and skilled workforce is essential to our success.
Show more
Show less",Mid-Senior level,Full-time,Other,Professional Services
4447092866,Project Manager (Water Projects - Asset Management),WSP in the UK & Ireland,"Edinburgh, Scotland, United Kingdom",1 week ago,2026-07-30,https://uk.linkedin.com/jobs/view/project-manager-water-projects-asset-management-at-wsp-in-the-uk-ireland-4447092866,"Job Description
What if you could shape a career as unique as you?
At WSP, you can always find opportunities to grow and do what matters to you. Make the most of our global reach to discover new challenges and chances to work with diverse, talented individuals who will help you expand your horizons.
A Little More About Your Role…
Due to the scale of work required for AMP8, we are looking for experienced and committed individuals to join our Water team. This role will sit within the Asset Management team and will involve working with our experienced multidisciplinary teams of technical experts.
As a Project Manager within the Asset Management team, you will work on a range of infrastructure and non-infrastructure projects for a variety of water industry and industrial clients.
You will be responsible for the planning, execution, monitoring and control, and completion of a defined project or defined work packages within a range of major projects or programmes to meet the client's project objectives. This includes leading, guiding and developing multidisciplinary project teams, championing high-quality delivery, and promoting a focus on health and safety.
Your day-to-day will include….
Manage project proposals including determining project requirements, scope, resources, programme, and cost estimates (budgets) for delivering the project.
Own the P&L with associated commercial and financial accountability including revenue delivery, margin and overhead management, budget and forecast determination and attainment, risk and opportunity reviews, cost controls, accounts payable/billing and cash collection.
Develop of project management documentation including project management plans, cost estimates and forecasts, risk registers, project schedules, stakeholder registers, project organisation charts etc. to successfully delivery the project objectives.
Monitor and control the project schedule, manhours, budgets, forecasts, and expenditure.
Ensure effective contract management including contract administration and change management.
Managing project deliverables, information, and records.
Effectively and accurately communicate relevant project information to the project team and customer
Anticipate and take pre-emptive action to address issues and potential conflict situations that may impact on project delivery.
Lead multi-disciplinary project teams consisting of technical/professional staff and suppliers.
Promote a culture of continuous improvement and captures lessons learned.
What We Will Be Looking For You To Demonstrate…
Proven experience in the delivery of infrastructure projects (exposure within the regulated water industry and / or non-regulated water projects would be highly advantageous but not essential).
Working knowledge or accreditation in NEC supported with the necessary technical and practical skills to administer NEC Contracts.
Membership of professional institutions such as: Association for Project Management (APM), Project Management Institute (PMI) or Member of Institute of Civil Engineers (MICE) etc.
Proficiency in use of project management tools and software.
Demonstrate competence in stakeholder management, risk, planning/scheduling, and commercial management.
We have multiple roles to fulfil and therefore can consider a range of skills and experience, to collectively strengthen our team’s capacity and technical and applied project management capabilities.
Qualifications
MSc and/or BSc degree in a relevant discipline (e.g. civil, earth sciences, environmental science, geography).
You will have gained, or be working towards, chartership with a relevant professional body.
Imagine a better future for you and a better future for us all.
Join our close-knit community of talented individuals who share your passion for making a positive impact. Our global team includes more than 69,000 employees, working together to make a difference in communities both close to home and around the world.
With us, you can. Apply today.
About Us
We are one of the world’s leading engineering and professional services firms. Our passionate people are united by the common purpose of creating positive, long-lasting impacts on the communities we serve through a culture of innovation, integrity, and inclusion. With over 11,000 professionals across the UK and Ireland, we are dedicated to our local communities and propelled by international brainpower.
WHAT’S IN IT FOR YOU?
Work-life balance
At WSP, we understand that work is just one aspect of your life. It’s important to make time for you, your family, friends, interests and your community.
Our hybrid working policy offers the flexibility to work from home two days a week, while also providing opportunities to collaborate in our modern offices across the UK.
Inclusivity & Belonging
We welcome applicants with varied backgrounds and experiences. We enable rewarding careers by encouraging people to bring their whole and authentic selves to work so that our work represents the fullest spectrum of society. We celebrate integrity and treat people with respect, supporting each other and embracing a culture of inclusion and belonging at WSP. We have our employee resource groups bring together employees and allies with different backgrounds to promote a culture of inclusivity.
Health & Wellbeing
We are committed to supporting our people, giving you the tools to make improvements to your health and wellbeing through our Thrive programme.
Our Virtual GP service gives you access to an NHS or Irish Medical Council GP at a time and place that suits you – giving you peace of mind and quick access to medical advice when you need it most. We also provide reasonable workplace adjustments for those in need. Additionally, you can benefit from the Gymflex scheme, which offers up to 40% off annual gym memberships through our WSP flexible benefits program, as well as a comprehensive menopause support package.
Flex your time
To enhance work-life balance, WSP offers the “WSP My Hour,” allowing you to take one hour each day for personal activities, with the flexibility to make up the time earlier or later that day.
We also provide part-time and flexible working arrangements, the option to purchase additional leave, and the ability to use your bank holiday entitlement to suit you.
Your development
We understand the importance of development and training to you. That’s why we foster a supportive environment that invests in your growth, whether through training, mentoring, or Chartership.
#WeAreWSP
Here at WSP we positively encourage applications from suitably qualified and eligible candidates regardless of sex, race, disability, age, sexual orientation, gender reassignment, religion or belief, marital status, pregnancy or maternity/paternity. As a Disability Confident leader, we will interview all disabled applicants who meet the essential criteria, please let us know if you require any workplace adjustments in support of your application.
Show more
Show less",Not Applicable,Full-time,Project Management and Information Technology,Professional Services
4448047479,Construction Project Manager,FindCore,"Glasgow, Scotland, United Kingdom",3 days ago,2026-08-05,https://uk.linkedin.com/jobs/view/construction-project-manager-at-findcore-4448047479,"About the Company
FindCore are thrilled to be assisting a leading multidisciplinary construction consultancy with the recruitment of a Project Manager.
About the Role
Permanent position. This role will be based in Glasgow. There are 3 roles available - Experienced PM or Senior PM or Assistant Director PM.
Responsibilities
Manage construction and property projects from feasibility through to completion and handover.
Act as the primary contact for clients and maintain strong working relationships.
Develop and monitor project programmes, budgets and delivery strategies.
Coordinate consultants, contractors, design teams and wider stakeholders.
Monitor project performance, risks, opportunities and mitigation measures.
Produce programme, financial and risk reports for clients and Directors.
Chair project meetings and ensure agreed actions are completed.
Support procurement, contract administration and project governance.
Monitor quality, costs, change control and key financial milestones.
Ensure projects are delivered safely, efficiently and in line with client expectations.
Ideal Qualifications
Relevant degree in Project Management, Construction Management, Quantity Surveying, Engineering, Architecture, Building Surveying or a related discipline.
Ideal Skills
Experience delivering construction or property projects within a consultancy or client-side environment.
Strong understanding of construction delivery, procurement routes and contract administration.
Excellent project planning, organisation and stakeholder-management skills.
Commercial awareness with experience monitoring project costs and budgets.
Confident managing multiple projects and competing priorities.
Proactive, solutions-focused approach with strong problem-solving skills.
High levels of professionalism, integrity and attention to detail.
Full UK driving licence would be advantageous.
Membership of RICS, APM, CIOB or ICE would be beneficial, although professional-development support is available.
Pay range and compensation package
Competitive salary + performance-related bonus + additional benefits.
Equal Opportunity Statement
For further information on this opportunity, or any other jobs, please apply via the link below or contact FindCore in the strictest confidence.
Show more
Show less",Not Applicable,Full-time,Project Management,Construction and Operations Consulting
4423550196,Associate Director,AtkinsRéalis,"Glasgow, Scotland, United Kingdom",2 months ago,2026-06-10,https://uk.linkedin.com/jobs/view/associate-director-at-atkinsr%C3%A9alis-4423550196,"Overview
Take our vision into the future.
The AtkinsRéalis Infrastructure Project Delivery Practice (PDP) is the centre of excellence for the delivery of infrastructure projects and combines the best in project management and design management to provide a full suite of services to clients in the public and private sectors. We have several exciting vacancies for talented Project Managers to join our teams across the UK in our expanding Water Infrastructure market. These roles offer excellent opportunities for career driven individuals who want to take the next step in their career and be responsible for design projects from inception through to completion. These roles offer the chance to develop your career and expand your experiences across a wide range of challenging and exciting projects in the water market. Positions are likely to combine agile working from one of our hub offices, with some time spent at client offices. You will be a practicing Project Manager with project delivery experience, ideally within a consultancy environment. Working with the support of the PDP team, you will be responsible for delivering schemes to budget and programme and be the first point of contact with clients.
Your role
Delivery of project management and contract administration through the project life cycle.
Ensure a common understanding of requirements and scope, programme, costs, constraints, risk and interfaces across the team.
Management of the day-to-day client relationship.
Deliver governance arrangements for projects within business policies and procedures to ensure a robust outcome. Manage the project within client and AtkinsRéalis agreed budgets.
Negotiate and administer change control in accordance with the contract. Management of risks through the project life cycle.
Clear and accurate monitoring and reporting of project performance against programme, technical quality, financial and KPI targets, both internally and externally.
As a project leader, build, motivate, guide and develop project teams.
Cognisant delivery of projects and tasks in accordance with the AtkinsRéalis Values, Safety, Integrity, Collaboration, Innovation and Excellence.
About You
An Engineering background, with design management, project management and contract administration experience.
Experience in a Project Management position.
Experience of working in the water industry is preferable but not essential.
Experience of working with Contractor organisations, ideally in a Design & Build environment. Understands and has experience in deploying various forms of construction contract, in particular NEC3 or 4.
Experience of managing design projects or assisting in the management of projects from inception to completion.
Experience of working closely with multi-disciplinary design teams.
Excellent organisational and interpersonal skills.
Demonstrate a proactive and flexible working attitude, is adaptable and responds positively in response to challenges.
Rewards & benefits
Explore the rewards and benefits that help you thrive – at every stage of your life and your career. Enjoy competitive salaries, employee rewards and a brilliant range of benefits you can tailor to suit your own health, wellbeing, financial and lifestyle choices. Make the most of a myriad of opportunities for training and professional development to grow your skills and expertise. And combine our hybrid working culture and flexible holiday allowances to balance a great job and fulfilling personal life.
Be rewarded. Find out more.
About AtkinsRéalis
We're AtkinsRéalis, a world-class engineering services and nuclear organization. We connect people, data and technology to transform the world's'infrastructure and energy systems. Together, with our industry partners and clients, and our global team of consultants, designers, engineers and project managers, we can change the world. We're committed to leading our clients across our various end markets to engineer a better future for our planet and its people.
Find out more.
Additional information
Security clearance
This role may require security clearance and offers of employment will be dependent on obtaining the relevant level of clearance. If this is necessary, it will be discussed with you at interview. The vetting process is delivered by United Kingdom Security Vetting (UKSV) and may require candidates to provide proof of residency in the UK of 5 years or longer. If applying to this role please do not make reference to (in conversation) or include in your application or CV, details of any current or previously held security clearance.
We are committed to creating a culture where everyone feels that they belong - a place where we can all be ourselves, thrive and develop to be the best we can be. So, we offer a range of family friendly, inclusive employment policies, flexible working arrangements and employee resource groups to support all employees. As an Equal Opportunities Employer, we value applications from all backgrounds, cultures and ability.
| | #PDPractice | #PDPJOBS
Show more
Show less",Not Applicable,Full-time,Business Development and Sales,Engineering Services
4447093860,Project Manager (Water Projects - Asset Management),WSP in the UK & Ireland,"Glasgow, Scotland, United Kingdom",1 week ago,2026-07-30,https://uk.linkedin.com/jobs/view/project-manager-water-projects-asset-management-at-wsp-in-the-uk-ireland-4447093860,"Job Description
What if you could shape a career as unique as you?
At WSP, you can always find opportunities to grow and do what matters to you. Make the most of our global reach to discover new challenges and chances to work with diverse, talented individuals who will help you expand your horizons.
A Little More About Your Role…
Due to the scale of work required for AMP8, we are looking for experienced and committed individuals to join our Water team. This role will sit within the Asset Management team and will involve working with our experienced multidisciplinary teams of technical experts.
As a Project Manager within the Asset Management team, you will work on a range of infrastructure and non-infrastructure projects for a variety of water industry and industrial clients.
You will be responsible for the planning, execution, monitoring and control, and completion of a defined project or defined work packages within a range of major projects or programmes to meet the client's project objectives. This includes leading, guiding and developing multidisciplinary project teams, championing high-quality delivery, and promoting a focus on health and safety.
Your day-to-day will include….
Manage project proposals including determining project requirements, scope, resources, programme, and cost estimates (budgets) for delivering the project.
Own the P&L with associated commercial and financial accountability including revenue delivery, margin and overhead management, budget and forecast determination and attainment, risk and opportunity reviews, cost controls, accounts payable/billing and cash collection.
Develop of project management documentation including project management plans, cost estimates and forecasts, risk registers, project schedules, stakeholder registers, project organisation charts etc. to successfully delivery the project objectives.
Monitor and control the project schedule, manhours, budgets, forecasts, and expenditure.
Ensure effective contract management including contract administration and change management.
Managing project deliverables, information, and records.
Effectively and accurately communicate relevant project information to the project team and customer
Anticipate and take pre-emptive action to address issues and potential conflict situations that may impact on project delivery.
Lead multi-disciplinary project teams consisting of technical/professional staff and suppliers.
Promote a culture of continuous improvement and captures lessons learned.
What We Will Be Looking For You To Demonstrate…
Proven experience in the delivery of infrastructure projects (exposure within the regulated water industry and / or non-regulated water projects would be highly advantageous but not essential).
Working knowledge or accreditation in NEC supported with the necessary technical and practical skills to administer NEC Contracts.
Membership of professional institutions such as: Association for Project Management (APM), Project Management Institute (PMI) or Member of Institute of Civil Engineers (MICE) etc.
Proficiency in use of project management tools and software.
Demonstrate competence in stakeholder management, risk, planning/scheduling, and commercial management.
We have multiple roles to fulfil and therefore can consider a range of skills and experience, to collectively strengthen our team’s capacity and technical and applied project management capabilities.
Qualifications
MSc and/or BSc degree in a relevant discipline (e.g. civil, earth sciences, environmental science, geography).
You will have gained, or be working towards, chartership with a relevant professional body.
Imagine a better future for you and a better future for us all.
Join our close-knit community of talented individuals who share your passion for making a positive impact. Our global team includes more than 69,000 employees, working together to make a difference in communities both close to home and around the world.
With us, you can. Apply today.
About Us
We are one of the world’s leading engineering and professional services firms. Our passionate people are united by the common purpose of creating positive, long-lasting impacts on the communities we serve through a culture of innovation, integrity, and inclusion. With over 11,000 professionals across the UK and Ireland, we are dedicated to our local communities and propelled by international brainpower.
WHAT’S IN IT FOR YOU?
Work-life balance
At WSP, we understand that work is just one aspect of your life. It’s important to make time for you, your family, friends, interests and your community.
Our hybrid working policy offers the flexibility to work from home two days a week, while also providing opportunities to collaborate in our modern offices across the UK.
Inclusivity & Belonging
We welcome applicants with varied backgrounds and experiences. We enable rewarding careers by encouraging people to bring their whole and authentic selves to work so that our work represents the fullest spectrum of society. We celebrate integrity and treat people with respect, supporting each other and embracing a culture of inclusion and belonging at WSP. We have our employee resource groups bring together employees and allies with different backgrounds to promote a culture of inclusivity.
Health & Wellbeing
We are committed to supporting our people, giving you the tools to make improvements to your health and wellbeing through our Thrive programme.
Our Virtual GP service gives you access to an NHS or Irish Medical Council GP at a time and place that suits you – giving you peace of mind and quick access to medical advice when you need it most. We also provide reasonable workplace adjustments for those in need. Additionally, you can benefit from the Gymflex scheme, which offers up to 40% off annual gym memberships through our WSP flexible benefits program, as well as a comprehensive menopause support package.
Flex your time
To enhance work-life balance, WSP offers the “WSP My Hour,” allowing you to take one hour each day for personal activities, with the flexibility to make up the time earlier or later that day.
We also provide part-time and flexible working arrangements, the option to purchase additional leave, and the ability to use your bank holiday entitlement to suit you.
Your development
We understand the importance of development and training to you. That’s why we foster a supportive environment that invests in your growth, whether through training, mentoring, or Chartership.
#WeAreWSP
Here at WSP we positively encourage applications from suitably qualified and eligible candidates regardless of sex, race, disability, age, sexual orientation, gender reassignment, religion or belief, marital status, pregnancy or maternity/paternity. As a Disability Confident leader, we will interview all disabled applicants who meet the essential criteria, please let us know if you require any workplace adjustments in support of your application.
Show more
Show less",Not Applicable,Full-time,Project Management and Information Technology,Professional Services
4374038930,Cost Engineering Specialist - Water Sector,Stantec,"Glasgow, Scotland, United Kingdom",3 weeks ago,2026-07-18,https://uk.linkedin.com/jobs/view/cost-engineering-specialist-water-sector-at-stantec-4374038930,"The Opportunity
Stantec is growing a specialist engineering‑led cost capability within our Water sector to support better decision‑making on complex water and wastewater assets. This role is for engineers who think in assets, processes and systems, and who want to apply cost insight at the point where engineering choices really matter.
Our continued success in delivering for many of the UK’s leading utility providers and major infrastructure developers is bringing significant growth across our team. If you care about your community and want to be involved in delivering improvements to the environment and infrastructure, then you may well be interested in the opportunities that we have coming up for a Cost Intelligence Specialist within our Programme Management and Commercial Management team.
This role can be based from any of our UK offices, with hybrid working allowing for a great work-life balance.
Role Overview
You will work alongside water and wastewater engineers, planners and asset specialists to support optioneering, asset strategies and early‑stage scheme development for treatment works, pumping stations, networks and sludge facilities across the UK. The focus is not on cost control or commercial management, but on using engineering judgement to understand cost drivers, trade‑offs and value in infrastructure decisions.
The successful candidate will work across major programmes with clients in the water and energy sectors, focusing on optimising the financial performance of major projects and programmes.
About You
You will have experience of taking a lead role in delivering complex commercial programs and leading on cost intelligence initiatives that uncover opportunities for cost reduction and overall financial efficiency. You will have key strengths in the areas of cost modelling, estimating and cost challenge.
You will have prior experience within engineering, operations, cost analysis, financial modelling, or within similar roles, and have strong proficiency in data analysis tools, such as Excel, SQL, or Tableau.
Whilst not essential, experience within the water, energy, or related utility sectors, would be very advantageous.
Key Responsibilities
Supporting engineering optioneering by assessing how different technical options, standards and configurations affect capital and whole‑life cost
Working at asset, process group and process component level on water and wastewater schemes (e.g. treatment works, pumping stations, networks, sludge processes)
Translating engineering scope and process selections into robust, transparent cost insight that informs client recommendations
Collaborating with multi‑disciplinary teams (process, civil, MEICA, planning) to shape cost‑aware engineering solutions
Challenging cost outcomes using engineering logic and asset understanding, rather than purely financial rules
Contributing to the development of consistent cost and asset frameworks used across projects and programmes
As a senior member of our team, you will be committed to the professional development of other team members – providing guidance and mentorship to help them grow and develop their careers.
Our Team
As a member of our Programme Management and Commercial Management team, you will be joining a community of people that are passionate about providing a quality service to our clients and the customers they serve. Our roles can vary between clients, and as such we are looking for people that can:
Adapt to the challenge of working in different environments.
Be proactive in providing tailor-made programme management solutions.
Work within collaborative teams to deliver outstanding results.
WHY JOIN US
We put people first: We're proud of our friendly, inclusive and collaborative environment where everyone feels valued and driven to succeed.
We are driven to achieve: Named in the top 50 companies to work by Glassdoor 2025. Recognised by Corporate Knights as one of the world's top 10 most sustainable companies 2025. Named ‘Best Place to Work’ and ‘International Consulting Firm of the Year’ at the NCE Awards 2024.
We do what is right: Industry leading training and development as well as paid for professional subscriptions. A professional progression plan, supporting you to become chartered with ICE.
We are better together: A supportive and collaborative team environment and Early Careers peer group and wider ERG network (see more on our ERGs here: Stantec Employee Resource Groups )
Growth: We're on an exciting growth journey across the UK - we want you to be part of it!
Great Benefits: Competitive salary, bonus schemes, enhanced pension plan, annual leave with the option to buy/sell additional days, private medical insurance, group income protection & life assurance included as standard as well as discounted gym membership and lots more.
Hybrid / Flexible working: Enjoy a healthy work-life balance with our hybrid approach to flexible working.
About Stantec
The Stantec community unites more than 34,000 employees working in over 450 locations across 6 continents. We have been working with our clients and communities in the UK for over 150 years. We plan, design, deliver and manage the development and infrastructure needed to support the creation of sustainable, healthy and prosperous communities.
Our teams provide effective and relevant solutions, translating our clients’ vision into valued consents, deliverable plans for projects and programmes, and efficient designs for delivery, based on technical excellence and deep market insights. We deal with today’s challenges, but also keep a fairer, better tomorrow in sight, looking at how we deliver clean growth, support radical changes in our economy and meet the needs of future communities.
Stantec provides equal employment opportunities to all qualified employees and applicants for future and current employment and prohibit discrimination on the grounds of race, colour, religion, sex, national origin, age, marital status, genetic information, disability, sexual orientation, gender identity or gender expression. We prohibit discrimination in decisions concerning recruitment, hiring, referral, promotion, compensation, fringe benefits, job training, terminations or any other condition of employment. Stantec is in compliance with laws and regulations and ensures equitable opportunities in all aspects of employment.
Building an inspired, inclusive work environment that attracts, supports, and develops world-class talent is a crucial key to our success. If you are excited by this role but worry that your experience doesn’t exactly align, we encourage you to apply.
At Stantec we want you to perform your best at every stage of the recruitment process and are committed to ensuring it is accessible to all. If you need any support or require adjustments to be made then please contact [email protected] and we will talk to you about how we can support you.
Show more
Show less",Mid-Senior level,Full-time,Engineering and Information Technology,Business Consulting and Services
4443365425,Assistant Infrastructure Programme Manager,"Altrad UK, Ireland & Nordics","Glasgow, Scotland, United Kingdom",2 weeks ago,2026-07-21,https://uk.linkedin.com/jobs/view/assistant-infrastructure-programme-manager-at-altrad-uk-ireland-nordics-4443365425,"Assistant Infrastructure Programme Manager- Helensburgh
Working pattern: Hybrid - minimum of 2 days per week based on site in Helensburgh.
Altrad are currently looking for an experienced Assistant Infrastructure Programme Manager to join the team.
The nuclear defence sector in the UK is vital for maintaining national security and strategic stability. It offers dynamic and challenging career opportunities for individuals committed to contributing to the country's defence and security. The sector seeks talented professionals dedicated to upholding the highest standards of safety, security, and operational excellence.
About The Role
As an Assistant Infrastructure Programme Manager, you will support the delivery of a major infrastructure programme by coordinating programme governance, risk management, and long-term planning activities. Working closely with programme leadership and a range of stakeholders, you will help maintain programme controls, oversee risk management processes, and contribute to the development of future programme plans. This is an excellent opportunity for someone with strong organisational and governance experience looking to develop within a complex, highly regulated environment.
Key Deliverables
Support the management and continuous improvement of programme governance and controls.
Maintain and oversee programme risk registers, ensuring risks are reviewed, updated, and appropriately managed.
Monitor programme risks and support the implementation of mitigation actions.
Maintain programme schedules and support long-term programme planning activities.
Contribute to the development and review of future programme plans, ensuring they remain realistic, achievable, and aligned with business priorities.
Collaborate with a wide range of stakeholders to support effective programme delivery.
Prepare and present programme reports, documentation, and updates for governance meetings.
Identify opportunities to improve programme efficiency and reporting processes.
Essential
Key Requirements / Qualifications:
Experience in programme or project management, programme governance, or programme controls.
Experience managing programme risks, reporting, and governance processes.
Strong stakeholder management and communication skills with the ability to engage at all levels.
Proficient in Microsoft Office 365, particularly Excel, Word, and PowerPoint.
Excellent organisational skills with the ability to manage multiple priorities.
Ability to work independently and proactively within a collaborative team environment.
Eligible to obtain and maintain UK security clearance.
Desirable
Experience within defence, infrastructure, engineering, construction, or other highly regulated industries.
Knowledge of programme governance frameworks and risk management methodologies.
Experience supporting large-scale capital or infrastructure programmes.
Experience producing reports, presentations, and management information for senior stakeholders
Show more
Show less",Not Applicable,Full-time,Project Management and Information Technology,Industrial Machinery Manufacturing
4446885447,Senior Project Manager - Substations,SSEN Transmission,"Perth, Scotland, United Kingdom",1 week ago,2026-07-29,https://uk.linkedin.com/jobs/view/senior-project-manager-substations-at-ssen-transmission-4446885447,"Base Location:
Glasgow, Perth, Inverness or Aberdeen. If you are interested in relocating to the Western Isles, we are happy to discuss further.
Due to the location and scale of our projects, there is requirement for the Senior Project Manager to be on site, typically every 2nd week on Lewis (accessible by direct flights to & from Glasgow, Edinburgh & Inverness)
Salary:
£59,800 - £89,800 + car / allowance + performance-related bonus + a range of other benefits to support your family, finances and wellbeing.
Working Pattern:
Permanent | Full Time | Flexible First options available
The role
We are looking for a Senior Project Manager to join our SSEN Transmission, Offshore Delivery Team to deliver a 400kV & 132kV substation package within the Lewis Hub project, which forms part of our Pathway to 2030 Programme. Reporting into the Lead Project Manager, you will be responsible for the delivery of 400kV & 132kV substation package. This will include managing a multi-disciplinary project team and framework supply chain partners under the Accelerated Strategic Transmission Investment (ASTI) framework.
The scale of our portfolio of projects are large and is likely to grow in the coming years, meaning there will be opportunities for progression within the business.
You will
Be responsible for the delivery of £500m+ substation construction as part of the wider Lewis Hub, whilst managing a team of Project Managers/ Assistant Project Managers and managing escalations with external delivery contractors. You will have demonstratable experience of operating and performing at this level in a similar construction delivery environment.
Work closely with the Lead Project Manager to uphold the highest level of safety performance and ensure projects are refined, constructed and commissioned in accordance with regulatory requirements whilst championing SSEs Safety Golden Rules.
Provide end-to-end management of major NEC3 construction works contracts, including contract negotiation, commercial strategy, compensation event management, change control, dispute avoidance, and interface management, whilst acting as the commercial lead for the project team.
Support in the management of internal and external stakeholders, including framework supply chain partners from the ECI stage through construction stage, delivering to programme and budget
Provide guidance and demonstrate our core values as well as manage teams, ensuring these are highly capable, well-motivated, and organised to deliver consistent excellence.
You have
Prior experience delivering large-scale multi-disciplinary projects in a delivery role, typically on packages in excess of £50m+. Experience in the delivery of AC substations is preferred but not essential
Detailed knowledge and understanding of the Construction (Design and Management) Regulations 2015, Health and Safety at Work Act 1974 and other key relevant Health, Safety and Environmental legislation.
Excellent interpersonal and communication skills (both verbal and written) and an strong understanding of project management systems and governance for the execution of large projects.
Contract negotiation and management experience (NEC3 experience is preferable), with the ability to forecast and control costs as well as develop and manage integrated project programmes.
An engineering, construction, or project management qualification / degree or equivalent experience
About SSE
SSE has a bold ambition – to be a leading energy company in a net zero world. We're transforming the grid to provide greener electricity for millions of people and investing over £20 billion in homegrown energy, with £20 billion more in the pipeline.
SSEN Transmission own and operate the electricity transmission network across the north of Scotland. We transport energy from where it is generated to where it is needed, ensuring a safe and reliable electricity supply for the communities we serve. But that's not all – we're upgrading the grid to deliver cleaner, homegrown energy for the future and building a network for net zero to create secure power for generations to come.
Flexible Benefits To Fit Your Life
Enjoy discounts on private healthcare and gym memberships. Wellbeing benefits like a free online GP and 24/7 counselling service. Interest-free loans on tech and transport season tickets, or a new bike with our Cycle to Work scheme. As well as generous family entitlements such as maternity and adoption pay, and paternity leave.
Work with an equal opportunity employer
SSE will make any reasonable adjustments you need to ensure that your application and experience with us is positive. please contact Hannah at Hannah.e.cutajar@sse.com / 01738 341147 to discuss how we can support you.
We're dedicated to fostering an open and inclusive workplace where people from all backgrounds can thrive. We create equal opportunities for everyone to succeed and especially welcome applications from those who may not be well represented in our workforce or industry.
Ready to apply?
Start your online application using the Apply Now box on this page. We only accept applications made online. We'll be in touch after the closing date to let you know if we'll be taking your application further. If you're offered a role with SSE, you'll need to complete a criminality check and a credit check before you start work.
Show more
Show less",Not Applicable,Full-time,Project Management and Information Technology,"Utilities, Oil and Gas, and Renewable Energy Semiconductor Manufacturing"
4434638788,Water Resource Consultants | Expression of Interest,Stantec,"Glasgow, Scotland, United Kingdom",2 weeks ago,2026-07-22,https://uk.linkedin.com/jobs/view/water-resource-consultants-expression-of-interest-at-stantec-4434638788,"The Opportunity
Water is at the centre of everything. It sustains life, shapes ecosystems and underpins communities across the UK and beyond. Securing a resilient and sustainable water supply for future generations has never been more important.
AMP8 (2025–2030) marks the largest investment in UK water infrastructure since privatisation. The water industry will be responding to pressures from climate change, population growth, and increasing environmental standards , while strengthening long-term resilience. It presents a unique opportunity to develop new water resources and deliver lasting benefits for our communities and the environment.
At Stantec, our Water Resources team is supporting clients at the forefront of these challenges. We contribute to Strategic Resource Options (SROs), Water Resource Management Plans (WRMPs), Drought Plans and the Water Industry National Environmental Programme (WINEP) working in partnership with water companies, regulators, and stakeholders to shape the future of water management across the UK.
We are seeking Expressions of Interest from Water Resources professionals who enjoy collaborative, multidisciplinary work bringing together technical, environmental, and engineering expertise to help clients make informed, future-focused decisions.
About The Role
We are inviting Expressions of Interest from Water Resources Planning Consultants, from Senior level professionals through to established Technical Directors leading work areas on major projects .
In this role, you will support clients across the UK. Working both independently and as part of our wider team , you will collaborate closely with a range of specialists across our Water Environment and Engineering teams.
You will play a key role in develop ing sustainable and joined-up solutions. Your work may include contributing to or leading activities such as water resources option appraisal, environmental assessment, water resources modelling, deployable output assessments, feasibility studies, and development of regulatory submissions , helping clients plan and deliver sustainable, resilient, long-term solutions.
For more senior applicants we are particularly interested in individuals who can take a strategic view, working across disciplines to deliver results . Depending on your experience, you may also support client engagement, programme delivery, and the continued growth of our Water Resources capability and capacity .
Your Impact
Through your work, you will help shape how water resources are planned and delivered across the UK.
Whether supporting strategic plans , environmental investigations/assessments or developing new supply options, you will enable clients to make informed decisions and provide the evidence to back this up . You will play a part in work that influences long-term resilience, environmental outcomes and the sustainable management of water supplies.
About You
You bring experience from the water industry, whether from a consultancy, water company, regulatory body or related organisation.
Your background should include experience of water resources planning and may include hydrology, water resources modelling, environmental assessment, water quality, catchment management, drought planning, strategic planning, water company planning functions or related disciplines.
You must be comfortable working with technical information, interpreting data and contributing to evidence-based decision making. You should enjoy helping clients navigate complex planning, environmental and regulatory challenges.
Experience supporting Water Resource Management Plans (WRMPs), Drought Plans, Strategic Resource Options (SROs), RAPID programmes, regional planning studies, environmental assessments or wider resilience programmes would be advantageous .
Strong communication skills, intellectual curiosity and a collaborative mindset are just as important to us as any specific technical specialism. We are particularly interested in individuals who enjoy working in multidisciplinary environments and helping to develop practical, sustainable solutions to complex water resource challenges.
We do not expect you to meet every requirement listed here, so if this feels like the right direction for your career, please do get in touch.
Why Join Us
We put people first: We’re proud of our friendly, inclusive and collaborative environment where everyone feels valued and driven to succeed.
We are driven to achieve: Named in the top 50 companies to work by Glassdoor 2025. Recognised by Corporate Knights as one of the world’s top 10 most sustainable companies 2025. Named ‘Best Place to Work’ and ‘International Consulting Firm of the Year’ at the NCE Awards 2024.
We do what is right: Industry leading training and development as well as paid for professional subscriptions. A professional progression plan, supporting you to become chartered with ICE.
We are better together: A supportive and collaborative team environment and Early Careers peer group and wider ERG network (see more on our ERGs here: Stantec Employee Resource Groups).
Growth: We’re on an exciting growth journey across the UK - we want you to be part of it!
Great Benefits: Competitive salary, bonus schemes, enhanced pension plan, annual leave with the option to buy/sell additional days, private medical insurance, group income protection & life assurance included as standard as well as discounted gym membership and lots more.
Hybrid / Flexible working: Enjoy a healthy work-life balance with our hybrid approach to flexible working.
#UKWater
About Stantec
The Stantec community unites more than 32,000 employees working in over 450 locations across 6 continents. We have been working with our clients and communities in the UK for over 150 years. We plan, design, deliver and manage the development and infrastructure needed to support the creation of sustainable, healthy and prosperous communities.
Our teams provide effective and relevant solutions, translating our clients’ vision into valued consents, deliverable plans for projects and programmes, and efficient designs for delivery, based on technical excellence and deep market insights. We deal with today’s challenges, but also keep a fairer, better tomorrow in sight, looking at how we deliver clean growth, support radical changes in our economy and meet the needs of future communities.
Stantec provides equal employment opportunities to all qualified employees and applicants for future and current employment and prohibit discrimination on the grounds of race, colour, religion, sex, national origin, age, marital status, genetic information, disability, sexual orientation, gender identity or gender expression. We prohibit discrimination in decisions concerning recruitment, hiring, referral, promotion, compensation, fringe benefits, job training, terminations or any other condition of employment. Stantec is in compliance with laws and regulations and ensures equitable opportunities in all aspects of employment.
Building an inspired, inclusive work environment that attracts, supports, and develops world-class talent is a crucial key to our success. If you are excited by this role but worry that your experience doesn’t exactly align, we encourage you to apply.
At Stantec we want you to perform your best at every stage of the recruitment process and are committed to ensuring it is accessible to all. If you need any support or require adjustments to be made then please contact [email protected] and we will talk to you about how we can support you.
Show more
Show less",Mid-Senior level,Full-time,"Consulting, Information Technology, and Sales",Business Consulting and Services
4445715096,O&M Engineer (FTC till end of 2027),ScottishPower,"Glasgow, Scotland, United Kingdom",1 week ago,2026-07-28,https://uk.linkedin.com/jobs/view/o-m-engineer-ftc-till-end-of-2027-at-scottishpower-4445715096,"Job Title
O&M Engineer- Technical Projects (Fixed Term Contract till End of 2027)
Location
Glasgow, London or Lowestoft
Salary from £50,400, up to 10% bonus and health cover
Flexible Working Pattern
Help us create a better future, quicker
The O&M Engineer - Technical Projects will join the new Technical Management Team within Offshore Wind Operation & Maintenance (O&M) - Operations Engineering.
The team plays a critical role within the operation and maintenance division of the offshore business to support asset performance and growth objectives as our offshore facilities expand. We work both in support of our existing operational sites and contribute to the development of our future wind farms. The team sits within the wider Operations Engineering team, which is responsible for asset performance and technical integrity (electrical, mechanical, SCADA, structural, turbines).
We are looking for an engaged technical project engineer to join the team to deliver technical projects, drive forward continuous improvement initiatives, and prepare for and support the adoption of digital tools. There will be a particular focus on standardisation, innovation, optimisation of onshore/offshore workscopes and capturing of lessons learned. As part of this, there will be the opportunity to develop small-scale digital tools in-house using coding and low-code coding tools, in support of team activities and technical engineering issues.
This role is a unique opportunity to work with a variety of teams and disciplines across the business and observe the impacts of your efforts.
What You’ll Be Doing
You will be responsible for the delivery of assigned technical projects from initiation to completion to achieve project objectives within designated timelines, budgets, Health, Safety and Environment (HSE), legal, regulatory and quality requirements.
Technical projects will include support to operational, inspection and maintenance activities, capturing operational experience and inputting this to new wind farm projects, identifying, preparing for and managing implementation of digital tools as well as developing technical specifications, strategies, processes and procedures. This will aid the Operations Engineering Team in striving for efficiency and excellence in delivering safe, reliable and efficient asset performance and in implementing a successful asset management system.
We will look to you to identify opportunities and deliver improvements in maintenance strategies, repair solutions, risk mitigation, processes and ways of working. You will have a role in capturing and sharing insights, best practice and lessons learned, and sharing across our operational sites and future wind farms under development, fostering collaboration and continuous improvement.
Define and govern O&M data requirements and handover standards, ensuring the successful transition of asset, maintenance and technical data from project delivery teams, OEMs and contractors into operational systems and business processes, supporting operational readiness and long-term asset management.
You will interface with, and coordinate the technical inputs, of internal engineering and site teams and contractors to ensure productive relationships and a high-quality technical input
What You’ll Bring
Our ideal candidate for this role will possess sound technical knowledge relevant to the offshore wind industry (e.g. structures, cables, high voltage equipment, SCADA, electronics and data analysis), combined with proven project engineering and/or project management experience and a strong digital mindset.
Additionally, experience identifying, implementing or developing digital solutions to support engineering, maintenance and asset management activities would be advantageous (e.g. Microsoft Power Platform, Python, SAP PM/CMMS systems and data analytics platforms).
Experience with Computerised Maintenance Management Systems (CMMS), particularly SAP Plant Maintenance (SAP PM), would be advantageous, including asset data management, maintenance planning, work management and project-to-operations data transitions.
You will have well-developed report writing and presentation skills, along with excellent organisational and communication skills. Be a proactive team player with experience and skills working in multi-discipline projects, in an international environment, and have confidence working with management with an ability to influence and develop key project and business decisions.
We are looking for you to hold experience in working on continuous improvement projects and optimising ways of working with tenacity, persistence and determination to succeed in overcoming obstacles with innovative and creative thinking within the engineering fields and in adoption of digital tools.
You will possess excellent planning and analysis skills with the ability to look forward and anticipate problems and thereafter plan and implement mitigating solutions.
What’s In It For You
As well as a competitive salary which is reviewed annually, you can also enjoy a number of other benefits. With our pension scheme, we’ll double match your contribution up to a company contribution of 10%.
Benefits
At ScottishPower, we believe it’s the little things we do in life that make a big difference. From helping you look after your family’s wellbeing, save for your future and take personal steps for climate action – our benefits are designed to help you do just that - so that you have everything you need to take care of your world – today and tomorrow. That’s why our benefits include:
36 days annual leave
Holiday Purchase – perfect your work/life balance with extra annual leave
Share Schemes
Payroll Giving and Charity Matched Funding
Technology Vouchers – save more and spread the cost of your technology purchases
Electric Vehicle Schemes – to help you transition to green/clean driving
Cycle to Work scheme and Public Transport Season Ticket Loans
Healthcare benefit options including: Dental Insurance, Private Medical Insurance, Health Cash Plan and annual Health Assessments
Life Assurance (4x salary)
Access to Savesmart financial wellbeing support
Plus shopping, leisure, restaurant and gym discounts, and unique employee deals on travel insurance and more
Why ScottishPower
ScottishPower is part of the Iberdrola Group, one of the world’s largest integrated utility companies and a world leader in wind energy. With a commitment to generate all of our energy from renewable resources and a drive to create the energy infrastructure of the future, we’re at the forefront of the journey to Net Zero and investing over £6m every working day to make this happen. With diverse opportunities across our businesses and a commitment to invest in our own internal talent, ScottishPower can offer people real career opportunities that meet personal and professional goals, in a global organisation.
Inclusion, diversity, and a social purpose are at the heart of everything we do. Together with our values, they bring us together into a stronger, more sustainable business with direct links to the communities we serve. It takes all kinds of people to build a large-scale business like ours, so whatever your background, you’ll fit right in.
ScottishPower is committed to providing reasonable support or adjustments in our recruiting processes for candidates with disabilities, long term conditions, mental health conditions, or who are neurodivergent or require pregnancy-related support. If you need support, please reach out to careers@scottishpower.com.
Mobility
Please note that any applicant who is not a citizen of the country of the vacancy will be subject to compliance with the applicable immigration requirements to legally work in that country. If/when required, the Company will support the employee with the necessary Immigration requirements.
IMPORTANT
Advert will close at 23:59 GMT the day before
Job Posting End Date
below
August-12-2026
Show more
Show less",Not Applicable,Full-time,Engineering and Information Technology,Utilities
4444320807,Senior Project Engineer,Siemens Energy,"Glasgow, Scotland, United Kingdom",2 weeks ago,2026-07-24,https://uk.linkedin.com/jobs/view/senior-project-engineer-at-siemens-energy-4444320807,"A Snapshot of Your Day
As a Senior Project Engineer within the Grid Technologies Substations Project Management team, you will play a key part in delivering substation projects for major clients across the UK & Ireland. Created to support business continuity and an expanding project portfolio, this position combines hands-on project oversight with people leadership. You will focus on guiding and developing a team of project professionals, ensuring robust project governance throughout, managing commercial and stakeholder relationships, and delivering EPC substation projects. Working closely with internal teams and external partners, you will ensure projects are delivered safely, on time, within budget, and to agreed quality standards.
How You’ll Make An Impact
Lead, mentor, and develop a team of project professionals by setting clear objectives, supporting performance development, and fostering a collaborative working environment.
Oversee the end-to-end delivery of substation projects, ensuring they are completed safely, on time, within budget, and to the required quality standards.
Implement and maintain effective project governance, including robust planning, risk and opportunity management, and structured change control.
Act as an escalation point for complex project challenges, supporting timely decision-making and effective issue resolution.
Manage relationships with clients, suppliers, and subcontractors to ensure alignment, transparency, and successful project outcomes.
Contribute to continuous improvement by enhancing project management processes, team capability, and overall delivery performance.
What You Bring
Strong background in managing engineering deliverables, ensuring compliance with industry standards and client specifications, and coordinating with project managers, contractors, and stakeholders to deliver projects safely, on schedule, and within budget.
Significant experience in managing engineering projects, ideally within the energy, power transmission, or substation environment.
Proven experience in leading and supervising professional project teams, with a focus on performance, development, and accountability.
Strong capability in applying formal project management methodologies, governance frameworks, and full project lifecycle delivery.
Demonstrated commercial awareness, including responsibility for budgeting, forecasting, cost control, and financial reporting.
Well-developed stakeholder management, negotiation, and communication skills across internal and external interfaces.
A relevant engineering degree is preferred, with a Project Management Professional (PMP) certification considered an advantage.
Chartered Engineer (CEng) – advantageous.
Primary Plant Engineering knowledge.
Secondary & Protection Systems knowledge - advantageous.
Experience in Health, Safety, and Quality Compliance.
Experience in Programmes/Scheduling.
NEC3 & NEC4 Contract Support.
About The Team
Our Grid Technology division enables a reliable, sustainable, and digital grid. The power grid is the backbone of the energy transition. Siemens Energy offers a leading portfolio and solutions in HVDC transmission, grid stabilization and storage, high voltage switchgears and transformers, and digital grid technology.
Who is Siemens Energy?
At Siemens Energy, we are more than just an energy technology company. With ~100,000 dedicated employees in more than 90 countries, we develop the energy systems of the future, ensuring that the growing energy demand of the global community is met reliably and sustainably. The technologies created in our research departments and factories drive the energy transition and provide the base for one sixth of the world’s electricity generation.
Our global team is committed to making sustainable, reliable, and affordable energy a reality by pushing the boundaries of what is possible. We uphold a 150-year legacy of innovation that encourages our search for people who will support our focus on decarbonization, new technologies, and energy transformation.
Find out how you can make a difference at Siemens Energy: Siemens Energy Employee Video
Our Commitment to Diversity
Lucky for us, we are not all the same. Through diversity, we generate power. We run on inclusion, and our combined creative energy is fueled by over 130 nationalities. Siemens Energy celebrates character – no matter what ethnic background, gender, age, religion, identity, or disability. We energize society, all of society, and we do not discriminate based on our differences.
Rewards/Benefits
Opportunities to work with a global team
Opportunities to work on and lead a variety of innovative projects
Remote/Flexible work
Time off/Paid holidays and parental leave
Continual learning through the Learn@Siemens-Energy platform
Show more
Show less",Not Applicable,Full-time,Project Management,"Appliances, Electrical, and Electronics Manufacturing"
4449153035,Design Manager - Water Sector,Stantec,"Edinburgh, Scotland, United Kingdom",3 days ago,2026-08-05,https://uk.linkedin.com/jobs/view/design-manager-water-sector-at-stantec-4449153035,"The Opportunity
Do you have a passion for engineering and a desire to make a real difference?
Owing to our ongoing client relationships across the country, our teams are tackling an exciting range of projects across the regulated water industry. These opportunities are enabling us to continue our growth, and we are looking to appoint a Design Manager to support major programmes in Scotland.
This role can be based from our offices in Edinburgh or Glasgow. This is a unique opportunity to join a team with significant growth plans, with hybrid working allowing for a great work-life balance.
About The Role
As a Design Manager, you won't just be drawing up plans; you'll be leading them. This is your chance to:
Lead a talented team to deliver impactful water projects, from initial concept to detailed design. You'll foster a collaborative and innovative environment where new ideas are welcomed.
Work on award-winning initiatives; you'll be involved in a variety of projects across clean water, wastewater, flood risk, and urban drainage.
Influence the future of the industry by partnering with major clients across the UK
YOUR IMPACT
As a Design Manager, you will be the technical lead, working alongside the Project Manager to ensure we deliver best value and service excellence. You will play a key role in ensuring the successful delivery of major projects, bringing together skillsets from multiple disciplines.
You will oversee all aspects of delivery, holding roles that may include delivery of design & build projects, detailed design delivery and owners engineer services – all requiring complex multi-disciplinary collaboration both internally and externally.
You'll be responsible for planning and leading the technical delivery of projects, collaborating closely with clients, and guiding your multidisciplinary team every step of the way. You'll also have direct access to our world-class global network of experts, providing you with the tools and knowledge to deliver leading-edge designs.
About You
We are looking for someone who has a passion for solving engineering problems, the ability to lead and inspire, and the confidence to drive through challenging solutions.
We Are Looking For
You will be an experienced Engineer, with strong technical expertise in the likes of Civils, Mechanical and Electrical, Process or any other relevant discipline
You will ideally be chartered with a relevant engineering institution; support can be given to achieve this if required
Demonstrable experience leading and managing multidisciplinary engineering teams and managing multiple projects and stakeholders. Previous experience of major projects is highly desirable
We have opportunities for differing levels of seniority, so if you are looking to develop your leadership career, we'll support you on your journey.
WHY JOIN US
We put people first: We're proud of our friendly, inclusive and collaborative environment where everyone feels valued and driven to succeed.
We are driven to achieve: Named in the top 50 companies to work by Glassdoor 2025. Recognised by Corporate Knights as one of the world's top 10 most sustainable companies 2025. Named ‘Best Place to Work’ and ‘International Consulting Firm of the Year’ at the NCE Awards 2024.
We do what is right: Industry leading training and development as well as paid for professional subscriptions. A p rofessional progression plan, supporting you to become chartered with ICE.
We are better together: A supportive and collaborative team environment and Early Careers peer group and wider ERG network (see more on our ERGs here: Stantec Employee Resource Groups )
Growth: We're on an exciting growth journey across the UK - we want you to be part of it!
Great Benefits: Competitive salary, bonus schemes, enhanced pension plan, annual leave with the option to buy/sell additional days, private medical insurance, group income protection & life assurance included as standard as well as discounted gym membership and lots more.
Hybrid / Flexible working: Enjoy a healthy work-life balance with our hybrid approach to flexible working.
About Stantec
The Stantec community unites more than 34,000 employees working in over 450 locations across 6 continents. We have been working with our clients and communities in the UK for over 150 years. We plan, design, deliver and manage the development and infrastructure needed to support the creation of sustainable, healthy and prosperous communities.
Our teams provide effective and relevant solutions, translating our clients’ vision into valued consents, deliverable plans for projects and programmes, and efficient designs for delivery, based on technical excellence and deep market insights. We deal with today’s challenges, but also keep a fairer, better tomorrow in sight, looking at how we deliver clean growth, support radical changes in our economy and meet the needs of future communities.
Stantec provides equal employment opportunities to all qualified employees and applicants for future and current employment and prohibit discrimination on the grounds of race, colour, religion, sex, national origin, age, marital status, genetic information, disability, sexual orientation, gender identity or gender expression. We prohibit discrimination in decisions concerning recruitment, hiring, referral, promotion, compensation, fringe benefits, job training, terminations or any other condition of employment. Stantec is in compliance with laws and regulations and ensures equitable opportunities in all aspects of employment.
Building an inspired, inclusive work environment that attracts, supports, and develops world-class talent is a crucial key to our success. If you are excited by this role but worry that your experience doesn’t exactly align, we encourage you to apply.
At Stantec we want you to perform your best at every stage of the recruitment process and are committed to ensuring it is accessible to all. If you need any support or require adjustments to be made then please contact [email protected] and we will talk to you about how we can support you.
Show more
Show less",Mid-Senior level,Full-time,"Design, Art/Creative, and Information Technology",Business Consulting and Services
4414465545,Expression of Interest - Design Manager - Water Sector,Stantec,"Edinburgh, Scotland, United Kingdom",1 day ago,2026-08-08,https://uk.linkedin.com/jobs/view/expression-of-interest-design-manager-water-sector-at-stantec-4414465545,"The Opportunity
This is an Expression of Interest to join Stantec's Water business as a Design Manager. This is open across the UK.
About The Role
As a Design Manager, you won't just be drawing up plans; you'll be leading them. This is your chance to:
Lead a talented team to deliver impactful water projects, from initial concept to detailed design. You'll foster a collaborative and innovative environment where new ideas are welcomed.
Work on award-winning initiatives; you'll be involved in a variety of projects across clean water, wastewater, flood risk, and urban drainage.
Influence the future of the industry by partnering with major clients across the UK
YOUR IMPACT
As a Design Manager, you will be the technical lead, working alongside the Project Manager to ensure we deliver best value and service excellence. You will play a key role in ensuring the successful delivery of major projects, bringing together skillsets from multiple disciplines.
You will oversee all aspects of delivery, holding roles that may include delivery of design & build projects, detailed design delivery and owners engineer services – all requiring complex multi-disciplinary collaboration both internally and externally.
You'll be responsible for planning and leading the technical delivery of projects, collaborating closely with clients, and guiding your multidisciplinary team every step of the way. You'll also have direct access to our world-class global network of experts, providing you with the tools and knowledge to deliver leading-edge designs.
About You
We are looking for someone who has a passion for solving engineering problems, the ability to lead and inspire, and the confidence to drive through challenging solutions.
We Are Looking For
You will be an experienced Engineer, with strong technical expertise in the likes of Civils, Mechanical and Electrical, Process or any other relevant discipline
You will ideally be chartered with a relevant engineering institution; support can be given to achieve this if required
Demonstrable experience leading and managing multidisciplinary engineering teams and managing multiple projects and stakeholders. Previous experience of major projects is highly desirable
We have opportunities for differing levels of seniority, so if you are looking to develop your leadership career, we'll support you on your journey.
WHY JOIN US
We put people first: We're proud of our friendly, inclusive and collaborative environment where everyone feels valued and driven to succeed.
We are driven to achieve: Named in the top 50 companies to work by Glassdoor 2025. Recognised by Corporate Knights as one of the world's top 10 most sustainable companies 2025. Named ‘Best Place to Work’ and ‘International Consulting Firm of the Year’ at the NCE Awards 2024.
We do what is right: Industry leading training and development as well as paid for professional subscriptions. A p rofessional progression plan, supporting you to become chartered with ICE.
We are better together: A supportive and collaborative team environment and Early Careers peer group and wider ERG network (see more on our ERGs here: Stantec Employee Resource Groups )
Growth: We're on an exciting growth journey across the UK - we want you to be part of it!
Great Benefits: Competitive salary, bonus schemes, enhanced pension plan, annual leave with the option to buy/sell additional days, private medical insurance, group income protection & life assurance included as standard as well as discounted gym membership and lots more.
Hybrid / Flexible working: Enjoy a healthy work-life balance with our hybrid approach to flexible working.
About Stantec
The Stantec community unites more than 34,000 employees working in over 450 locations across 6 continents. We have been working with our clients and communities in the UK for over 150 years. We plan, design, deliver and manage the development and infrastructure needed to support the creation of sustainable, healthy and prosperous communities.
Our teams provide effective and relevant solutions, translating our clients’ vision into valued consents, deliverable plans for projects and programmes, and efficient designs for delivery, based on technical excellence and deep market insights. We deal with today’s challenges, but also keep a fairer, better tomorrow in sight, looking at how we deliver clean growth, support radical changes in our economy and meet the needs of future communities.
Stantec provides equal employment opportunities to all qualified employees and applicants for future and current employment and prohibit discrimination on the grounds of race, colour, religion, sex, national origin, age, marital status, genetic information, disability, sexual orientation, gender identity or gender expression. We prohibit discrimination in decisions concerning recruitment, hiring, referral, promotion, compensation, fringe benefits, job training, terminations or any other condition of employment. Stantec is in compliance with laws and regulations and ensures equitable opportunities in all aspects of employment.
Building an inspired, inclusive work environment that attracts, supports, and develops world-class talent is a crucial key to our success. If you are excited by this role but worry that your experience doesn’t exactly align, we encourage you to apply.
At Stantec we want you to perform your best at every stage of the recruitment process and are committed to ensuring it is accessible to all. If you need any support or require adjustments to be made then please contact [email protected] and we will talk to you about how we can support you.
Show more
Show less",Mid-Senior level,Full-time,"Design, Art/Creative, and Information Technology",Business Consulting and Services
4448214130,Graduate Project Manager (Energy) - Edinburgh - 2027,Stantec,"Edinburgh, Scotland, United Kingdom",5 days ago,2026-08-03,https://uk.linkedin.com/jobs/view/graduate-project-manager-energy-edinburgh-2027-at-stantec-4448214130,"The Opportunity
With Every Community, Stantec Redefines What’s Possible.
Application Deadline: Recruitment is ongoing. Please apply as soon as possible as the advert may close once we have sufficient applicants.
The Opportunity
Join our 2027 Graduate Programme as a
Graduate Project Manager
in our vibrant
Edinburgh
office, where you will be part of a market-leading Energy team.
About The Role
As a Graduate Project Manager, you will balance technical learning with practical project delivery to support the energy sector across the UK. You will operate within our growing Energy team, which includes a dedicated Project Management discipline of circa 20 specialists. Your core responsibilities include:
Invoicing & Financial Support: Assisting with the financial management of projects, including processing invoices and tracking project spend.
Meeting Support: Providing essential administration for project meetings, including capturing accurate minutes and tracking action items.
Cost Monitoring & Estimating: Assisting with project cost controls, budget monitoring, and the development of initial budget estimates.
Scheduling Support: Supporting the creation, maintenance, and tracking of project schedules and timelines.
Subcontractor Management: Helping coordinate and manage third-party subcontractors to ensure deliverables align with project needs.
We are committed to supporting employees in achieving relevant professional qualifications and accreditation. The applicable professional qualification for this role is
Chartered Project Professional (ChPP)
status with the
Association for Project Management (APM)
. You will actively follow the APM pathway to achieve this milestone.
Your Impact
This role is fundamental to securing the future of energy sustainability and infrastructure across the UK. By supporting critical projects in Hydropower and Dams, Transmission & Distribution (T&D), Nuclear, and Energy from Waste, you will contribute to the long-term resilience of our national infrastructure and the transition to cleaner energy. Your work will directly influence how communities adapt to shifting energy demands and climate goals, moving beyond simple task coordination to help deliver complex engineering projects. Ultimately, your contributions will help define the national roadmap for energy security, ensuring a positive, lasting legacy for the clients and communities we serve.
Take a look at our Energy business line here: Energy Consulting Services | Stantec , and review the career journey of some of our early careers’ professionals here: Career Stories | Stantec
About You
At Stantec, we value your potential over past experience. Along with a minimum of a Bachelor’s degree in Project/ Business Management, and a keen interest in the Energy sector, you'll be:-
An adapter: you’re able to remain calm in new and changing situations, comfortably switching between a variety of dynamic and exciting tasks.
A Perseverer: you stay composed in the face of setbacks, approaching challenges with confidence and determination.
A focussed individual: you focus on what matters, tuning out distractions to perform effectively in any situation.
An Eager Learner: you learn from your experiences and the world around you, using this knowledge to anticipate how situations may unfold.
A Collaborator: you work effectively with lots of different people, considering other’s perspectives to shape better outcomes.
Please note, we ask our graduates to come into the office 4 days per week, to ensure that you receive sufficient time with your team and receive the appropriate level of support.
Applicants must have an unconditional right to live and work in the UK for an indefinite period without limitation.
Why Join Us?
What We Can Offer You
A competitive salary
Private medical insurance
A range of benefits, including holiday buy and sell, group income protection and life assurance
Permanent employment contract to demonstrate our commitment to your long-term career at Stantec
Professional progression plan, supporting you to gain professional chartership
A supportive and collaborative team environment and Early Careers peer group and wider ERG network (see more on our ERGs here: Stantec Employee Resource Groups )
Please take a look at our Graduate FAQs (
Graduate Application FAQs
) if you have any questions. We look forward to receiving your application!
#StantecNextGen #StantecCareers #UKGraduate
About Stantec
The Stantec community unites more than 34,000 employees working in over 450 locations across 6 continents. We have been working with our clients and communities in the UK for over 150 years. We plan, design, deliver and manage the development and infrastructure needed to support the creation of sustainable, healthy and prosperous communities.
Our teams provide effective and relevant solutions, translating our clients’ vision into valued consents, deliverable plans for projects and programmes, and efficient designs for delivery, based on technical excellence and deep market insights. We deal with today’s challenges, but also keep a fairer, better tomorrow in sight, looking at how we deliver clean growth, support radical changes in our economy and meet the needs of future communities.
Stantec provides equal employment opportunities to all qualified employees and applicants for future and current employment and prohibit discrimination on the grounds of race, colour, religion, sex, national origin, age, marital status, genetic information, disability, sexual orientation, gender identity or gender expression. We prohibit discrimination in decisions concerning recruitment, hiring, referral, promotion, compensation, fringe benefits, job training, terminations or any other condition of employment. Stantec is in compliance with laws and regulations and ensures equitable opportunities in all aspects of employment.
Building an inspired, inclusive work environment that attracts, supports, and develops world-class talent is a crucial key to our success. If you are excited by this role but worry that your experience doesn’t exactly align, we encourage you to apply.
At Stantec we want you to perform your best at every stage of the recruitment process and are committed to ensuring it is accessible to all. If you need any support or require adjustments to be made, then please contact [email protected] and we will talk to you about how we can support you.
Show more
Show less",Entry level,Full-time,Project Management and Information Technology,Business Consulting and Services
4435695229,Principal Engineer/ Technical Manager,Sweco,"Edinburgh, Scotland, United Kingdom",1 week ago,2026-07-31,https://uk.linkedin.com/jobs/view/principal-engineer-technical-manager-at-sweco-4435695229,"Let’s transform society together…
We’re Sweco.
We’re future planners, city shapers, urban innovators, digital transformers, net zero chasers, community connectors, social enterprisers and lifestyle improvers.
We’re difference makers.
We’re Europe’s leading design, engineering, environment and regulatory consultancy and we’re now recruiting for a
Principal Engineer/Technical Manager
to join our Highways team in
Edinburgh.
This role can be worked flexibly, with a minimum of 3 days per week in the office and the option of adjusted start and finish times.
Our highways engineering teams are recognised industry leaders and operate across several markets including strategic roads, local roads, urban city/town centre interventions, renewable energy infrastructure schemes and private developments. Some of our recent projects include a wide-ranging National Highways portfolio of projects, Cross Tay Link Road, Aberdeen South Harbour Link Road, Bertha Park Link Road and Perth Active Travel. We use the latest design software and techniques to produce innovative and efficient design solutions for our clients, with safety and sustainability at the forefront of our minds.
What does the role involve?
Working with Sweco will give you the opportunity to work on landmark projects and schemes of all shapes and sizes. You will also learn from people who share a passion for working together with our customers to deliver technical excellence.
Working in the highways team, you will work across all project stages, from inception through to detailed design, and have the opportunity to support our highways, drainage and pavement disciplines. Our highways team works on a wide range of local, regional and national projects, giving you the opportunity to broaden your expertise and work collaboratively.
You will lead and manage roads and infrastructure projects, or act as design manager or civil technical lead as part of a multidisciplinary project, for major trunk road improvements, local road improvements, renewable energy infrastructure, placemaking, active travel and public realm schemes.
You Will Be Responsible For
Leading and project managing roads and infrastructure projects ensuring quality, safety, and compliance with standards.
Taking responsibility for design management and coordination to deliver integrated design solutions for our projects.
Collaborating with multidisciplinary teams to deliver integrated and sustainable solutions.
Ensuring deliverables are carried out within agreed timescales and budgets.
Providing technical guidance and mentorship to junior engineers and technicians.
Engaging with clients and stakeholders to understand their needs and provide expert advice.
Preparing and reviewing technical reports, feasibility studies and design documentation.
Driving technical excellence across project delivery.
To Be Successful In This Role, You Will Have
A relevant professional qualification, for example a degree in engineering.
CEng certification.
Good interpersonal and communication skills, both written and verbal, with the ability to communicate different design options to internal and external stakeholders.
The ability to lead project teams effectively and support their technical development.
A desire to learn, progress and challenge yourself.
You will demonstrate an overall understanding of the following technical areas:
Experience of undertaking geometric design in accordance with DMRB, local authority standards, Cycle by Design and LTN 1/20 Cycle Infrastructure Design, using Civil 3D software.
Ability to review designs holistically and coordinate inputs from multiple disciplines to ensure designs are suitable, buildable and of high quality.
Experience of undertaking drainage design in accordance with the DMRB, CIRIA SuDS Manual and other associated national design standards, including Sewers for Adoption and Sewers for Scotland.
Good understanding and application of highway regulations and guidance such as Manual for Streets, DMRB, TSRGD, MCHW and Traffic Signs Manual.
What’s in it for you?
This is an exciting time to join Sweco. If you want to be part of a company that is agile and collaborative, while still large enough to provide a diverse and exciting workload, this job is for you.
You will continue to learn from experienced people who share a passion for working together with our clients to deliver technical excellence.
If you possess the skills we are looking for and are eager to join a company that offers real opportunities for career advancement, we would love to hear from you.
Let’s work together to transform society at Sweco!
Employee Benefits
Flexible and hybrid working (Flexworks Policy)
Competitive pension contribution
Life Assurance
Private Medical Insurance
Company car or car allowance
Discretionary Annual Bonus Scheme
Payment of two relevant professional subscriptions
25 days holiday plus bank holidays (with the option to purchase up to 5 additional days per year)
Cycle2Work Scheme
Employee Assistance Programme (wellbeing, mental health, financial and work advice)
Employee discounts via Sweco Benefit Select (Faircare)
Salary Sacrifice Electric Vehicle Scheme
We plant a tree for all new starters!
About Us
Transforming society together, we're planning and designing sustainable communities and cities of the future.
Solving the great societal challenges of our time is more relevant, demanding and inspiring than ever before. At Sweco, we bring together experts with different perspectives and skills to develop solutions that address the challenges of urbanisation, harness the positive power of digitalisation and make societies more sustainable.
We offer our clients a combination of global expertise and local presence, adapted to their business and reality. Our ambition is to be our clients’ most relevant partner, working together to help them solve their challenges, today and into the future.
Sweco is committed to enabling all its colleagues to achieve a great balance between work and their other priorities, such as caring responsibilities, leisure activities, further learning or other interests. We offer flexible start and finish times, part time and hybrid working options so that you can flex your hours around your day to day needs.
Equality, Diversity & Inclusion
It’s important to us that that all our colleagues thrive at work - we strive to have a friendly and inclusive culture which respects the contribution individuals can bring to Sweco. We aim to promote equality, inclusivity and diversity for everyone.
Here at Sweco we positively encourage applications from suitably qualified and eligible candidates regardless of sex, race, disability, age, sexual orientation, gender reassignment, religion or belief, marital status, pregnancy or maternity/paternity.
We have signed the Armed Forces Covenant to ensure those who serve or have served, and their families, are treated fairly. To find out more
The Armed Forces Covenant - Our Commitments | Sweco UK .
We are an accredited Real Living Wage Employer which reflects our commitment to fair pay and support for all colleagues.
We are also proud to be a Disability Confident Committed employer, and will interview applicants covered by the Equality Act 2010 that opt into the guaranteed interview scheme on the application form and meet the minimum criteria for the role.
If I have a disability, can I get help
(e.g. “reasonable adjustments”) with the application process?
If you’re an applicant with a disability that requires a reasonable accommodation to complete any part of the application process or are limited in the ability or unable to use the online application system and need an alternative method for applying, please contact
GB_Function-HR-Resourcing@sweco.co.uk
for assistance.
In order to address your request the following information is needed:
Name
The best method for contacting you (Phone or email)
The position title
Requisition/vacancy number
Upon receipt of this information, we’ll respond to you promptly to obtain more information about your request.
Please note: we reserve the right to close vacancies before the advertised closing date.
Sweco UK&I have an internal resourcing team who are responsible for all recruiting activity. We have a Preferred Supplier List of trusted agencies who we work with on those “hard to fill” roles.
We have defined processes for recruitment applications and it is company policy not to accept speculative CVs. Any speculative CVs received into the business (whether to a manager or member of the resourcing team) will become the property of Sweco and the agency will not be eligible for an introductory fee.
Our Preferred Supplier List was reviewed in November 2025 and we are not looking to add any additional agencies. We’ll be reviewing the PSL again at the end of 2026 and non-compliance with the above statements could be detrimental to you having the opportunity to be included.
Our Talent Community for experienced professionals is a great way to keep up to date with our latest news, insights, future vacancies, as well as gaining access to exclusive events hosted by our experts.
To learn more Join Our Talent Community - Sweco United Kingdom
Show more
Show less",Not Applicable,Full-time,Engineering and Information Technology,"Civil Engineering, Architecture and Planning, and Environmental Services"
